"","rfid","project_name","barcode","library","comments","flag","full_run_id"
"1","933000120138344","u01_olivier_george_cocaine","CGTACGTA","Riptide01",NA,NA,"200221_A00953_0069_BH5T5LDSXY"
"2","933000120117321","u01_olivier_george_cocaine","AGCTAGCT","Riptide01",NA,NA,"200221_A00953_0069_BH5T5LDSXY"
"3","933000120117313","u01_olivier_george_cocaine","GCTTAACG","Riptide01",NA,NA,"200221_A00953_0069_BH5T5LDSXY"
"4","933000120138643","u01_olivier_george_cocaine","ATCCGGTA","Riptide01",NA,NA,"200221_A00953_0069_BH5T5LDSXY"
"5","933000120138346","u01_olivier_george_cocaine","TAGGCCAT","Riptide01",NA,NA,"200221_A00953_0069_BH5T5LDSXY"
"6","933000120138354","u01_olivier_george_cocaine","GCTACGAT","Riptide01",NA,NA,"200221_A00953_0069_BH5T5LDSXY"
"7","933000120124697","u01_olivier_george_cocaine","GATCAGCT","Riptide01",NA,NA,"200221_A00953_0069_BH5T5LDSXY"
"8","933000120117329","u01_olivier_george_cocaine","AACGTTGC","Riptide01",NA,NA,"200221_A00953_0069_BH5T5LDSXY"
"9","933000120117342","u01_olivier_george_cocaine","GACTTCAG","Riptide01","Original RFID was 933000120157342","Suspect RFID","200221_A00953_0069_BH5T5LDSXY"
"10","933000120138578","u01_olivier_george_cocaine","GAGTTCAC","Riptide01",NA,NA,"200221_A00953_0069_BH5T5LDSXY"
"11","933000120138348","u01_olivier_george_cocaine","GGATTAGG","Riptide01",NA,NA,"200221_A00953_0069_BH5T5LDSXY"
"12","933000120138559","u01_olivier_george_cocaine","TGGTCTAG","Riptide01",NA,NA,"200221_A00953_0069_BH5T5LDSXY"
"13","933000120138632","u01_olivier_george_cocaine","AGGAACGT","Riptide01",NA,NA,"200221_A00953_0069_BH5T5LDSXY"
"14","933000120138293","u01_olivier_george_cocaine","AGGTAGGT","Riptide01",NA,NA,"200221_A00953_0069_BH5T5LDSXY"
"15","933000120138569","u01_olivier_george_cocaine","GTACCAAC","Riptide01",NA,NA,"200221_A00953_0069_BH5T5LDSXY"
"16","933000120138558","u01_olivier_george_cocaine","GACATCAC","Riptide01",NA,NA,"200221_A00953_0069_BH5T5LDSXY"
"17","933000120138351","u01_olivier_george_cocaine","CTGTACAG","Riptide01",NA,NA,"200221_A00953_0069_BH5T5LDSXY"
"18","933000120117332","u01_olivier_george_cocaine","CTAGAGCT","Riptide01",NA,NA,"200221_A00953_0069_BH5T5LDSXY"
"19","933000120117307","u01_olivier_george_cocaine","CGTAGCAT","Riptide01",NA,NA,"200221_A00953_0069_BH5T5LDSXY"
"20","933000120138304","u01_olivier_george_cocaine","TGCACAAC","Riptide01",NA,NA,"200221_A00953_0069_BH5T5LDSXY"
"21","933000120138394","u01_olivier_george_cocaine","ACCAAGGA","Riptide01",NA,NA,"200221_A00953_0069_BH5T5LDSXY"
"22","933000120138403","u01_olivier_george_cocaine","GCGCTATA","Riptide01",NA,NA,"200221_A00953_0069_BH5T5LDSXY"
"23","933000120138400","u01_olivier_george_cocaine","GAACCATC","Riptide01",NA,NA,"200221_A00953_0069_BH5T5LDSXY"
"24","933000120138336","u01_olivier_george_cocaine","CTACCATC","Riptide01",NA,NA,"200221_A00953_0069_BH5T5LDSXY"
"25","933000120138398","u01_olivier_george_cocaine","CTAGCTAG","Riptide01",NA,NA,"200221_A00953_0069_BH5T5LDSXY"
"26","933000120117324","u01_olivier_george_cocaine","CAGTCAGT","Riptide01",NA,NA,"200221_A00953_0069_BH5T5LDSXY"
"27","933000120138321","u01_olivier_george_cocaine","GAAGTCCT","Riptide01",NA,NA,"200221_A00953_0069_BH5T5LDSXY"
"28","933000120138645","u01_olivier_george_cocaine","TCGATGGT","Riptide01",NA,NA,"200221_A00953_0069_BH5T5LDSXY"
"29","933000120138332","u01_olivier_george_cocaine","TCGAGTTG","Riptide01",NA,NA,"200221_A00953_0069_BH5T5LDSXY"
"30","933000120138343","u01_olivier_george_cocaine","ACTGACTG","Riptide01",NA,NA,"200221_A00953_0069_BH5T5LDSXY"
"31","933000120138339","u01_olivier_george_cocaine","GTGTTGAC","Riptide01",NA,NA,"200221_A00953_0069_BH5T5LDSXY"
"32","933000120138561","u01_olivier_george_cocaine","CTCTACAC","Riptide01","Real correct 933000120138361 is in Riptide06","Suspect RFID","200221_A00953_0069_BH5T5LDSXY"
"33","933000120138296","u01_olivier_george_cocaine","GCCGTTAA","Riptide01",NA,NA,"200221_A00953_0069_BH5T5LDSXY"
"34","933000120117318","u01_olivier_george_cocaine","GTGAACAG","Riptide01",NA,NA,"200221_A00953_0069_BH5T5LDSXY"
"35","933000120138287","u01_olivier_george_cocaine","ATGCATGC","Riptide01",NA,NA,"200221_A00953_0069_BH5T5LDSXY"
"36","933000120124698","u01_olivier_george_cocaine","TCCAAGGT","Riptide01",NA,NA,"200221_A00953_0069_BH5T5LDSXY"
"37","933000120138286","u01_olivier_george_cocaine","CTCTCAGT","Riptide01",NA,NA,"200221_A00953_0069_BH5T5LDSXY"
"38","933000120117338","u01_olivier_george_cocaine","CAAGCTTG","Riptide01",NA,NA,"200221_A00953_0069_BH5T5LDSXY"
"39","933000120138633","u01_olivier_george_cocaine","CCAATACG","Riptide01",NA,NA,"200221_A00953_0069_BH5T5LDSXY"
"40","933000120138324","u01_olivier_george_cocaine","CTGTCAGA","Riptide01",NA,NA,"200221_A00953_0069_BH5T5LDSXY"
"41","933000120117334","u01_olivier_george_cocaine","AAGGTTCC","Riptide01",NA,NA,"200221_A00953_0069_BH5T5LDSXY"
"42","933000120117336","u01_olivier_george_cocaine","GGAAGCAT","Riptide01",NA,NA,"200221_A00953_0069_BH5T5LDSXY"
"43","933000120138295","u01_olivier_george_cocaine","AGTGTCTG","Riptide01",NA,NA,"200221_A00953_0069_BH5T5LDSXY"
"44","933000120138397","u01_olivier_george_cocaine","GCTATTCC","Riptide01",NA,NA,"200221_A00953_0069_BH5T5LDSXY"
"45","933000120138285","u01_olivier_george_cocaine","TGACTGAC","Riptide01",NA,NA,"200221_A00953_0069_BH5T5LDSXY"
"46","933000120117306","u01_olivier_george_cocaine","TGCACTAG","Riptide01",NA,NA,"200221_A00953_0069_BH5T5LDSXY"
"47","933000120117320","u01_olivier_george_cocaine","GATCCTAG","Riptide01",NA,NA,"200221_A00953_0069_BH5T5LDSXY"
"48","933000120138305","u01_olivier_george_cocaine","CTCATGAG","Riptide01",NA,NA,"200221_A00953_0069_BH5T5LDSXY"
"49","933000120138342","u01_olivier_george_cocaine","GTACTGCA","Riptide01",NA,NA,"200221_A00953_0069_BH5T5LDSXY"
"50","933000120138322","u01_olivier_george_cocaine","AACCTTGG","Riptide01",NA,NA,"200221_A00953_0069_BH5T5LDSXY"
"51","933000120124705","u01_olivier_george_cocaine","AGCTCTAG","Riptide01",NA,NA,"200221_A00953_0069_BH5T5LDSXY"
"52","933000120138289","u01_olivier_george_cocaine","TGGTACGT","Riptide01",NA,NA,"200221_A00953_0069_BH5T5LDSXY"
"53","933000120138331","u01_olivier_george_cocaine","GCCGTATA","Riptide01","Original RFID was 933000520138331","Suspect RFID","200221_A00953_0069_BH5T5LDSXY"
"54","933000120117325","u01_olivier_george_cocaine","CCATATGG","Riptide01",NA,NA,"200221_A00953_0069_BH5T5LDSXY"
"55","933000120117312","u01_olivier_george_cocaine","TGGTCATG","Riptide01",NA,NA,"200221_A00953_0069_BH5T5LDSXY"
"56","933000120138338","u01_olivier_george_cocaine","CCTAATCC","Riptide01",NA,NA,"200221_A00953_0069_BH5T5LDSXY"
"57","933000120138649","u01_olivier_george_cocaine","TGGTGTAC","Riptide01",NA,NA,"200221_A00953_0069_BH5T5LDSXY"
"58","933000120138300","u01_olivier_george_cocaine","AACCGGTT","Riptide01",NA,NA,"200221_A00953_0069_BH5T5LDSXY"
"59","933000120117349","u01_olivier_george_cocaine","CAACGTAC","Riptide01",NA,NA,"200221_A00953_0069_BH5T5LDSXY"
"60","933000120124699","u01_olivier_george_cocaine","GAGACAGT","Riptide01",NA,NA,"200221_A00953_0069_BH5T5LDSXY"
"61","933000120117351","u01_olivier_george_cocaine","CTTCCATG","Riptide01",NA,NA,"200221_A00953_0069_BH5T5LDSXY"
"62","933000120138340","u01_olivier_george_cocaine","ATCGTAGC","Riptide01",NA,NA,"200221_A00953_0069_BH5T5LDSXY"
"63","933000120138330","u01_olivier_george_cocaine","CGTAGCTA","Riptide01",NA,NA,"200221_A00953_0069_BH5T5LDSXY"
"64","933000120138334","u01_olivier_george_cocaine","GATGCATC","Riptide01",NA,NA,"200221_A00953_0069_BH5T5LDSXY"
"65","933000120117323","u01_olivier_george_cocaine","ACCTGTTC","Riptide01",NA,NA,"200221_A00953_0069_BH5T5LDSXY"
"66","933000120138316","u01_olivier_george_cocaine","CAGTTGAC","Riptide01",NA,NA,"200221_A00953_0069_BH5T5LDSXY"
"67","933000120138650","u01_olivier_george_cocaine","ACTGTGAC","Riptide01",NA,NA,"200221_A00953_0069_BH5T5LDSXY"
"68","933000120138349","u01_olivier_george_cocaine","CATGCTTC","Riptide01",NA,NA,"200221_A00953_0069_BH5T5LDSXY"
"69","933000120138557","u01_olivier_george_cocaine","GTACAGCT","Riptide01",NA,NA,"200221_A00953_0069_BH5T5LDSXY"
"70","933000120138279","u01_olivier_george_cocaine","ATCCTAGG","Riptide01",NA,NA,"200221_A00953_0069_BH5T5LDSXY"
"71","933000120124704","u01_olivier_george_cocaine","GAAGCTTC","Riptide01",NA,NA,"200221_A00953_0069_BH5T5LDSXY"
"72","933000120138283","u01_olivier_george_cocaine","GTGTCACA","Riptide01",NA,NA,"200221_A00953_0069_BH5T5LDSXY"
"73","933000120117308","u01_olivier_george_cocaine","TACGAACC","Riptide01",NA,NA,"200221_A00953_0069_BH5T5LDSXY"
"74","933000120117311","u01_olivier_george_cocaine","CACTAGAC","Riptide01",NA,NA,"200221_A00953_0069_BH5T5LDSXY"
"75","933000120138341","u01_olivier_george_cocaine","CTCTCACA","Riptide01",NA,NA,"200221_A00953_0069_BH5T5LDSXY"
"76","933000120117350","u01_olivier_george_cocaine","CTTCCAAC","Riptide01",NA,NA,"200221_A00953_0069_BH5T5LDSXY"
"77","933000120138347","u01_olivier_george_cocaine","ACAGTCAC","Riptide01",NA,NA,"200221_A00953_0069_BH5T5LDSXY"
"78","933000120117343","u01_olivier_george_cocaine","ACACGTCA","Riptide01",NA,NA,"200221_A00953_0069_BH5T5LDSXY"
"79","933000120117333","u01_olivier_george_cocaine","CTTGTCCA","Riptide01",NA,NA,"200221_A00953_0069_BH5T5LDSXY"
"80","933000120138288","u01_olivier_george_cocaine","TGACGTGT","Riptide01",NA,NA,"200221_A00953_0069_BH5T5LDSXY"
"81","933000120138385","u01_olivier_george_cocaine","GGTTCCAA","Riptide01",NA,NA,"200221_A00953_0069_BH5T5LDSXY"
"82","933000120138282","u01_olivier_george_cocaine","CAACCTAG","Riptide01",NA,NA,"200221_A00953_0069_BH5T5LDSXY"
"83","933000120117326","u01_olivier_george_cocaine","TAGCTACG","Riptide01",NA,NA,"200221_A00953_0069_BH5T5LDSXY"
"84","933000120117348","u01_olivier_george_cocaine","GACATCTG","Riptide01",NA,NA,"200221_A00953_0069_BH5T5LDSXY"
"85","933000120138556","u01_olivier_george_cocaine","TACCATGG","Riptide01",NA,NA,"200221_A00953_0069_BH5T5LDSXY"
"86","933000120138388","u01_olivier_george_cocaine","GCTTCCTA","Riptide01",NA,NA,"200221_A00953_0069_BH5T5LDSXY"
"87","933000120117346","u01_olivier_george_cocaine","TGACCACA","Riptide01",NA,NA,"200221_A00953_0069_BH5T5LDSXY"
"88","933000120138302","u01_olivier_george_cocaine","ACACGTGT","Riptide01",NA,NA,"200221_A00953_0069_BH5T5LDSXY"
"89","933000120138386","u01_olivier_george_cocaine","GAGTTCTG","Riptide01",NA,NA,"200221_A00953_0069_BH5T5LDSXY"
"90","933000120124696","u01_olivier_george_cocaine","ACCAACGT","Riptide01",NA,NA,"200221_A00953_0069_BH5T5LDSXY"
"91","933000120117331","u01_olivier_george_cocaine","CGATCGAT","Riptide01",NA,NA,"200221_A00953_0069_BH5T5LDSXY"
"92","933000120117344","u01_olivier_george_cocaine","ACCACATG","Riptide01",NA,NA,"200221_A00953_0069_BH5T5LDSXY"
"93","933000120138280","u01_olivier_george_cocaine","GAGACACA","Riptide01",NA,NA,"200221_A00953_0069_BH5T5LDSXY"
"94","933000120117341","u01_olivier_george_cocaine","AGTGGTCT","Riptide01",NA,NA,"200221_A00953_0069_BH5T5LDSXY"
"95","933000120138306","u01_olivier_george_cocaine","GAACTGCT","Riptide01",NA,NA,"200221_A00953_0069_BH5T5LDSXY"
"96","933000120117347","u01_olivier_george_cocaine","CACATGTG","Riptide01",NA,NA,"200221_A00953_0069_BH5T5LDSXY"
"97","933000120138405","u01_olivier_george_cocaine","CGTACGTA","Riptide02",NA,NA,"200221_A00953_0069_BH5T5LDSXY"
"98","933000120138583","u01_olivier_george_cocaine","AGCTAGCT","Riptide02",NA,NA,"200221_A00953_0069_BH5T5LDSXY"
"99","933000120138387","u01_olivier_george_cocaine","GCTTAACG","Riptide02",NA,NA,"200221_A00953_0069_BH5T5LDSXY"
"100","933000120138639","u01_olivier_george_cocaine","ATCCGGTA","Riptide02",NA,NA,"200221_A00953_0069_BH5T5LDSXY"
"101","933000120138579","u01_olivier_george_cocaine","TAGGCCAT","Riptide02",NA,NA,"200221_A00953_0069_BH5T5LDSXY"
"102","933000120138665","u01_olivier_george_cocaine","GCTACGAT","Riptide02",NA,NA,"200221_A00953_0069_BH5T5LDSXY"
"103","933000120138682","u01_olivier_george_cocaine","GATCAGCT","Riptide02",NA,NA,"200221_A00953_0069_BH5T5LDSXY"
"104","933000120138667","u01_olivier_george_cocaine","AACGTTGC","Riptide02",NA,NA,"200221_A00953_0069_BH5T5LDSXY"
"105","933000120138642","u01_olivier_george_cocaine","GACTTCAG","Riptide02",NA,NA,"200221_A00953_0069_BH5T5LDSXY"
"106","933000120138674","u01_olivier_george_cocaine","GAGTTCAC","Riptide02",NA,NA,"200221_A00953_0069_BH5T5LDSXY"
"107","933000120138409","u01_olivier_george_cocaine","GGATTAGG","Riptide02",NA,NA,"200221_A00953_0069_BH5T5LDSXY"
"108","933000120138661","u01_olivier_george_cocaine","TGGTCTAG","Riptide02",NA,NA,"200221_A00953_0069_BH5T5LDSXY"
"109","933000120138600","u01_olivier_george_cocaine","AGGAACGT","Riptide02",NA,NA,"200221_A00953_0069_BH5T5LDSXY"
"110","933000120138689","u01_olivier_george_cocaine","AGGTAGGT","Riptide02",NA,NA,"200221_A00953_0069_BH5T5LDSXY"
"111","933000120138673","u01_olivier_george_cocaine","GTACCAAC","Riptide02",NA,NA,"200221_A00953_0069_BH5T5LDSXY"
"112","933000120138680","u01_olivier_george_cocaine","GACATCAC","Riptide02",NA,NA,"200221_A00953_0069_BH5T5LDSXY"
"113","933000120138616","u01_olivier_george_cocaine","CTGTACAG","Riptide02",NA,NA,"200221_A00953_0069_BH5T5LDSXY"
"114","933000120138573","u01_olivier_george_cocaine","CTAGAGCT","Riptide02",NA,NA,"200221_A00953_0069_BH5T5LDSXY"
"115","933000120138496","u01_olivier_george_cocaine","CGTAGCAT","Riptide02",NA,NA,"200221_A00953_0069_BH5T5LDSXY"
"116","933000120138657","u01_olivier_george_cocaine","TGCACAAC","Riptide02",NA,NA,"200221_A00953_0069_BH5T5LDSXY"
"117","933000120138708","u01_olivier_george_cocaine","ACCAAGGA","Riptide02",NA,NA,"200221_A00953_0069_BH5T5LDSXY"
"118","933000120138698","u01_olivier_george_cocaine","GCGCTATA","Riptide02",NA,NA,"200221_A00953_0069_BH5T5LDSXY"
"119","933000120138629","u01_olivier_george_cocaine","GAACCATC","Riptide02",NA,NA,"200221_A00953_0069_BH5T5LDSXY"
"120","933000120138399","u01_olivier_george_cocaine","CTACCATC","Riptide02",NA,NA,"200221_A00953_0069_BH5T5LDSXY"
"121","933000120138415","u01_olivier_george_cocaine","CTAGCTAG","Riptide02",NA,NA,"200221_A00953_0069_BH5T5LDSXY"
"122","933000120138663","u01_olivier_george_cocaine","CAGTCAGT","Riptide02",NA,NA,"200221_A00953_0069_BH5T5LDSXY"
"123","933000120138389","u01_olivier_george_cocaine","GAAGTCCT","Riptide02",NA,NA,"200221_A00953_0069_BH5T5LDSXY"
"124","933000120138711","u01_olivier_george_cocaine","TCGATGGT","Riptide02",NA,NA,"200221_A00953_0069_BH5T5LDSXY"
"125","933000120138670","u01_olivier_george_cocaine","TCGAGTTG","Riptide02",NA,NA,"200221_A00953_0069_BH5T5LDSXY"
"126","933000120138384","u01_olivier_george_cocaine","ACTGACTG","Riptide02",NA,NA,"200221_A00953_0069_BH5T5LDSXY"
"127","933000120138754","u01_olivier_george_cocaine","GTGTTGAC","Riptide02",NA,NA,"200221_A00953_0069_BH5T5LDSXY"
"128","933000120138437","u01_olivier_george_cocaine","CTCTACAC","Riptide02",NA,NA,"200221_A00953_0069_BH5T5LDSXY"
"129","933000120138675","u01_olivier_george_cocaine","GCCGTTAA","Riptide02",NA,NA,"200221_A00953_0069_BH5T5LDSXY"
"130","933000120138634","u01_olivier_george_cocaine","GTGAACAG","Riptide02",NA,NA,"200221_A00953_0069_BH5T5LDSXY"
"131","933000120138669","u01_olivier_george_cocaine","ATGCATGC","Riptide02",NA,NA,"200221_A00953_0069_BH5T5LDSXY"
"132","933000120138654","u01_olivier_george_cocaine","TCCAAGGT","Riptide02",NA,NA,"200221_A00953_0069_BH5T5LDSXY"
"133","933000120138605","u01_olivier_george_cocaine","CTCTCAGT","Riptide02",NA,NA,"200221_A00953_0069_BH5T5LDSXY"
"134","933000120138636","u01_olivier_george_cocaine","CAAGCTTG","Riptide02",NA,NA,"200221_A00953_0069_BH5T5LDSXY"
"135","933000120138615","u01_olivier_george_cocaine","CCAATACG","Riptide02",NA,NA,"200221_A00953_0069_BH5T5LDSXY"
"136","933000120138750","u01_olivier_george_cocaine","CTGTCAGA","Riptide02",NA,NA,"200221_A00953_0069_BH5T5LDSXY"
"137","933000120138609","u01_olivier_george_cocaine","AAGGTTCC","Riptide02",NA,NA,"200221_A00953_0069_BH5T5LDSXY"
"138","933000120138395","u01_olivier_george_cocaine","GGAAGCAT","Riptide02",NA,NA,"200221_A00953_0069_BH5T5LDSXY"
"139","933000120138603","u01_olivier_george_cocaine","AGTGTCTG","Riptide02",NA,NA,"200221_A00953_0069_BH5T5LDSXY"
"140","933000120138631","u01_olivier_george_cocaine","GCTATTCC","Riptide02",NA,NA,"200221_A00953_0069_BH5T5LDSXY"
"141","933000120138743","u01_olivier_george_cocaine","TGACTGAC","Riptide02",NA,NA,"200221_A00953_0069_BH5T5LDSXY"
"142","933000120138687","u01_olivier_george_scrub","TGCACTAG","Riptide02",NA,NA,"200221_A00953_0069_BH5T5LDSXY"
"143","933000120138715","u01_olivier_george_cocaine","GATCCTAG","Riptide02",NA,NA,"200221_A00953_0069_BH5T5LDSXY"
"144","933000120138672","u01_olivier_george_cocaine","CTCATGAG","Riptide02",NA,NA,"200221_A00953_0069_BH5T5LDSXY"
"145","933000120138655","u01_olivier_george_cocaine","GTACTGCA","Riptide02",NA,NA,"200221_A00953_0069_BH5T5LDSXY"
"146","933000120138730","u01_olivier_george_cocaine","AACCTTGG","Riptide02",NA,NA,"200221_A00953_0069_BH5T5LDSXY"
"147","933000120138646","u01_olivier_george_cocaine","AGCTCTAG","Riptide02",NA,NA,"200221_A00953_0069_BH5T5LDSXY"
"148","933000120138668","u01_olivier_george_cocaine","TGGTACGT","Riptide02",NA,NA,"200221_A00953_0069_BH5T5LDSXY"
"149","933000120138666","u01_olivier_george_cocaine","GCCGTATA","Riptide02",NA,NA,"200221_A00953_0069_BH5T5LDSXY"
"150","933000120138592","u01_olivier_george_cocaine","CCATATGG","Riptide02",NA,NA,"200221_A00953_0069_BH5T5LDSXY"
"151","933000120138599","u01_olivier_george_cocaine","TGGTCATG","Riptide02",NA,NA,"200221_A00953_0069_BH5T5LDSXY"
"152","933000120138402","u01_olivier_george_cocaine","CCTAATCC","Riptide02",NA,NA,"200221_A00953_0069_BH5T5LDSXY"
"153","933000120138577","u01_olivier_george_cocaine","TGGTGTAC","Riptide02",NA,NA,"200221_A00953_0069_BH5T5LDSXY"
"154","933000120138724","u01_olivier_george_cocaine","AACCGGTT","Riptide02",NA,NA,"200221_A00953_0069_BH5T5LDSXY"
"155","933000120138696","u01_olivier_george_cocaine","CAACGTAC","Riptide02",NA,NA,"200221_A00953_0069_BH5T5LDSXY"
"156","933000120138414","u01_olivier_george_cocaine","GAGACAGT","Riptide02",NA,NA,"200221_A00953_0069_BH5T5LDSXY"
"157","933000120138638","u01_olivier_george_cocaine","CTTCCATG","Riptide02",NA,NA,"200221_A00953_0069_BH5T5LDSXY"
"158","933000120138679","u01_olivier_george_cocaine","ATCGTAGC","Riptide02",NA,NA,"200221_A00953_0069_BH5T5LDSXY"
"159","933000120138584","u01_olivier_george_cocaine","CGTAGCTA","Riptide02",NA,NA,"200221_A00953_0069_BH5T5LDSXY"
"160","933000120138575","u01_olivier_george_cocaine","GATGCATC","Riptide02",NA,NA,"200221_A00953_0069_BH5T5LDSXY"
"161","933000120138390","u01_olivier_george_cocaine","ACCTGTTC","Riptide02",NA,NA,"200221_A00953_0069_BH5T5LDSXY"
"162","933000120138717","u01_olivier_george_cocaine","CAGTTGAC","Riptide02",NA,NA,"200221_A00953_0069_BH5T5LDSXY"
"163","933000120138748","u01_olivier_george_cocaine","ACTGTGAC","Riptide02",NA,NA,"200221_A00953_0069_BH5T5LDSXY"
"164","933000120138494","u01_olivier_george_cocaine","CATGCTTC","Riptide02",NA,NA,"200221_A00953_0069_BH5T5LDSXY"
"165","933000120138589","u01_olivier_george_cocaine","GTACAGCT","Riptide02",NA,NA,"200221_A00953_0069_BH5T5LDSXY"
"166","933000120138607","u01_olivier_george_cocaine","ATCCTAGG","Riptide02",NA,NA,"200221_A00953_0069_BH5T5LDSXY"
"167","933000120138644","u01_olivier_george_cocaine","GAAGCTTC","Riptide02",NA,NA,"200221_A00953_0069_BH5T5LDSXY"
"168","933000120138700","u01_olivier_george_cocaine","GTGTCACA","Riptide02",NA,NA,"200221_A00953_0069_BH5T5LDSXY"
"169","933000120138637","u01_olivier_george_cocaine","TACGAACC","Riptide02",NA,NA,"200221_A00953_0069_BH5T5LDSXY"
"170","933000120138734","u01_olivier_george_cocaine","CACTAGAC","Riptide02",NA,NA,"200221_A00953_0069_BH5T5LDSXY"
"171","933000120138604","u01_olivier_george_cocaine","CTCTCACA","Riptide02",NA,NA,"200221_A00953_0069_BH5T5LDSXY"
"172","933000120138391","u01_olivier_george_cocaine","CTTCCAAC","Riptide02",NA,NA,"200221_A00953_0069_BH5T5LDSXY"
"173","933000120138648","u01_olivier_george_cocaine","ACAGTCAC","Riptide02",NA,NA,"200221_A00953_0069_BH5T5LDSXY"
"174","933000120138568","u01_olivier_george_cocaine","ACACGTCA","Riptide02",NA,NA,"200221_A00953_0069_BH5T5LDSXY"
"175","933000120138652","u01_olivier_george_cocaine","CTTGTCCA","Riptide02",NA,NA,"200221_A00953_0069_BH5T5LDSXY"
"176","933000120138598","u01_olivier_george_cocaine","TGACGTGT","Riptide02",NA,NA,"200221_A00953_0069_BH5T5LDSXY"
"177","933000120138582","u01_olivier_george_cocaine","GGTTCCAA","Riptide02",NA,NA,"200221_A00953_0069_BH5T5LDSXY"
"178","933000120138647","u01_olivier_george_cocaine","CAACCTAG","Riptide02",NA,NA,"200221_A00953_0069_BH5T5LDSXY"
"179","933000120138585","u01_olivier_george_cocaine","TAGCTACG","Riptide02",NA,NA,"200221_A00953_0069_BH5T5LDSXY"
"180","933000120138454","u01_olivier_george_cocaine","GACATCTG","Riptide02",NA,NA,"200221_A00953_0069_BH5T5LDSXY"
"181","933000120138427","u01_olivier_george_cocaine","TACCATGG","Riptide02",NA,NA,"200221_A00953_0069_BH5T5LDSXY"
"182","933000120138640","u01_olivier_george_cocaine","GCTTCCTA","Riptide02",NA,NA,"200221_A00953_0069_BH5T5LDSXY"
"183","933000120138718","u01_olivier_george_cocaine","TGACCACA","Riptide02",NA,NA,"200221_A00953_0069_BH5T5LDSXY"
"184","933000120138564","u01_olivier_george_cocaine","ACACGTGT","Riptide02",NA,NA,"200221_A00953_0069_BH5T5LDSXY"
"185","933000120138686","u01_olivier_george_cocaine","GAGTTCTG","Riptide02",NA,NA,"200221_A00953_0069_BH5T5LDSXY"
"186","933000120138619","u01_olivier_george_cocaine","ACCAACGT","Riptide02",NA,NA,"200221_A00953_0069_BH5T5LDSXY"
"187","933000120138627","u01_olivier_george_cocaine","CGATCGAT","Riptide02",NA,NA,"200221_A00953_0069_BH5T5LDSXY"
"188","933000120138455","u01_olivier_george_cocaine","ACCACATG","Riptide02",NA,NA,"200221_A00953_0069_BH5T5LDSXY"
"189","933000120138601","u01_olivier_george_cocaine","GAGACACA","Riptide02",NA,NA,"200221_A00953_0069_BH5T5LDSXY"
"190","933000120138662","u01_olivier_george_cocaine","AGTGGTCT","Riptide02",NA,NA,"200221_A00953_0069_BH5T5LDSXY"
"191","933000120138436","u01_olivier_george_cocaine","GAACTGCT","Riptide02",NA,NA,"200221_A00953_0069_BH5T5LDSXY"
"192","933000120138656","u01_olivier_george_cocaine","CACATGTG","Riptide02",NA,NA,"200221_A00953_0069_BH5T5LDSXY"
"193","933000320046376","u01_olivier_george_cocaine","CGTACGTA","Riptide03",NA,NA,"200221_A00953_0069_BH5T5LDSXY"
"194","933000320045653","u01_olivier_george_cocaine","AGCTAGCT","Riptide03",NA,NA,"200221_A00953_0069_BH5T5LDSXY"
"195","933000320046382","u01_olivier_george_cocaine","GCTTAACG","Riptide03",NA,NA,"200221_A00953_0069_BH5T5LDSXY"
"196","933000320047475","u01_olivier_george_cocaine","ATCCGGTA","Riptide03",NA,NA,"200221_A00953_0069_BH5T5LDSXY"
"197","933000320045794","u01_olivier_george_cocaine","TAGGCCAT","Riptide03",NA,NA,"200221_A00953_0069_BH5T5LDSXY"
"198","933000320047126","u01_olivier_george_cocaine","GCTACGAT","Riptide03",NA,NA,"200221_A00953_0069_BH5T5LDSXY"
"199","933000320045661","u01_olivier_george_cocaine","GATCAGCT","Riptide03",NA,NA,"200221_A00953_0069_BH5T5LDSXY"
"200","933000320047127","u01_olivier_george_cocaine","AACGTTGC","Riptide03",NA,NA,"200221_A00953_0069_BH5T5LDSXY"
"201","933000320047476","u01_olivier_george_cocaine","GACTTCAG","Riptide03",NA,NA,"200221_A00953_0069_BH5T5LDSXY"
"202","933000320045784","u01_olivier_george_cocaine","GAGTTCAC","Riptide03",NA,NA,"200221_A00953_0069_BH5T5LDSXY"
"203","933000320047313","u01_olivier_george_cocaine","GGATTAGG","Riptide03",NA,NA,"200221_A00953_0069_BH5T5LDSXY"
"204","933000120138434","u01_olivier_george_cocaine","TGGTCTAG","Riptide03",NA,NA,"200221_A00953_0069_BH5T5LDSXY"
"205","933000320045657","u01_olivier_george_cocaine","AGGAACGT","Riptide03",NA,NA,"200221_A00953_0069_BH5T5LDSXY"
"206","933000120138504","u01_olivier_george_cocaine","AGGTAGGT","Riptide03",NA,NA,"200221_A00953_0069_BH5T5LDSXY"
"207","933000320045670","u01_olivier_george_cocaine","GTACCAAC","Riptide03",NA,NA,"200221_A00953_0069_BH5T5LDSXY"
"208","933000320047490","u01_olivier_george_cocaine","GACATCAC","Riptide03",NA,NA,"200221_A00953_0069_BH5T5LDSXY"
"209","933000320045791","u01_olivier_george_cocaine","CTGTACAG","Riptide03",NA,NA,"200221_A00953_0069_BH5T5LDSXY"
"210","933000320045672","u01_olivier_george_cocaine","CTAGAGCT","Riptide03",NA,NA,"200221_A00953_0069_BH5T5LDSXY"
"211","933000320046131","u01_olivier_george_cocaine","CGTAGCAT","Riptide03",NA,NA,"200221_A00953_0069_BH5T5LDSXY"
"212","933000320045785","u01_olivier_george_cocaine","TGCACAAC","Riptide03",NA,NA,"200221_A00953_0069_BH5T5LDSXY"
"213","933000320046379","u01_olivier_george_cocaine","ACCAAGGA","Riptide03",NA,NA,"200221_A00953_0069_BH5T5LDSXY"
"214","933000320045990","u01_olivier_george_cocaine","GCGCTATA","Riptide03",NA,NA,"200221_A00953_0069_BH5T5LDSXY"
"215","933000320047275","u01_olivier_george_cocaine","GAACCATC","Riptide03",NA,NA,"200221_A00953_0069_BH5T5LDSXY"
"216","933000320046605","u01_olivier_george_cocaine","CTACCATC","Riptide03",NA,NA,"200221_A00953_0069_BH5T5LDSXY"
"217","933000320047286","u01_olivier_george_cocaine","CTAGCTAG","Riptide03",NA,NA,"200221_A00953_0069_BH5T5LDSXY"
"218","933000320045659","u01_olivier_george_cocaine","CAGTCAGT","Riptide03",NA,NA,"200221_A00953_0069_BH5T5LDSXY"
"219","933000120138611","u01_olivier_george_cocaine","GAAGTCCT","Riptide03",NA,NA,"200221_A00953_0069_BH5T5LDSXY"
"220","933000320045667","u01_olivier_george_cocaine","TCGATGGT","Riptide03",NA,NA,"200221_A00953_0069_BH5T5LDSXY"
"221","933000320046127","u01_olivier_george_cocaine","TCGAGTTG","Riptide03",NA,NA,"200221_A00953_0069_BH5T5LDSXY"
"222","933000120138500","u01_olivier_george_cocaine","ACTGACTG","Riptide03",NA,NA,"200221_A00953_0069_BH5T5LDSXY"
"223","933000320046910","u01_olivier_george_cocaine","GTGTTGAC","Riptide03",NA,NA,"200221_A00953_0069_BH5T5LDSXY"
"224","933000320045799","u01_olivier_george_cocaine","CTCTACAC","Riptide03",NA,NA,"200221_A00953_0069_BH5T5LDSXY"
"225","933000320045792","u01_olivier_george_cocaine","GCCGTTAA","Riptide03",NA,NA,"200221_A00953_0069_BH5T5LDSXY"
"226","933000320047147","u01_olivier_george_cocaine","GTGAACAG","Riptide03",NA,NA,"200221_A00953_0069_BH5T5LDSXY"
"227","933000120138630","u01_olivier_george_cocaine","ATGCATGC","Riptide03",NA,NA,"200221_A00953_0069_BH5T5LDSXY"
"228","933000320047135","u01_olivier_george_cocaine","TCCAAGGT","Riptide03",NA,NA,"200221_A00953_0069_BH5T5LDSXY"
"229","933000120138406","u01_olivier_george_cocaine","CTCTCAGT","Riptide03",NA,NA,"200221_A00953_0069_BH5T5LDSXY"
"230","933000120138410","u01_olivier_george_cocaine","CAAGCTTG","Riptide03",NA,NA,"200221_A00953_0069_BH5T5LDSXY"
"231","933000320045675","u01_olivier_george_cocaine","CCAATACG","Riptide03",NA,NA,"200221_A00953_0069_BH5T5LDSXY"
"232","933000320047277","u01_olivier_george_cocaine","CTGTCAGA","Riptide03",NA,NA,"200221_A00953_0069_BH5T5LDSXY"
"233","933000320045778","u01_olivier_george_cocaine","AAGGTTCC","Riptide03",NA,NA,"200221_A00953_0069_BH5T5LDSXY"
"234","933000320045736","u01_olivier_george_cocaine","GGAAGCAT","Riptide03",NA,NA,"200221_A00953_0069_BH5T5LDSXY"
"235","933000320047252","u01_olivier_george_scrub","AGTGTCTG","Riptide03",NA,NA,"200221_A00953_0069_BH5T5LDSXY"
"236","933000320045781","u01_olivier_george_cocaine","GCTATTCC","Riptide03",NA,NA,"200221_A00953_0069_BH5T5LDSXY"
"237","933000320047103","u01_olivier_george_cocaine","TGACTGAC","Riptide03",NA,NA,"200221_A00953_0069_BH5T5LDSXY"
"238","933000120138440","u01_olivier_george_cocaine","TGCACTAG","Riptide03",NA,NA,"200221_A00953_0069_BH5T5LDSXY"
"239","933000320046608","u01_olivier_george_cocaine","GATCCTAG","Riptide03",NA,NA,"200221_A00953_0069_BH5T5LDSXY"
"240","933000320045777","u01_olivier_george_cocaine","CTCATGAG","Riptide03",NA,NA,"200221_A00953_0069_BH5T5LDSXY"
"241","933000320046609","u01_olivier_george_cocaine","GTACTGCA","Riptide03",NA,NA,"200221_A00953_0069_BH5T5LDSXY"
"242","933000120138447","u01_olivier_george_cocaine","AACCTTGG","Riptide03",NA,NA,"200221_A00953_0069_BH5T5LDSXY"
"243","933000320046613","u01_olivier_george_cocaine","AGCTCTAG","Riptide03",NA,NA,"200221_A00953_0069_BH5T5LDSXY"
"244","933000320045997","u01_olivier_george_cocaine","TGGTACGT","Riptide03",NA,NA,"200221_A00953_0069_BH5T5LDSXY"
"245","933000320046615","u01_olivier_george_cocaine","GCCGTATA","Riptide03",NA,NA,"200221_A00953_0069_BH5T5LDSXY"
"246","933000120138722","u01_olivier_george_cocaine","CCATATGG","Riptide03",NA,NA,"200221_A00953_0069_BH5T5LDSXY"
"247","933000320047281","u01_olivier_george_cocaine","TGGTCATG","Riptide03",NA,NA,"200221_A00953_0069_BH5T5LDSXY"
"248","933000320046093","u01_olivier_george_cocaine","CCTAATCC","Riptide03",NA,NA,"200221_A00953_0069_BH5T5LDSXY"
"249","933000320046611","u01_olivier_george_cocaine","TGGTGTAC","Riptide03",NA,NA,"200221_A00953_0069_BH5T5LDSXY"
"250","933000320046920","u01_olivier_george_cocaine","AACCGGTT","Riptide03",NA,NA,"200221_A00953_0069_BH5T5LDSXY"
"251","933000120138420","u01_olivier_george_cocaine","CAACGTAC","Riptide03",NA,NA,"200221_A00953_0069_BH5T5LDSXY"
"252","933000120138424","u01_olivier_george_cocaine","GAGACAGT","Riptide03",NA,NA,"200221_A00953_0069_BH5T5LDSXY"
"253","933000320047114","u01_olivier_george_cocaine","CTTCCATG","Riptide03",NA,NA,"200221_A00953_0069_BH5T5LDSXY"
"254","933000320046144","u01_olivier_george_cocaine","ATCGTAGC","Riptide03",NA,NA,"200221_A00953_0069_BH5T5LDSXY"
"255","933000320047283","u01_olivier_george_cocaine","CGTAGCTA","Riptide03",NA,NA,"200221_A00953_0069_BH5T5LDSXY"
"256","933000120138736","u01_olivier_george_cocaine","GATGCATC","Riptide03",NA,NA,"200221_A00953_0069_BH5T5LDSXY"
"257","933000320047129","u01_olivier_george_cocaine","ACCTGTTC","Riptide03",NA,NA,"200221_A00953_0069_BH5T5LDSXY"
"258","933000320045674","u01_olivier_george_cocaine","CAGTTGAC","Riptide03",NA,NA,"200221_A00953_0069_BH5T5LDSXY"
"259","933000320046907","u01_olivier_george_cocaine","ACTGTGAC","Riptide03",NA,NA,"200221_A00953_0069_BH5T5LDSXY"
"260","933000320047477","u01_olivier_george_cocaine","CATGCTTC","Riptide03",NA,NA,"200221_A00953_0069_BH5T5LDSXY"
"261","933000320046078","u01_olivier_george_cocaine","GTACAGCT","Riptide03",NA,NA,"200221_A00953_0069_BH5T5LDSXY"
"262","933000320046092","u01_olivier_george_cocaine","ATCCTAGG","Riptide03",NA,NA,"200221_A00953_0069_BH5T5LDSXY"
"263","933000320045660","u01_olivier_george_cocaine","GAAGCTTC","Riptide03",NA,NA,"200221_A00953_0069_BH5T5LDSXY"
"264","933000320045988","u01_olivier_george_cocaine","GTGTCACA","Riptide03",NA,NA,"200221_A00953_0069_BH5T5LDSXY"
"265","933000320046135","u01_olivier_george_cocaine","TACGAACC","Riptide03",NA,NA,"200221_A00953_0069_BH5T5LDSXY"
"266","933000320046143","u01_olivier_george_scrub","CACTAGAC","Riptide03",NA,NA,"200221_A00953_0069_BH5T5LDSXY"
"267","933000320047110","u01_olivier_george_cocaine","CTCTCACA","Riptide03",NA,NA,"200221_A00953_0069_BH5T5LDSXY"
"268","933000120138744","u01_olivier_george_cocaine","CTTCCAAC","Riptide03",NA,NA,"200221_A00953_0069_BH5T5LDSXY"
"269","933000320045735","u01_olivier_george_cocaine","ACAGTCAC","Riptide03",NA,NA,"200221_A00953_0069_BH5T5LDSXY"
"270","933000320046904","u01_olivier_george_cocaine","ACACGTCA","Riptide03",NA,NA,"200221_A00953_0069_BH5T5LDSXY"
"271","933000320046915","u01_olivier_george_cocaine","CTTGTCCA","Riptide03",NA,NA,"200221_A00953_0069_BH5T5LDSXY"
"272","933000320046148","u01_olivier_george_cocaine","TGACGTGT","Riptide03",NA,NA,"200221_A00953_0069_BH5T5LDSXY"
"273","933000320046088","u01_olivier_george_cocaine","GGTTCCAA","Riptide03",NA,NA,"200221_A00953_0069_BH5T5LDSXY"
"274","933000320046397","u01_olivier_george_cocaine","CAACCTAG","Riptide03",NA,NA,"200221_A00953_0069_BH5T5LDSXY"
"275","933000320047293","u01_olivier_george_cocaine","TAGCTACG","Riptide03",NA,NA,"200221_A00953_0069_BH5T5LDSXY"
"276","933000120138407","u01_olivier_george_cocaine","GACATCTG","Riptide03",NA,NA,"200221_A00953_0069_BH5T5LDSXY"
"277","933000320046393","u01_olivier_george_cocaine","TACCATGG","Riptide03",NA,NA,"200221_A00953_0069_BH5T5LDSXY"
"278","933000320045740","u01_olivier_george_cocaine","GCTTCCTA","Riptide03",NA,NA,"200221_A00953_0069_BH5T5LDSXY"
"279","933000320046377","u01_olivier_george_cocaine","TGACCACA","Riptide03",NA,NA,"200221_A00953_0069_BH5T5LDSXY"
"280","933000320046099","u01_olivier_george_cocaine","ACACGTGT","Riptide03",NA,NA,"200221_A00953_0069_BH5T5LDSXY"
"281","933000320045744","u01_olivier_george_cocaine","GAGTTCTG","Riptide03",NA,NA,"200221_A00953_0069_BH5T5LDSXY"
"282","933000320047121","u01_olivier_george_cocaine","ACCAACGT","Riptide03",NA,NA,"200221_A00953_0069_BH5T5LDSXY"
"283","933000320046086","u01_olivier_george_cocaine","CGATCGAT","Riptide03",NA,NA,"200221_A00953_0069_BH5T5LDSXY"
"284","933000320045787","u01_olivier_george_cocaine","ACCACATG","Riptide03",NA,NA,"200221_A00953_0069_BH5T5LDSXY"
"285","933000320046923","u01_olivier_george_cocaine","GAGACACA","Riptide03",NA,NA,"200221_A00953_0069_BH5T5LDSXY"
"286","933000120138684","u01_olivier_george_cocaine","AGTGGTCT","Riptide03",NA,NA,"200221_A00953_0069_BH5T5LDSXY"
"287","933000320047280","u01_olivier_george_cocaine","GAACTGCT","Riptide03",NA,NA,"200221_A00953_0069_BH5T5LDSXY"
"288","933000320045652","u01_olivier_george_cocaine","CACATGTG","Riptide03",NA,NA,"200221_A00953_0069_BH5T5LDSXY"
"289","933000320047148","u01_olivier_george_oxycodone","CGTACGTA","Riptide04",NA,NA,"200326_A00953_0086_BHC2FMDSXY"
"290","933000320047123","u01_olivier_george_oxycodone","AGCTAGCT","Riptide04",NA,NA,"200326_A00953_0086_BHC2FMDSXY"
"291","933000320045798","u01_olivier_george_oxycodone","GCTTAACG","Riptide04",NA,NA,"200326_A00953_0086_BHC2FMDSXY"
"292","933000320047470","u01_olivier_george_cocaine","ATCCGGTA","Riptide04",NA,NA,"200326_A00953_0086_BHC2FMDSXY"
"293","933000320047264","u01_olivier_george_cocaine","TAGGCCAT","Riptide04",NA,NA,"200326_A00953_0086_BHC2FMDSXY"
"294","933000320046149","u01_olivier_george_oxycodone","GCTACGAT","Riptide04",NA,NA,"200326_A00953_0086_BHC2FMDSXY"
"295","933000320045747","u01_olivier_george_oxycodone","GATCAGCT","Riptide04",NA,NA,"200326_A00953_0086_BHC2FMDSXY"
"296","933000320045749","u01_olivier_george_oxycodone","AACGTTGC","Riptide04",NA,NA,"200326_A00953_0086_BHC2FMDSXY"
"297","933000320047291","u01_olivier_george_oxycodone","GACTTCAG","Riptide04",NA,NA,"200326_A00953_0086_BHC2FMDSXY"
"298","933000320046399","u01_olivier_george_oxycodone","GAGTTCAC","Riptide04",NA,NA,"200326_A00953_0086_BHC2FMDSXY"
"299","933000320047471","u01_olivier_george_cocaine","GGATTAGG","Riptide04",NA,NA,"200326_A00953_0086_BHC2FMDSXY"
"300","933000320045746","u01_olivier_george_oxycodone","TGGTCTAG","Riptide04",NA,NA,"200326_A00953_0086_BHC2FMDSXY"
"301","933000320046901","u01_olivier_george_oxycodone","AGGAACGT","Riptide04",NA,NA,"200326_A00953_0086_BHC2FMDSXY"
"302","933000320045782","u01_olivier_george_oxycodone","AGGTAGGT","Riptide04",NA,NA,"200326_A00953_0086_BHC2FMDSXY"
"303","933000320047117","u01_olivier_george_oxycodone","GTACCAAC","Riptide04",NA,NA,"200326_A00953_0086_BHC2FMDSXY"
"304","933000320047288","u01_olivier_george_cocaine","GACATCAC","Riptide04",NA,NA,"200326_A00953_0086_BHC2FMDSXY"
"305","933000320047116","u01_olivier_george_cocaine","CTGTACAG","Riptide04",NA,NA,"200326_A00953_0086_BHC2FMDSXY"
"306","933000320046134","u01_olivier_george_oxycodone","CTAGAGCT","Riptide04",NA,NA,"200326_A00953_0086_BHC2FMDSXY"
"307","933000320046612","u01_olivier_george_oxycodone","CGTAGCAT","Riptide04",NA,NA,"200326_A00953_0086_BHC2FMDSXY"
"308","933000320046922","u01_olivier_george_cocaine","TGCACAAC","Riptide04",NA,NA,"200326_A00953_0086_BHC2FMDSXY"
"309","933000320047134","u01_olivier_george_oxycodone","ACCAAGGA","Riptide04",NA,NA,"200326_A00953_0086_BHC2FMDSXY"
"310","933000320047260","u01_olivier_george_cocaine","GCGCTATA","Riptide04",NA,NA,"200326_A00953_0086_BHC2FMDSXY"
"311","933000320047321","u01_olivier_george_cocaine","GAACCATC","Riptide04",NA,NA,"200326_A00953_0086_BHC2FMDSXY"
"312","933000320045663","u01_olivier_george_oxycodone","CTACCATC","Riptide04",NA,NA,"200326_A00953_0086_BHC2FMDSXY"
"313","933000320045655","u01_olivier_george_oxycodone","CTAGCTAG","Riptide04",NA,NA,"200326_A00953_0086_BHC2FMDSXY"
"314","933000320047132","u01_olivier_george_cocaine","CAGTCAGT","Riptide04",NA,NA,"200326_A00953_0086_BHC2FMDSXY"
"315","933000320046100","u01_olivier_george_oxycodone","GAAGTCCT","Riptide04",NA,NA,"200326_A00953_0086_BHC2FMDSXY"
"316","933000320046384","u01_olivier_george_oxycodone","TCGATGGT","Riptide04",NA,NA,"200326_A00953_0086_BHC2FMDSXY"
"317","933000320046394","u01_olivier_george_oxycodone","TCGAGTTG","Riptide04",NA,NA,"200326_A00953_0086_BHC2FMDSXY"
"318","933000320045728","u01_olivier_george_oxycodone","ACTGACTG","Riptide04",NA,NA,"200326_A00953_0086_BHC2FMDSXY"
"319","933000320046128","u01_olivier_george_oxycodone","GTGTTGAC","Riptide04",NA,NA,"200326_A00953_0086_BHC2FMDSXY"
"320","933000320046619","u01_olivier_george_oxycodone","CTCTACAC","Riptide04",NA,NA,"200326_A00953_0086_BHC2FMDSXY"
"321","933000320046080","u01_olivier_george_scrub","GCCGTTAA","Riptide04",NA,NA,"200326_A00953_0086_BHC2FMDSXY"
"322","933000320046089","u01_olivier_george_oxycodone","GTGAACAG","Riptide04",NA,NA,"200326_A00953_0086_BHC2FMDSXY"
"323","933000320045654","u01_olivier_george_oxycodone","ATGCATGC","Riptide04",NA,NA,"200326_A00953_0086_BHC2FMDSXY"
"324","933000320046145","u01_olivier_george_oxycodone","TCCAAGGT","Riptide04",NA,NA,"200326_A00953_0086_BHC2FMDSXY"
"325","933000320046909","u01_olivier_george_oxycodone","CTCTCAGT","Riptide04",NA,NA,"200326_A00953_0086_BHC2FMDSXY"
"326","933000320047485","u01_olivier_george_oxycodone","CAAGCTTG","Riptide04",NA,NA,"200326_A00953_0086_BHC2FMDSXY"
"327","933000320047295","u01_olivier_george_cocaine","CCAATACG","Riptide04",NA,NA,"200326_A00953_0086_BHC2FMDSXY"
"328","933000320045738","u01_olivier_george_oxycodone","CTGTCAGA","Riptide04",NA,NA,"200326_A00953_0086_BHC2FMDSXY"
"329","933000320045737","u01_olivier_george_oxycodone","AAGGTTCC","Riptide04",NA,NA,"200326_A00953_0086_BHC2FMDSXY"
"330","933000320045748","u01_olivier_george_oxycodone","GGAAGCAT","Riptide04",NA,NA,"200326_A00953_0086_BHC2FMDSXY"
"331","933000320047102","u01_olivier_george_oxycodone","AGTGTCTG","Riptide04",NA,NA,"200326_A00953_0086_BHC2FMDSXY"
"332","933000320046917","u01_olivier_george_oxycodone","GCTATTCC","Riptide04",NA,NA,"200326_A00953_0086_BHC2FMDSXY"
"333","933000320047106","u01_olivier_george_oxycodone","TGACTGAC","Riptide04",NA,NA,"200326_A00953_0086_BHC2FMDSXY"
"334","933000320046905","u01_olivier_george_oxycodone","TGCACTAG","Riptide04",NA,NA,"200326_A00953_0086_BHC2FMDSXY"
"335","933000320045796","u01_olivier_george_oxycodone","GATCCTAG","Riptide04",NA,NA,"200326_A00953_0086_BHC2FMDSXY"
"336","933000320046622","u01_olivier_george_oxycodone","CTCATGAG","Riptide04",NA,NA,"200326_A00953_0086_BHC2FMDSXY"
"337","933000320046604","u01_olivier_george_oxycodone","GTACTGCA","Riptide04",NA,NA,"200326_A00953_0086_BHC2FMDSXY"
"338","933000320046620","u01_olivier_george_oxycodone","AACCTTGG","Riptide04",NA,NA,"200326_A00953_0086_BHC2FMDSXY"
"339","933000320046095","u01_olivier_george_oxycodone","AGCTCTAG","Riptide04",NA,NA,"200326_A00953_0086_BHC2FMDSXY"
"340","933000320046614","u01_olivier_george_oxycodone","TGGTACGT","Riptide04",NA,NA,"200326_A00953_0086_BHC2FMDSXY"
"341","933000320046389","u01_olivier_george_oxycodone","GCCGTATA","Riptide04",NA,NA,"200326_A00953_0086_BHC2FMDSXY"
"342","933000320046392","u01_olivier_george_oxycodone","CCATATGG","Riptide04",NA,NA,"200326_A00953_0086_BHC2FMDSXY"
"343","933000320047297","u01_olivier_george_oxycodone","TGGTCATG","Riptide04",NA,NA,"200326_A00953_0086_BHC2FMDSXY"
"344","933000320046133","u01_olivier_george_oxycodone","CCTAATCC","Riptide04",NA,NA,"200326_A00953_0086_BHC2FMDSXY"
"345","933000320047266","u01_olivier_george_oxycodone","TGGTGTAC","Riptide04",NA,NA,"200326_A00953_0086_BHC2FMDSXY"
"346","933000320047124","u01_olivier_george_oxycodone","AACCGGTT","Riptide04",NA,NA,"200326_A00953_0086_BHC2FMDSXY"
"347","933000320047484","u01_olivier_george_oxycodone","CAACGTAC","Riptide04",NA,NA,"200326_A00953_0086_BHC2FMDSXY"
"348","933000320047268","u01_olivier_george_scrub","GAGACAGT","Riptide04",NA,NA,"200326_A00953_0086_BHC2FMDSXY"
"349","933000320046142","u01_olivier_george_oxycodone","CTTCCATG","Riptide04",NA,NA,"200326_A00953_0086_BHC2FMDSXY"
"350","933000320047497","u01_olivier_george_cocaine","ATCGTAGC","Riptide04",NA,NA,"200326_A00953_0086_BHC2FMDSXY"
"351","933000320047111","u01_olivier_george_cocaine","CGTAGCTA","Riptide04",NA,NA,"200326_A00953_0086_BHC2FMDSXY"
"352","933000320045995","u01_olivier_george_oxycodone","GATGCATC","Riptide04",NA,NA,"200326_A00953_0086_BHC2FMDSXY"
"353","933000320047278","u01_olivier_george_oxycodone","ACCTGTTC","Riptide04",NA,NA,"200326_A00953_0086_BHC2FMDSXY"
"354","933000320045780","u01_olivier_george_oxycodone","CAGTTGAC","Riptide04",NA,NA,"200326_A00953_0086_BHC2FMDSXY"
"355","933000320046544","u01_olivier_george_oxycodone","ACTGTGAC","Riptide04",NA,NA,"200326_A00953_0086_BHC2FMDSXY"
"356","933000320046924","u01_olivier_george_oxycodone","CATGCTTC","Riptide04",NA,NA,"200326_A00953_0086_BHC2FMDSXY"
"357","933000320046906","u01_olivier_george_oxycodone","GTACAGCT","Riptide04",NA,NA,"200326_A00953_0086_BHC2FMDSXY"
"358","933000320046532","u01_olivier_george_oxycodone","ATCCTAGG","Riptide04",NA,NA,"200326_A00953_0086_BHC2FMDSXY"
"359","933000320047145","u01_olivier_george_oxycodone","GAAGCTTC","Riptide04",NA,NA,"200326_A00953_0086_BHC2FMDSXY"
"360","933000320045733","u01_olivier_george_oxycodone","GTGTCACA","Riptide04",NA,NA,"200326_A00953_0086_BHC2FMDSXY"
"361","933000320047259","u01_olivier_george_scrub","TACGAACC","Riptide04",NA,NA,"200326_A00953_0086_BHC2FMDSXY"
"362","933000320045783","u01_olivier_george_oxycodone","CACTAGAC","Riptide04",NA,NA,"200326_A00953_0086_BHC2FMDSXY"
"363","933000320047131","u01_olivier_george_oxycodone","CTCTCACA","Riptide04",NA,NA,"200326_A00953_0086_BHC2FMDSXY"
"364","933000320047287","u01_olivier_george_cocaine","CTTCCAAC","Riptide04",NA,NA,"200326_A00953_0086_BHC2FMDSXY"
"365","933000320047108","u01_olivier_george_cocaine","ACAGTCAC","Riptide04",NA,NA,"200326_A00953_0086_BHC2FMDSXY"
"366","933000320047136","u01_olivier_george_cocaine","ACACGTCA","Riptide04",NA,NA,"200326_A00953_0086_BHC2FMDSXY"
"367","933000320045669","u01_olivier_george_oxycodone","CTTGTCCA","Riptide04",NA,NA,"200326_A00953_0086_BHC2FMDSXY"
"368","933000320047290","u01_olivier_george_cocaine","TGACGTGT","Riptide04",NA,NA,"200326_A00953_0086_BHC2FMDSXY"
"369","933000320047500","u01_olivier_george_cocaine","GGTTCCAA","Riptide04",NA,NA,"200326_A00953_0086_BHC2FMDSXY"
"370","933000320047267","u01_olivier_george_oxycodone","CAACCTAG","Riptide04",NA,NA,"200326_A00953_0086_BHC2FMDSXY"
"371","933000320047149","u01_olivier_george_oxycodone","TAGCTACG","Riptide04",NA,NA,"200326_A00953_0086_BHC2FMDSXY"
"372","933000320047150","u01_olivier_george_cocaine","GACATCTG","Riptide04",NA,NA,"200326_A00953_0086_BHC2FMDSXY"
"373","933000320047312","u01_olivier_george_cocaine","TACCATGG","Riptide04",NA,NA,"200326_A00953_0086_BHC2FMDSXY"
"374","933000320047292","u01_olivier_george_oxycodone","GCTTCCTA","Riptide04",NA,NA,"200326_A00953_0086_BHC2FMDSXY"
"375","933000320046913","u01_olivier_george_oxycodone","TGACCACA","Riptide04",NA,NA,"200326_A00953_0086_BHC2FMDSXY"
"376","933000320046388","u01_olivier_george_oxycodone","ACACGTGT","Riptide04",NA,NA,"200326_A00953_0086_BHC2FMDSXY"
"377","933000320047141","u01_olivier_george_oxycodone","GAGTTCTG","Riptide04",NA,NA,"200326_A00953_0086_BHC2FMDSXY"
"378","933000320047101","u01_olivier_george_oxycodone","ACCAACGT","Riptide04",NA,NA,"200326_A00953_0086_BHC2FMDSXY"
"379","933000320047138","u01_olivier_george_oxycodone","CGATCGAT","Riptide04",NA,NA,"200326_A00953_0086_BHC2FMDSXY"
"380","933000320047486","u01_olivier_george_oxycodone","ACCACATG","Riptide04",NA,NA,"200326_A00953_0086_BHC2FMDSXY"
"381","933000320047115","u01_olivier_george_cocaine","GAGACACA","Riptide04",NA,NA,"200326_A00953_0086_BHC2FMDSXY"
"382","933000320047119","u01_olivier_george_cocaine","AGTGGTCT","Riptide04",NA,NA,"200326_A00953_0086_BHC2FMDSXY"
"383","933000320047480","u01_olivier_george_oxycodone","GAACTGCT","Riptide04",NA,NA,"200326_A00953_0086_BHC2FMDSXY"
"384","933000320047112","u01_olivier_george_cocaine","CACATGTG","Riptide04",NA,NA,"200326_A00953_0086_BHC2FMDSXY"
"385","933000320047384","u01_olivier_george_scrub","CGTACGTA","Riptide05",NA,NA,"200326_A00953_0086_BHC2FMDSXY"
"386","933000320047257","u01_olivier_george_oxycodone","AGCTAGCT","Riptide05",NA,NA,"200326_A00953_0086_BHC2FMDSXY"
"387","933000320047001","u01_olivier_george_cocaine","GCTTAACG","Riptide05",NA,NA,"200326_A00953_0086_BHC2FMDSXY"
"388","933000320047489","u01_olivier_george_oxycodone","ATCCGGTA","Riptide05",NA,NA,"200326_A00953_0086_BHC2FMDSXY"
"389","933000320046912","u01_olivier_george_oxycodone","TAGGCCAT","Riptide05",NA,NA,"200326_A00953_0086_BHC2FMDSXY"
"390","933000320047458","u01_olivier_george_oxycodone","GCTACGAT","Riptide05",NA,NA,"200326_A00953_0086_BHC2FMDSXY"
"391","933000320047383","u01_olivier_george_scrub","GATCAGCT","Riptide05",NA,NA,"200326_A00953_0086_BHC2FMDSXY"
"392","933000320047593","u01_olivier_george_cocaine","AACGTTGC","Riptide05",NA,NA,"200326_A00953_0086_BHC2FMDSXY"
"393","933000320047037","u01_olivier_george_cocaine","GACTTCAG","Riptide05",NA,NA,"200326_A00953_0086_BHC2FMDSXY"
"394","933000320047381","u01_olivier_george_scrub","GAGTTCAC","Riptide05",NA,NA,"200326_A00953_0086_BHC2FMDSXY"
"395","933000320047387","u01_olivier_george_scrub","GGATTAGG","Riptide05",NA,NA,"200326_A00953_0086_BHC2FMDSXY"
"396","933000320047107","u01_olivier_george_oxycodone","TGGTCTAG","Riptide05",NA,NA,"200326_A00953_0086_BHC2FMDSXY"
"397","933000320046802","u01_olivier_george_oxycodone","AGGAACGT","Riptide05",NA,NA,"200326_A00953_0086_BHC2FMDSXY"
"398","933000320047002","u01_olivier_george_scrub","AGGTAGGT","Riptide05",NA,NA,"200326_A00953_0086_BHC2FMDSXY"
"399","933000320047596","u01_olivier_george_oxycodone","GTACCAAC","Riptide05",NA,NA,"200326_A00953_0086_BHC2FMDSXY"
"400","933000320047284","u01_olivier_george_oxycodone","GACATCAC","Riptide05",NA,NA,"200326_A00953_0086_BHC2FMDSXY"
"401","933000320047046","u01_olivier_george_oxycodone","CTGTACAG","Riptide05",NA,NA,"200326_A00953_0086_BHC2FMDSXY"
"402","933000320047586","u01_olivier_george_oxycodone","CTAGAGCT","Riptide05",NA,NA,"200326_A00953_0086_BHC2FMDSXY"
"403","933000320047128","u01_olivier_george_oxycodone","CGTAGCAT","Riptide05",NA,NA,"200326_A00953_0086_BHC2FMDSXY"
"404","933000320047017","u01_olivier_george_cocaine","TGCACAAC","Riptide05",NA,NA,"200326_A00953_0086_BHC2FMDSXY"
"405","933000320047004","u01_olivier_george_oxycodone","ACCAAGGA","Riptide05",NA,NA,"200326_A00953_0086_BHC2FMDSXY"
"406","933000320047172","u01_olivier_george_cocaine","GCGCTATA","Riptide05",NA,NA,"200326_A00953_0086_BHC2FMDSXY"
"407","933000320046908","u01_olivier_george_oxycodone","GAACCATC","Riptide05",NA,NA,"200326_A00953_0086_BHC2FMDSXY"
"408","933000320047289","u01_olivier_george_oxycodone","CTACCATC","Riptide05",NA,NA,"200326_A00953_0086_BHC2FMDSXY"
"409","933000320047598","u01_olivier_george_cocaine","CTAGCTAG","Riptide05",NA,NA,"200326_A00953_0086_BHC2FMDSXY"
"410","933000320047049","u01_olivier_george_cocaine","CAGTCAGT","Riptide05",NA,NA,"200326_A00953_0086_BHC2FMDSXY"
"411","933000320047120","u01_olivier_george_oxycodone","GAAGTCCT","Riptide05",NA,NA,"200326_A00953_0086_BHC2FMDSXY"
"412","933000320047339","u01_olivier_george_cocaine","TCGATGGT","Riptide05",NA,NA,"200326_A00953_0086_BHC2FMDSXY"
"413","933000320047340","u01_olivier_george_cocaine","TCGAGTTG","Riptide05",NA,NA,"200326_A00953_0086_BHC2FMDSXY"
"414","933000320047452","u01_olivier_george_oxycodone","ACTGACTG","Riptide05",NA,NA,"200326_A00953_0086_BHC2FMDSXY"
"415","933000320046840","u01_olivier_george_oxycodone","GTGTTGAC","Riptide05",NA,NA,"200326_A00953_0086_BHC2FMDSXY"
"416","933000320047165","u01_olivier_george_scrub","CTCTACAC","Riptide05",NA,NA,"200326_A00953_0086_BHC2FMDSXY"
"417","933000320046814","u01_olivier_george_cocaine","GCCGTTAA","Riptide05",NA,NA,"200326_A00953_0086_BHC2FMDSXY"
"418","933000320047468","u01_olivier_george_oxycodone","GTGAACAG","Riptide05",NA,NA,"200326_A00953_0086_BHC2FMDSXY"
"419","933000320047451","u01_olivier_george_oxycodone","ATGCATGC","Riptide05",NA,NA,"200326_A00953_0086_BHC2FMDSXY"
"420","933000320047580","u01_olivier_george_oxycodone","TCCAAGGT","Riptide05",NA,NA,"200326_A00953_0086_BHC2FMDSXY"
"421","933000320047019","u01_olivier_george_cocaine","CTCTCAGT","Riptide05",NA,NA,"200326_A00953_0086_BHC2FMDSXY"
"422","933000320047018","u01_olivier_george_oxycodone","CAAGCTTG","Riptide05",NA,NA,"200326_A00953_0086_BHC2FMDSXY"
"423","933000320047171","u01_olivier_george_cocaine","CCAATACG","Riptide05",NA,NA,"200326_A00953_0086_BHC2FMDSXY"
"424","933000320046914","u01_olivier_george_oxycodone","CTGTCAGA","Riptide05",NA,NA,"200326_A00953_0086_BHC2FMDSXY"
"425","933000320046804","u01_olivier_george_oxycodone","AAGGTTCC","Riptide05",NA,NA,"200326_A00953_0086_BHC2FMDSXY"
"426","933000320047600","u01_olivier_george_cocaine","GGAAGCAT","Riptide05",NA,NA,"200326_A00953_0086_BHC2FMDSXY"
"427","933000320047006","u01_olivier_george_scrub","AGTGTCTG","Riptide05",NA,NA,"200326_A00953_0086_BHC2FMDSXY"
"428","933000320047342","u01_olivier_george_cocaine","GCTATTCC","Riptide05",NA,NA,"200326_A00953_0086_BHC2FMDSXY"
"429","933000320047337","u01_olivier_george_cocaine","TGACTGAC","Riptide05",NA,NA,"200326_A00953_0086_BHC2FMDSXY"
"430","933000320047341","u01_olivier_george_cocaine","TGCACTAG","Riptide05",NA,NA,"200326_A00953_0086_BHC2FMDSXY"
"431","933000320047584","u01_olivier_george_cocaine","GATCCTAG","Riptide05",NA,NA,"200326_A00953_0086_BHC2FMDSXY"
"432","933000320047348","u01_olivier_george_oxycodone","CTCATGAG","Riptide05",NA,NA,"200326_A00953_0086_BHC2FMDSXY"
"433","933000320047376","u01_olivier_george_scrub","GTACTGCA","Riptide05",NA,NA,"200326_A00953_0086_BHC2FMDSXY"
"434","933000320046921","u01_olivier_george_oxycodone","AACCTTGG","Riptide05",NA,NA,"200326_A00953_0086_BHC2FMDSXY"
"435","933000320047162","u01_olivier_george_cocaine","AGCTCTAG","Riptide05",NA,NA,"200326_A00953_0086_BHC2FMDSXY"
"436","933000320047113","u01_olivier_george_oxycodone","TGGTACGT","Riptide05",NA,NA,"200326_A00953_0086_BHC2FMDSXY"
"437","933000320047581","u01_olivier_george_cocaine","GCCGTATA","Riptide05",NA,NA,"200326_A00953_0086_BHC2FMDSXY"
"438","933000320047333","u01_olivier_george_cocaine","CCATATGG","Riptide05",NA,NA,"200326_A00953_0086_BHC2FMDSXY"
"439","933000320047350","u01_olivier_george_oxycodone","TGGTCATG","Riptide05",NA,NA,"200326_A00953_0086_BHC2FMDSXY"
"440","933000320046806","u01_olivier_george_oxycodone","CCTAATCC","Riptide05",NA,NA,"200326_A00953_0086_BHC2FMDSXY"
"441","933000320047595","u01_olivier_george_cocaine","TGGTGTAC","Riptide05",NA,NA,"200326_A00953_0086_BHC2FMDSXY"
"442","933000320046812","u01_olivier_george_cocaine","AACCGGTT","Riptide05",NA,NA,"200326_A00953_0086_BHC2FMDSXY"
"443","933000320047327","u01_olivier_george_cocaine","CAACGTAC","Riptide05",NA,NA,"200326_A00953_0086_BHC2FMDSXY"
"444","933000320046823","u01_olivier_george_cocaine","GAGACAGT","Riptide05",NA,NA,"200326_A00953_0086_BHC2FMDSXY"
"445","933000320047139","u01_olivier_george_oxycodone","CTTCCATG","Riptide05",NA,NA,"200326_A00953_0086_BHC2FMDSXY"
"446","933000320047583","u01_olivier_george_cocaine","ATCGTAGC","Riptide05",NA,NA,"200326_A00953_0086_BHC2FMDSXY"
"447","933000320047330","u01_olivier_george_cocaine","CGTAGCTA","Riptide05",NA,NA,"200326_A00953_0086_BHC2FMDSXY"
"448","933000320046841","u01_olivier_george_cocaine","GATGCATC","Riptide05",NA,NA,"200326_A00953_0086_BHC2FMDSXY"
"449","933000320047040","u01_olivier_george_cocaine","ACCTGTTC","Riptide05",NA,NA,"200326_A00953_0086_BHC2FMDSXY"
"450","933000320047166","u01_olivier_george_cocaine","CAGTTGAC","Riptide05",NA,NA,"200326_A00953_0086_BHC2FMDSXY"
"451","933000320047582","u01_olivier_george_cocaine","ACTGTGAC","Riptide05",NA,NA,"200326_A00953_0086_BHC2FMDSXY"
"452","933000320047454","u01_olivier_george_oxycodone","CATGCTTC","Riptide05",NA,NA,"200326_A00953_0086_BHC2FMDSXY"
"453","933000320047045","u01_olivier_george_cocaine","GTACAGCT","Riptide05",NA,NA,"200326_A00953_0086_BHC2FMDSXY"
"454","933000320047023","u01_olivier_george_scrub","ATCCTAGG","Riptide05",NA,NA,"200326_A00953_0086_BHC2FMDSXY"
"455","933000320046848","u01_olivier_george_scrub","GAAGCTTC","Riptide05",NA,NA,"200326_A00953_0086_BHC2FMDSXY"
"456","933000320047011","u01_olivier_george_cocaine","GTGTCACA","Riptide05",NA,NA,"200326_A00953_0086_BHC2FMDSXY"
"457","933000320047336","u01_olivier_george_oxycodone","TACGAACC","Riptide05",NA,NA,"200326_A00953_0086_BHC2FMDSXY"
"458","933000320047346","u01_olivier_george_cocaine","CACTAGAC","Riptide05",NA,NA,"200326_A00953_0086_BHC2FMDSXY"
"459","933000320046842","u01_olivier_george_cocaine","CTCTCACA","Riptide05",NA,NA,"200326_A00953_0086_BHC2FMDSXY"
"460","933000320047294","u01_olivier_george_oxycodone","CTTCCAAC","Riptide05",NA,NA,"200326_A00953_0086_BHC2FMDSXY"
"461","933000320047592","u01_olivier_george_cocaine","ACAGTCAC","Riptide05",NA,NA,"200326_A00953_0086_BHC2FMDSXY"
"462","933000320046818","u01_olivier_george_cocaine","ACACGTCA","Riptide05",NA,NA,"200326_A00953_0086_BHC2FMDSXY"
"463","933000320047164","u01_olivier_george_scrub","CTTGTCCA","Riptide05",NA,NA,"200326_A00953_0086_BHC2FMDSXY"
"464","933000320047154","u01_olivier_george_cocaine","TGACGTGT","Riptide05",NA,NA,"200326_A00953_0086_BHC2FMDSXY"
"465","933000320047169","u01_olivier_george_cocaine","GGTTCCAA","Riptide05",NA,NA,"200326_A00953_0086_BHC2FMDSXY"
"466","933000320046833","u01_olivier_george_cocaine","CAACCTAG","Riptide05",NA,NA,"200326_A00953_0086_BHC2FMDSXY"
"467","933000320047152","u01_olivier_george_cocaine","TAGCTACG","Riptide05",NA,NA,"200326_A00953_0086_BHC2FMDSXY"
"468","933000320046822","u01_olivier_george_cocaine","GACATCTG","Riptide05",NA,NA,"200326_A00953_0086_BHC2FMDSXY"
"469","933000320046832","u01_olivier_george_cocaine","TACCATGG","Riptide05",NA,NA,"200326_A00953_0086_BHC2FMDSXY"
"470","933000320047332","u01_olivier_george_cocaine","GCTTCCTA","Riptide05",NA,NA,"200326_A00953_0086_BHC2FMDSXY"
"471","933000320047015","u01_olivier_george_oxycodone","TGACCACA","Riptide05",NA,NA,"200326_A00953_0086_BHC2FMDSXY"
"472","933000320047167","u01_olivier_george_cocaine","ACACGTGT","Riptide05",NA,NA,"200326_A00953_0086_BHC2FMDSXY"
"473","933000320046847","u01_olivier_george_cocaine","GAGTTCTG","Riptide05",NA,NA,"200326_A00953_0086_BHC2FMDSXY"
"474","933000320047331","u01_olivier_george_cocaine","ACCAACGT","Riptide05",NA,NA,"200326_A00953_0086_BHC2FMDSXY"
"475","933000320046801","u01_olivier_george_cocaine","CGATCGAT","Riptide05",NA,NA,"200326_A00953_0086_BHC2FMDSXY"
"476","933000320047253","u01_olivier_george_oxycodone","ACCACATG","Riptide05",NA,NA,"200326_A00953_0086_BHC2FMDSXY"
"477","933000320046815","u01_olivier_george_cocaine","GAGACACA","Riptide05",NA,NA,"200326_A00953_0086_BHC2FMDSXY"
"478","933000320047344","u01_olivier_george_oxycodone","AGTGGTCT","Riptide05","NO BARCODE",NA,"200326_A00953_0086_BHC2FMDSXY"
"479","933000320047335","u01_olivier_george_cocaine","GAACTGCT","Riptide05",NA,NA,"200326_A00953_0086_BHC2FMDSXY"
"480","933000320047386","u01_olivier_george_scrub","CACATGTG","Riptide05",NA,NA,"200326_A00953_0086_BHC2FMDSXY"
"481","933000120138553","u01_tom_jhou","CGTACGTA","Riptide06",NA,NA,"200326_A00953_0086_BHC2FMDSXY"
"482","933000320046784","u01_tom_jhou","AGCTAGCT","Riptide06",NA,NA,"200326_A00953_0086_BHC2FMDSXY"
"483","933000320046164","u01_tom_jhou","GCTTAACG","Riptide06",NA,NA,"200326_A00953_0086_BHC2FMDSXY"
"484","933000120138373","u01_tom_jhou","ATCCGGTA","Riptide06",NA,NA,"200326_A00953_0086_BHC2FMDSXY"
"485","933000320046296","u01_tom_jhou","TAGGCCAT","Riptide06",NA,NA,"200326_A00953_0086_BHC2FMDSXY"
"486","933000320046780","u01_tom_jhou","GCTACGAT","Riptide06",NA,NA,"200326_A00953_0086_BHC2FMDSXY"
"487","933000320046810","u01_olivier_george_cocaine","GATCAGCT","Riptide06",NA,NA,"200326_A00953_0086_BHC2FMDSXY"
"488","933000120138542","u01_tom_jhou","AACGTTGC","Riptide06",NA,NA,"200326_A00953_0086_BHC2FMDSXY"
"489","933000320046777","u01_tom_jhou","GACTTCAG","Riptide06",NA,NA,"200326_A00953_0086_BHC2FMDSXY"
"490","933000320046277","u01_tom_jhou","GAGTTCAC","Riptide06",NA,NA,"200326_A00953_0086_BHC2FMDSXY"
"491","933000320046295","u01_tom_jhou","GGATTAGG","Riptide06",NA,NA,"200326_A00953_0086_BHC2FMDSXY"
"492","933000320046749","u01_tom_jhou","TGGTCTAG","Riptide06",NA,NA,"200326_A00953_0086_BHC2FMDSXY"
"493","933000120138531","u01_tom_jhou","AGGAACGT","Riptide06",NA,NA,"200326_A00953_0086_BHC2FMDSXY"
"494","933000120138543","u01_tom_jhou","AGGTAGGT","Riptide06",NA,NA,"200326_A00953_0086_BHC2FMDSXY"
"495","933000320045816","u01_tom_jhou","GTACCAAC","Riptide06",NA,NA,"200326_A00953_0086_BHC2FMDSXY"
"496","933000320046157","u01_tom_jhou","GACATCAC","Riptide06",NA,NA,"200326_A00953_0086_BHC2FMDSXY"
"497","933000320045928","u01_tom_jhou","CTGTACAG","Riptide06",NA,NA,"200326_A00953_0086_BHC2FMDSXY"
"498","933000320045817","u01_tom_jhou","CTAGAGCT","Riptide06",NA,NA,"200326_A00953_0086_BHC2FMDSXY"
"499","933000320046289","u01_tom_jhou","CGTAGCAT","Riptide06",NA,NA,"200326_A00953_0086_BHC2FMDSXY"
"500","933000320046416","u01_tom_jhou","TGCACAAC","Riptide06",NA,NA,"200326_A00953_0086_BHC2FMDSXY"
"501","933000320046279","u01_tom_jhou","ACCAAGGA","Riptide06",NA,NA,"200326_A00953_0086_BHC2FMDSXY"
"502","933000320046281","u01_tom_jhou","GCGCTATA","Riptide06",NA,NA,"200326_A00953_0086_BHC2FMDSXY"
"503","933000320046300","u01_tom_jhou","GAACCATC","Riptide06",NA,NA,"200326_A00953_0086_BHC2FMDSXY"
"504","933000320046738","u01_tom_jhou","CTACCATC","Riptide06",NA,NA,"200326_A00953_0086_BHC2FMDSXY"
"505","933000320046291","u01_tom_jhou","CTAGCTAG","Riptide06",NA,NA,"200326_A00953_0086_BHC2FMDSXY"
"506","933000320045814","u01_tom_jhou","CAGTCAGT","Riptide06",NA,NA,"200326_A00953_0086_BHC2FMDSXY"
"507","933000320046280","u01_tom_jhou","GAAGTCCT","Riptide06",NA,NA,"200326_A00953_0086_BHC2FMDSXY"
"508","933000320046789","u01_tom_jhou","TCGATGGT","Riptide06","MISMATCH",NA,"200326_A00953_0086_BHC2FMDSXY"
"509","933000320046290","u01_tom_jhou","TCGAGTTG","Riptide06",NA,NA,"200326_A00953_0086_BHC2FMDSXY"
"510","933000120138374","u01_tom_jhou","ACTGACTG","Riptide06",NA,NA,"200326_A00953_0086_BHC2FMDSXY"
"511","933000320045819","u01_tom_jhou","GTGTTGAC","Riptide06",NA,NA,"200326_A00953_0086_BHC2FMDSXY"
"512","933000120138369","u01_tom_jhou","CTCTACAC","Riptide06",NA,NA,"200326_A00953_0086_BHC2FMDSXY"
"513","933000320046638","u01_tom_jhou","GCCGTTAA","Riptide06",NA,NA,"200326_A00953_0086_BHC2FMDSXY"
"514","933000320046043","u01_tom_jhou","GTGAACAG","Riptide06",NA,NA,"200326_A00953_0086_BHC2FMDSXY"
"515","933000120138535","u01_tom_jhou","ATGCATGC","Riptide06",NA,NA,"200326_A00953_0086_BHC2FMDSXY"
"516","933000320046733","u01_tom_jhou","TCCAAGGT","Riptide06",NA,NA,"200326_A00953_0086_BHC2FMDSXY"
"517","933000320046415","u01_tom_jhou","CTCTCAGT","Riptide06",NA,NA,"200326_A00953_0086_BHC2FMDSXY"
"518","933000320046567","u01_tom_jhou","CAAGCTTG","Riptide06",NA,NA,"200326_A00953_0086_BHC2FMDSXY"
"519","933000320046791","u01_tom_jhou","CCAATACG","Riptide06",NA,NA,"200326_A00953_0086_BHC2FMDSXY"
"520","933000120138539","u01_tom_jhou","CTGTCAGA","Riptide06",NA,NA,"200326_A00953_0086_BHC2FMDSXY"
"521","933000320045823","u01_tom_jhou","AAGGTTCC","Riptide06",NA,NA,"200326_A00953_0086_BHC2FMDSXY"
"522","933000320046751","u01_tom_jhou","GGAAGCAT","Riptide06",NA,NA,"200326_A00953_0086_BHC2FMDSXY"
"523","933000320046308","u01_tom_jhou","AGTGTCTG","Riptide06",NA,NA,"200326_A00953_0086_BHC2FMDSXY"
"524","933000320045813","u01_tom_jhou","GCTATTCC","Riptide06",NA,NA,"200326_A00953_0086_BHC2FMDSXY"
"525","933000320046155","u01_tom_jhou","TGACTGAC","Riptide06",NA,NA,"200326_A00953_0086_BHC2FMDSXY"
"526","933000320046160","u01_tom_jhou","TGCACTAG","Riptide06",NA,NA,"200326_A00953_0086_BHC2FMDSXY"
"527","933000320046293","u01_tom_jhou","GATCCTAG","Riptide06",NA,NA,"200326_A00953_0086_BHC2FMDSXY"
"528","933000120138357","u01_tom_jhou","CTCATGAG","Riptide06","NO TRANSPONDER",NA,"200326_A00953_0086_BHC2FMDSXY"
"529","933000320046407","u01_tom_jhou","GTACTGCA","Riptide06",NA,NA,"200326_A00953_0086_BHC2FMDSXY"
"530","933000320046487","u01_tom_jhou","AACCTTGG","Riptide06",NA,NA,"200326_A00953_0086_BHC2FMDSXY"
"531","933000320046325","u01_tom_jhou","AGCTCTAG","Riptide06",NA,NA,"200326_A00953_0086_BHC2FMDSXY"
"532","933000320046286","u01_tom_jhou","TGGTACGT","Riptide06",NA,NA,"200326_A00953_0086_BHC2FMDSXY"
"533","933000320046283","u01_tom_jhou","GCCGTATA","Riptide06",NA,NA,"200326_A00953_0086_BHC2FMDSXY"
"534","933000320046163","u01_tom_jhou","CCATATGG","Riptide06",NA,NA,"200326_A00953_0086_BHC2FMDSXY"
"535","933000320046408","u01_tom_jhou","TGGTCATG","Riptide06",NA,NA,"200326_A00953_0086_BHC2FMDSXY"
"536","933000120138362","u01_tom_jhou","CCTAATCC","Riptide06",NA,NA,"200326_A00953_0086_BHC2FMDSXY"
"537","933000320046776","u01_tom_jhou","TGGTGTAC","Riptide06",NA,NA,"200326_A00953_0086_BHC2FMDSXY"
"538","933000120138550","u01_tom_jhou","AACCGGTT","Riptide06",NA,NA,"200326_A00953_0086_BHC2FMDSXY"
"539","933000320046556","u01_tom_jhou","CAACGTAC","Riptide06",NA,NA,"200326_A00953_0086_BHC2FMDSXY"
"540","933000320046403","u01_tom_jhou","GAGACAGT","Riptide06",NA,NA,"200326_A00953_0086_BHC2FMDSXY"
"541","933000320046419","u01_tom_jhou","CTTCCATG","Riptide06",NA,NA,"200326_A00953_0086_BHC2FMDSXY"
"542","933000320045943","u01_tom_jhou","ATCGTAGC","Riptide06",NA,NA,"200326_A00953_0086_BHC2FMDSXY"
"543","933000120138364","u01_tom_jhou","CGTAGCTA","Riptide06","NO TRANSPONDER",NA,"200326_A00953_0086_BHC2FMDSXY"
"544","933000320045825","u01_tom_jhou","GATGCATC","Riptide06","Original RFID was 933000320046825","Suspect RFID","200326_A00953_0086_BHC2FMDSXY"
"545","933000320046797","u01_tom_jhou","ACCTGTTC","Riptide06",NA,NA,"200326_A00953_0086_BHC2FMDSXY"
"546","933000320045807","u01_tom_jhou","CAGTTGAC","Riptide06",NA,NA,"200326_A00953_0086_BHC2FMDSXY"
"547","933000320045935","u01_tom_jhou","ACTGTGAC","Riptide06",NA,NA,"200326_A00953_0086_BHC2FMDSXY"
"548","933000320046728","u01_tom_jhou","CATGCTTC","Riptide06",NA,NA,"200326_A00953_0086_BHC2FMDSXY"
"549","933000320046788","u01_tom_jhou","GTACAGCT","Riptide06","MISMATCH",NA,"200326_A00953_0086_BHC2FMDSXY"
"550","933000320046413","u01_tom_jhou","ATCCTAGG","Riptide06",NA,NA,"200326_A00953_0086_BHC2FMDSXY"
"551","933000320046732","u01_tom_jhou","GAAGCTTC","Riptide06",NA,NA,"200326_A00953_0086_BHC2FMDSXY"
"552","933000320045940","u01_tom_jhou","GTGTCACA","Riptide06",NA,NA,"200326_A00953_0086_BHC2FMDSXY"
"553","933000120138365","u01_tom_jhou","TACGAACC","Riptide06","NO TRANSPONDER",NA,"200326_A00953_0086_BHC2FMDSXY"
"554","933000320046297","u01_tom_jhou","CACTAGAC","Riptide06","BROKEN TRANSPONDER",NA,"200326_A00953_0086_BHC2FMDSXY"
"555","933000120138361","u01_tom_jhou","CTCTCACA","Riptide06",NA,NA,"200326_A00953_0086_BHC2FMDSXY"
"556","933000120138367","u01_tom_jhou","CTTCCAAC","Riptide06",NA,NA,"200326_A00953_0086_BHC2FMDSXY"
"557","933000320046785","u01_tom_jhou","ACAGTCAC","Riptide06",NA,NA,"200326_A00953_0086_BHC2FMDSXY"
"558","933000120138380","u01_tom_jhou","ACACGTCA","Riptide06",NA,NA,"200326_A00953_0086_BHC2FMDSXY"
"559","933000320046637","u01_tom_jhou","CTTGTCCA","Riptide06",NA,NA,"200326_A00953_0086_BHC2FMDSXY"
"560","933000320045808","u01_tom_jhou","TGACGTGT","Riptide06",NA,NA,"200326_A00953_0086_BHC2FMDSXY"
"561","933000320046795","u01_tom_jhou","GGTTCCAA","Riptide06",NA,NA,"200326_A00953_0086_BHC2FMDSXY"
"562","933000120138540","u01_tom_jhou","CAACCTAG","Riptide06",NA,NA,"200326_A00953_0086_BHC2FMDSXY"
"563","933000320046278","u01_tom_jhou","TAGCTACG","Riptide06",NA,NA,"200326_A00953_0086_BHC2FMDSXY"
"564","933000320046554","u01_tom_jhou","GACATCTG","Riptide06",NA,NA,"200326_A00953_0086_BHC2FMDSXY"
"565","933000320046562","u01_tom_jhou","TACCATGG","Riptide06",NA,NA,"200326_A00953_0086_BHC2FMDSXY"
"566","933000320045801","u01_tom_jhou","GCTTCCTA","Riptide06",NA,NA,"200326_A00953_0086_BHC2FMDSXY"
"567","933000320046162","u01_tom_jhou","TGACCACA","Riptide06","NO TRANSPONDER",NA,"200326_A00953_0086_BHC2FMDSXY"
"568","933000320046287","u01_tom_jhou","ACACGTGT","Riptide06",NA,NA,"200326_A00953_0086_BHC2FMDSXY"
"569","933000320046402","u01_tom_jhou","GAGTTCTG","Riptide06",NA,NA,"200326_A00953_0086_BHC2FMDSXY"
"570","933000320046039","u01_tom_jhou","ACCAACGT","Riptide06",NA,NA,"200326_A00953_0086_BHC2FMDSXY"
"571","933000120138536","u01_tom_jhou","CGATCGAT","Riptide06",NA,NA,"200326_A00953_0086_BHC2FMDSXY"
"572","933000320046285","u01_tom_jhou","ACCACATG","Riptide06",NA,NA,"200326_A00953_0086_BHC2FMDSXY"
"573","933000320046557","u01_tom_jhou","GAGACACA","Riptide06",NA,NA,"200326_A00953_0086_BHC2FMDSXY"
"574","933000320046031","u01_tom_jhou","AGTGGTCT","Riptide06",NA,NA,"200326_A00953_0086_BHC2FMDSXY"
"575","933000320045806","u01_tom_jhou","GAACTGCT","Riptide06",NA,NA,"200326_A00953_0086_BHC2FMDSXY"
"576","933000320045979","u01_tom_jhou","CACATGTG","Riptide06",NA,NA,"200326_A00953_0086_BHC2FMDSXY"
"577","933000320045886","u01_suzanne_mitchell","CGTACGTA","Riptide08",NA,NA,"200326_A00953_0086_BHC2FMDSXY"
"578","933000320047050","u01_olivier_george_oxycodone","AGCTAGCT","Riptide08",NA,NA,"200326_A00953_0086_BHC2FMDSXY"
"579","933000320047008","u01_olivier_george_oxycodone","GCTTAACG","Riptide08",NA,NA,"200326_A00953_0086_BHC2FMDSXY"
"580","933000320045912","u01_suzanne_mitchell","ATCCGGTA","Riptide08",NA,NA,"200326_A00953_0086_BHC2FMDSXY"
"581","933000320047347","u01_olivier_george_oxycodone","TAGGCCAT","Riptide08",NA,NA,"200326_A00953_0086_BHC2FMDSXY"
"582","933000320046265","u01_suzanne_mitchell","GCTACGAT","Riptide08",NA,NA,"200326_A00953_0086_BHC2FMDSXY"
"583","933000320045899","u01_suzanne_mitchell","GATCAGCT","Riptide08",NA,NA,"200326_A00953_0086_BHC2FMDSXY"
"584","933000320045901","u01_suzanne_mitchell","AACGTTGC","Riptide08",NA,NA,"200326_A00953_0086_BHC2FMDSXY"
"585","933000320046252","u01_suzanne_mitchell","GACTTCAG","Riptide08",NA,NA,"200326_A00953_0086_BHC2FMDSXY"
"586","933000320047007","u01_olivier_george_oxycodone","GAGTTCAC","Riptide08",NA,NA,"200326_A00953_0086_BHC2FMDSXY"
"587","933000320046821","u01_olivier_george_oxycodone","GGATTAGG","Riptide08",NA,NA,"200326_A00953_0086_BHC2FMDSXY"
"588","933000320045888","u01_suzanne_mitchell","TGGTCTAG","Riptide08",NA,NA,"200326_A00953_0086_BHC2FMDSXY"
"589","933000320046839","u01_olivier_george_oxycodone","AGGAACGT","Riptide08",NA,NA,"200326_A00953_0086_BHC2FMDSXY"
"590","933000320045887","u01_suzanne_mitchell","AGGTAGGT","Riptide08",NA,NA,"200326_A00953_0086_BHC2FMDSXY"
"591","933000320046274","u01_suzanne_mitchell","GTACCAAC","Riptide08",NA,NA,"200326_A00953_0086_BHC2FMDSXY"
"592","933000320046072","u01_suzanne_mitchell","GACATCAC","Riptide08",NA,NA,"200326_A00953_0086_BHC2FMDSXY"
"593","933000320046266","u01_suzanne_mitchell","CTGTACAG","Riptide08",NA,NA,"200326_A00953_0086_BHC2FMDSXY"
"594","933000320047173","u01_olivier_george_oxycodone","CTAGAGCT","Riptide08",NA,NA,"200326_A00953_0086_BHC2FMDSXY"
"595","933000320046053","u01_suzanne_mitchell","CGTAGCAT","Riptide08",NA,NA,"200326_A00953_0086_BHC2FMDSXY"
"596","933000320047597","u01_olivier_george_oxycodone","TGCACAAC","Riptide08",NA,NA,"200326_A00953_0086_BHC2FMDSXY"
"597","933000320046817","u01_olivier_george_oxycodone","ACCAAGGA","Riptide08",NA,NA,"200326_A00953_0086_BHC2FMDSXY"
"598","933000320046268","u01_suzanne_mitchell","GCGCTATA","Riptide08",NA,NA,"200326_A00953_0086_BHC2FMDSXY"
"599","933000320045880","u01_suzanne_mitchell","GAACCATC","Riptide08",NA,NA,"200326_A00953_0086_BHC2FMDSXY"
"600","933000320046070","u01_suzanne_mitchell","CTACCATC","Riptide08",NA,NA,"200326_A00953_0086_BHC2FMDSXY"
"601","933000320046828","u01_olivier_george_oxycodone","CTAGCTAG","Riptide08",NA,NA,"200326_A00953_0086_BHC2FMDSXY"
"602","933000320045907","u01_suzanne_mitchell","CAGTCAGT","Riptide08",NA,NA,"200326_A00953_0086_BHC2FMDSXY"
"603","933000320045918","u01_suzanne_mitchell","GAAGTCCT","Riptide08",NA,NA,"200326_A00953_0086_BHC2FMDSXY"
"604","933000320046184","u01_suzanne_mitchell","TCGATGGT","Riptide08",NA,NA,"200326_A00953_0086_BHC2FMDSXY"
"605","933000320046282","u01_suzanne_mitchell","TCGAGTTG","Riptide08",NA,NA,"200326_A00953_0086_BHC2FMDSXY"
"606","933000320046188","u01_suzanne_mitchell","ACTGACTG","Riptide08",NA,NA,"200326_A00953_0086_BHC2FMDSXY"
"607","933000320046819","u01_olivier_george_oxycodone","GTGTTGAC","Riptide08",NA,NA,"200326_A00953_0086_BHC2FMDSXY"
"608","933000320046065","u01_suzanne_mitchell","CTCTACAC","Riptide08",NA,NA,"200326_A00953_0086_BHC2FMDSXY"
"609","933000320046816","u01_olivier_george_oxycodone","GCCGTTAA","Riptide08",NA,NA,"200326_A00953_0086_BHC2FMDSXY"
"610","933000320047326","u01_olivier_george_oxycodone","GTGAACAG","Riptide08",NA,NA,"200326_A00953_0086_BHC2FMDSXY"
"611","933000320045911","u01_suzanne_mitchell","ATGCATGC","Riptide08",NA,NA,"200326_A00953_0086_BHC2FMDSXY"
"612","933000320045891","u01_suzanne_mitchell","TCCAAGGT","Riptide08",NA,NA,"200326_A00953_0086_BHC2FMDSXY"
"613","933000320045883","u01_suzanne_mitchell","CTCTCAGT","Riptide08",NA,NA,"200326_A00953_0086_BHC2FMDSXY"
"614","933000320047003","u01_olivier_george_oxycodone","CAAGCTTG","Riptide08",NA,NA,"200326_A00953_0086_BHC2FMDSXY"
"615","933000320046051","u01_suzanne_mitchell","CCAATACG","Riptide08",NA,NA,"200326_A00953_0086_BHC2FMDSXY"
"616","933000320046824","u01_olivier_george_oxycodone","CTGTCAGA","Riptide08",NA,NA,"200326_A00953_0086_BHC2FMDSXY"
"617","933000320045894","u01_suzanne_mitchell","AAGGTTCC","Riptide08",NA,NA,"200326_A00953_0086_BHC2FMDSXY"
"618","933000320046057","u01_suzanne_mitchell","GGAAGCAT","Riptide08",NA,NA,"200326_A00953_0086_BHC2FMDSXY"
"619","933000320046809","u01_olivier_george_oxycodone","AGTGTCTG","Riptide08",NA,NA,"200326_A00953_0086_BHC2FMDSXY"
"620","933000320045885","u01_suzanne_mitchell","GCTATTCC","Riptide08",NA,NA,"200326_A00953_0086_BHC2FMDSXY"
"621","933000320047168","u01_olivier_george_oxycodone","TGACTGAC","Riptide08",NA,NA,"200326_A00953_0086_BHC2FMDSXY"
"622","933000320046260","u01_suzanne_mitchell","TGCACTAG","Riptide08",NA,NA,"200326_A00953_0086_BHC2FMDSXY"
"623","933000320045910","u01_suzanne_mitchell","GATCCTAG","Riptide08",NA,NA,"200326_A00953_0086_BHC2FMDSXY"
"624","933000320046055","u01_suzanne_mitchell","CTCATGAG","Riptide08",NA,NA,"200326_A00953_0086_BHC2FMDSXY"
"625","933000320046808","u01_olivier_george_oxycodone","GTACTGCA","Riptide08",NA,NA,"200326_A00953_0086_BHC2FMDSXY"
"626","933000320047156","u01_olivier_george_oxycodone","AACCTTGG","Riptide08",NA,NA,"200326_A00953_0086_BHC2FMDSXY"
"627","933000320045878","u01_suzanne_mitchell","AGCTCTAG","Riptide08",NA,NA,"200326_A00953_0086_BHC2FMDSXY"
"628","933000320046075","u01_suzanne_mitchell","TGGTACGT","Riptide08",NA,NA,"200326_A00953_0086_BHC2FMDSXY"
"629","933000320046811","u01_olivier_george_oxycodone","GCCGTATA","Riptide08",NA,NA,"200326_A00953_0086_BHC2FMDSXY"
"630","933000320046276","u01_suzanne_mitchell","CCATATGG","Riptide08",NA,NA,"200326_A00953_0086_BHC2FMDSXY"
"631","933000320046844","u01_olivier_george_oxycodone","TGGTCATG","Riptide08",NA,NA,"200326_A00953_0086_BHC2FMDSXY"
"632","933000320047033","u01_olivier_george_oxycodone","CCTAATCC","Riptide08",NA,NA,"200326_A00953_0086_BHC2FMDSXY"
"633","933000320046056","u01_suzanne_mitchell","TGGTGTAC","Riptide08",NA,NA,"200326_A00953_0086_BHC2FMDSXY"
"634","933000320045893","u01_suzanne_mitchell","AACCGGTT","Riptide08",NA,NA,"200326_A00953_0086_BHC2FMDSXY"
"635","933000320045898","u01_suzanne_mitchell","CAACGTAC","Riptide08",NA,NA,"200326_A00953_0086_BHC2FMDSXY"
"636","933000320046850","u01_olivier_george_oxycodone","GAGACAGT","Riptide08",NA,NA,"200326_A00953_0086_BHC2FMDSXY"
"637","933000320047170","u01_olivier_george_oxycodone","CTTCCATG","Riptide08",NA,NA,"200326_A00953_0086_BHC2FMDSXY"
"638","933000320046254","u01_suzanne_mitchell","ATCGTAGC","Riptide08",NA,NA,"200326_A00953_0086_BHC2FMDSXY"
"639","933000320046257","u01_suzanne_mitchell","CGTAGCTA","Riptide08",NA,NA,"200326_A00953_0086_BHC2FMDSXY"
"640","933000320046251","u01_suzanne_mitchell","GATGCATC","Riptide08",NA,NA,"200326_A00953_0086_BHC2FMDSXY"
"641","933000320046074","u01_suzanne_mitchell","ACCTGTTC","Riptide08",NA,NA,"200326_A00953_0086_BHC2FMDSXY"
"642","933000320046052","u01_suzanne_mitchell","CAGTTGAC","Riptide08",NA,NA,"200326_A00953_0086_BHC2FMDSXY"
"643","933000320047151","u01_olivier_george_oxycodone","ACTGTGAC","Riptide08",NA,NA,"200326_A00953_0086_BHC2FMDSXY"
"644","933000320046190","u01_suzanne_mitchell","CATGCTTC","Riptide08",NA,NA,"200326_A00953_0086_BHC2FMDSXY"
"645","933000320046253","u01_suzanne_mitchell","GTACAGCT","Riptide08",NA,NA,"200326_A00953_0086_BHC2FMDSXY"
"646","933000320046263","u01_suzanne_mitchell","ATCCTAGG","Riptide08",NA,NA,"200326_A00953_0086_BHC2FMDSXY"
"647","933000320045897","u01_suzanne_mitchell","GAAGCTTC","Riptide08",NA,NA,"200326_A00953_0086_BHC2FMDSXY"
"648","933000320046805","u01_olivier_george_oxycodone","GTGTCACA","Riptide08",NA,NA,"200326_A00953_0086_BHC2FMDSXY"
"649","933000320046820","u01_olivier_george_oxycodone","TACGAACC","Riptide08",NA,NA,"200326_A00953_0086_BHC2FMDSXY"
"650","933000320046067","u01_suzanne_mitchell","CACTAGAC","Riptide08",NA,NA,"200326_A00953_0086_BHC2FMDSXY"
"651","933000320046267","u01_suzanne_mitchell","CTCTCACA","Riptide08",NA,NA,"200326_A00953_0086_BHC2FMDSXY"
"652","933000320046256","u01_suzanne_mitchell","CTTCCAAC","Riptide08",NA,NA,"200326_A00953_0086_BHC2FMDSXY"
"653","933000320046269","u01_suzanne_mitchell","ACAGTCAC","Riptide08",NA,NA,"200326_A00953_0086_BHC2FMDSXY"
"654","933000320046062","u01_suzanne_mitchell","ACACGTCA","Riptide08",NA,NA,"200326_A00953_0086_BHC2FMDSXY"
"655","933000320046270","u01_suzanne_mitchell","CTTGTCCA","Riptide08",NA,NA,"200326_A00953_0086_BHC2FMDSXY"
"656","933000320046826","u01_olivier_george_oxycodone","TGACGTGT","Riptide08",NA,NA,"200326_A00953_0086_BHC2FMDSXY"
"657","933000320046275","u01_suzanne_mitchell","GGTTCCAA","Riptide08",NA,NA,"200326_A00953_0086_BHC2FMDSXY"
"658","933000320045900","u01_suzanne_mitchell","CAACCTAG","Riptide08",NA,NA,"200326_A00953_0086_BHC2FMDSXY"
"659","933000320046059","u01_suzanne_mitchell","TAGCTACG","Riptide08",NA,NA,"200326_A00953_0086_BHC2FMDSXY"
"660","933000320046258","u01_suzanne_mitchell","GACATCTG","Riptide08",NA,NA,"200326_A00953_0086_BHC2FMDSXY"
"661","933000320045921","u01_suzanne_mitchell","TACCATGG","Riptide08",NA,NA,"200326_A00953_0086_BHC2FMDSXY"
"662","933000320047587","u01_olivier_george_oxycodone","GCTTCCTA","Riptide08",NA,NA,"200326_A00953_0086_BHC2FMDSXY"
"663","933000320046060","u01_suzanne_mitchell","TGACCACA","Riptide08",NA,NA,"200326_A00953_0086_BHC2FMDSXY"
"664","933000320047022","u01_olivier_george_oxycodone","ACACGTGT","Riptide08",NA,NA,"200326_A00953_0086_BHC2FMDSXY"
"665","933000320045903","u01_suzanne_mitchell","GAGTTCTG","Riptide08",NA,NA,"200326_A00953_0086_BHC2FMDSXY"
"666","933000320045877","u01_suzanne_mitchell","ACCAACGT","Riptide08",NA,NA,"200326_A00953_0086_BHC2FMDSXY"
"667","933000320047328","u01_olivier_george_oxycodone","CGATCGAT","Riptide08",NA,NA,"200326_A00953_0086_BHC2FMDSXY"
"668","933000320046179","u01_suzanne_mitchell","ACCACATG","Riptide08",NA,NA,"200326_A00953_0086_BHC2FMDSXY"
"669","933000320047594","u01_olivier_george_oxycodone","GAGACACA","Riptide08",NA,NA,"200326_A00953_0086_BHC2FMDSXY"
"670","933000320046182","u01_suzanne_mitchell","AGTGGTCT","Riptide08",NA,NA,"200326_A00953_0086_BHC2FMDSXY"
"671","933000320045892","u01_suzanne_mitchell","GAACTGCT","Riptide08",NA,NA,"200326_A00953_0086_BHC2FMDSXY"
"672","933000320046255","u01_suzanne_mitchell","CACATGTG","Riptide08",NA,NA,"200326_A00953_0086_BHC2FMDSXY"
