"rfid","runid","fastq_files","library_name","pcr_barcode","project_name","barcode","filename","comments","flag","sex","coatcolor","organism","strain","dames","sires"
"1DCD1762","201002_A00953_0161_AHLGVKDSXY","R15_S5_L003_R1_001.fastq.gz; R15_S5_L003_R2_001.fastq.gz","Riptide15",5,"p50_jerry_richards_2020","TACGAACC","2020-08-10-Flowcell Sample-Barcode list (KN03 Pool) .xlsx",NA,NA,"M","ALBINO","rat","Heterogenous stock","74142_2","74143_1"
"933000120138409","200221_A00953_0069_BH5T5LDSXY","Hbim_01_Plate_09_S9_L003_R1_001.fastq.gz;Hbim_01_Plate_09_S9_L003_R2_001.fastq.gz","Riptide02",9,"u01_olivier_george_cocaine","GGATTAGG","2020-01-16-Flowcell Sample-Barcode list-Riptide-UMich2-Riptide03_NovaSeq01.xlsx",NA,NA,"M","ALBINO","rat","Heterogenous stock","72624_2","72531_2"
"933000120138682","200221_A00953_0069_BH5T5LDSXY","Hbim_01_Plate_09_S9_L003_R1_001.fastq.gz;Hbim_01_Plate_09_S9_L003_R2_001.fastq.gz","Riptide02",9,"u01_olivier_george_cocaine","GATCAGCT","2020-01-16-Flowcell Sample-Barcode list-Riptide-UMich2-Riptide03_NovaSeq01.xlsx",NA,NA,"F","BROWNHOOD","rat","Heterogenous stock","72541_5","72689_1"
"933000120138743","200221_A00953_0069_BH5T5LDSXY","Hbim_01_Plate_09_S9_L003_R1_001.fastq.gz;Hbim_01_Plate_09_S9_L003_R2_001.fastq.gz","Riptide02",9,"u01_olivier_george_cocaine","TGACTGAC","2020-01-16-Flowcell Sample-Barcode list-Riptide-UMich2-Riptide03_NovaSeq01.xlsx",NA,NA,"F","BROWN","rat","Heterogenous stock","72669_2","72591_5"
"933000120138750","200221_A00953_0069_BH5T5LDSXY","Hbim_01_Plate_09_S9_L003_R1_001.fastq.gz;Hbim_01_Plate_09_S9_L003_R2_001.fastq.gz","Riptide02",9,"u01_olivier_george_cocaine","CTGTCAGA","2020-01-16-Flowcell Sample-Barcode list-Riptide-UMich2-Riptide03_NovaSeq01.xlsx",NA,NA,"M","ALBINO","rat","Heterogenous stock","72669_2","72591_5"
"933000320045791","200221_A00953_0069_BH5T5LDSXY","Hbim_01_Plate_10_S10_L003_R1_001.fastq.gz;Hbim_01_Plate_10_S10_L003_R2_001.fastq.gz","Riptide03",10,"u01_olivier_george_cocaine","CTGTACAG","2020-01-16-Flowcell Sample-Barcode list-Riptide-UMich2-Riptide03_NovaSeq01.xlsx",NA,NA,"M","ALBINO","rat","Heterogenous stock","72789_2","72799_1"
"933000320045989","201002_A00953_0161_AHLGVKDSXY","R16_S6_L003_R1_001.fastq.gz; R16_S6_L003_R2_001.fastq.gz","Riptide16",6,"u01_tom_jhou","CCTAATCC","2020-08-10-Flowcell Sample-Barcode list (KN03 Pool) .xlsx",NA,NA,"F","BLACKHOOD","rat","Heterogenous stock","72791_2","72780_1"
"933000320045991","201002_A00953_0161_AHLGVKDSXY","R16_S6_L003_R1_001.fastq.gz; R16_S6_L003_R2_001.fastq.gz","Riptide16",6,"u01_tom_jhou","CTGTACAG","2020-08-10-Flowcell Sample-Barcode list (KN03 Pool) .xlsx",NA,NA,"M","BROWN","rat","Heterogenous stock","72808_2","72773_3"
"933000320045996","201002_A00953_0161_AHLGVKDSXY","R16_S6_L003_R1_001.fastq.gz; R16_S6_L003_R2_001.fastq.gz","Riptide16",6,"u01_tom_jhou","AGCTCTAG","2020-08-10-Flowcell Sample-Barcode list (KN03 Pool) .xlsx",NA,NA,"F","BROWNHOOD","rat","Heterogenous stock","72623_2","72632_1"
"933000320045999","201002_A00953_0161_AHLGVKDSXY","R16_S6_L003_R1_001.fastq.gz; R16_S6_L003_R2_001.fastq.gz","Riptide16",6,"u01_tom_jhou","GTACCAAC","2020-08-10-Flowcell Sample-Barcode list (KN03 Pool) .xlsx",NA,NA,"M","BLACK","rat","Heterogenous stock","72791_2","72780_1"
"933000320046039","200326_A00953_0086_BHC2FMDSXY","Riptide06_S3_L003_R1_001.fastq.gz;Riptide06_S3_L003_R2_001.fastq.gz","Riptide06",3,"u01_tom_jhou","ACCAACGT","2020-03-16-Flowcell Sample-Barcode list Riptide04-Fish.xlsx",NA,NA,"M","ALBINO","rat","Heterogenous stock","72790_2","72805_1"
"933000320046318","200915_A00953_0152_AHJGF7DSXY","R13_S3_L003_R1_001.fastq.gz; R13_S3_L003_R2_001.fastq.gz","Riptide13",3,"u01_tom_jhou","CGTAGCAT","2020-08-06-Flowcell Sample-Barcode list (KN02 Pool) .xlsx",NA,NA,"M","ALBINO","rat","Heterogenous stock","73345_2","73327_2"
"933000320046365","200915_A00953_0152_AHJGF7DSXY","R13_S3_L003_R1_001.fastq.gz; R13_S3_L003_R2_001.fastq.gz","Riptide13",3,"u01_tom_jhou","GATCCTAG","2020-08-06-Flowcell Sample-Barcode list (KN02 Pool) .xlsx",NA,NA,"F","BLACK","rat","Heterogenous stock","73398_1","73151_1"
"933000320046375","200915_A00953_0152_AHJGF7DSXY","R12_S2_L003_R1_001.fastq.gz; R12_S2_L003_R2_001.fastq.gz","Riptide12",2,"u01_suzanne_mitchell","TAGCTACG","2020-08-06-Flowcell Sample-Barcode list (KN02 Pool) .xlsx",NA,NA,"F","BROWNHOOD","rat","Heterogenous stock","73398_1","73151_1"
"933000320046411","201002_A00953_0161_AHLGVKDSXY","R16_S6_L003_R1_001.fastq.gz; R16_S6_L003_R2_001.fastq.gz","Riptide16",6,"u01_tom_jhou","TACCATGG","2020-08-10-Flowcell Sample-Barcode list (KN03 Pool) .xlsx",NA,NA,"M","BLACKHOOD","rat","Heterogenous stock","73327_1","73325_1"
"933000320046414","201002_A00953_0161_AHLGVKDSXY","R16_S6_L003_R1_001.fastq.gz; R16_S6_L003_R2_001.fastq.gz","Riptide16",6,"u01_tom_jhou","GGAAGCAT","2020-08-10-Flowcell Sample-Barcode list (KN03 Pool) .xlsx",NA,NA,"F","BROWN","rat","Heterogenous stock","73306_1","72301_1"
"933000320046473","201002_A00953_0161_AHLGVKDSXY","R16_S6_L003_R1_001.fastq.gz; R16_S6_L003_R2_001.fastq.gz","Riptide16",6,"u01_tom_jhou","GCTATTCC","2020-08-10-Flowcell Sample-Barcode list (KN03 Pool) .xlsx",NA,NA,"F","BROWNHOOD","rat","Heterogenous stock","73398_1","73151_1"
"933000320046491","200915_A00953_0152_AHJGF7DSXY","R12_S2_L003_R1_001.fastq.gz; R12_S2_L003_R2_001.fastq.gz","Riptide12",2,"u01_suzanne_mitchell","CTGTACAG","2020-08-06-Flowcell Sample-Barcode list (KN02 Pool) .xlsx",NA,NA,"F","BROWN","rat","Heterogenous stock","73327_1","73325_1"
"933000320046510","200915_A00953_0152_AHJGF7DSXY","R13_S3_L003_R1_001.fastq.gz; R13_S3_L003_R2_001.fastq.gz","Riptide13",3,"u01_tom_jhou","AACCTTGG","2020-08-06-Flowcell Sample-Barcode list (KN02 Pool) .xlsx",NA,NA,"F","ALBINO","rat","Heterogenous stock","73195_2","73187_1"
"933000320046604","200326_A00953_0086_BHC2FMDSXY","Riptide04_S1_L003_R1_001.fastq.gz;Riptide04_S1_L003_R2_001.fastq.gz","Riptide04",1,"u01_olivier_george_oxycodone","GTACTGCA","2020-03-16-Flowcell Sample-Barcode list Riptide04-Fish.xlsx",NA,NA,"F","ALBINO","rat","Heterogenous stock","72935_2","72771_5"
"933000320046705","201002_A00953_0161_AHLGVKDSXY","R14_S4_L003_R1_001.fastq.gz; R14_S4_L003_R2_001.fastq.gz","Riptide14",4,"u01_peter_kalivas_us","GATCAGCT","2020-08-10-Flowcell Sample-Barcode list (KN03 Pool) .xlsx",NA,NA,"F","BLACKHOOD","rat","Heterogenous stock","73436_1","73170_1"
"933000320046913","200326_A00953_0086_BHC2FMDSXY","Riptide04_S1_L003_R1_001.fastq.gz;Riptide04_S1_L003_R2_001.fastq.gz","Riptide04",1,"u01_olivier_george_oxycodone","TGACCACA","2020-03-16-Flowcell Sample-Barcode list Riptide04-Fish.xlsx",NA,NA,"F","ALBINO","rat","Heterogenous stock","73192_2","73167_1"
"933000320047011","200326_A00953_0086_BHC2FMDSXY","Riptide05_S2_L003_R1_001.fastq.gz;Riptide05_S2_L003_R2_001.fastq.gz","Riptide05",2,"u01_olivier_george_cocaine","GTGTCACA","2020-03-16-Flowcell Sample-Barcode list Riptide04-Fish.xlsx",NA,NA,"F","ALBINO","rat","Heterogenous stock","73743_2","73666_1"
"933000320047075","201002_A00953_0161_AHLGVKDSXY","R14_S4_L003_R1_001.fastq.gz; R14_S4_L003_R2_001.fastq.gz","Riptide14",4,"u01_peter_kalivas_us","CCATATGG","2020-08-10-Flowcell Sample-Barcode list (KN03 Pool) .xlsx",NA,NA,"F","ALBINO","rat","Heterogenous stock","73747_2","73666_1"
"933000320047278","200326_A00953_0086_BHC2FMDSXY","Riptide04_S1_L003_R1_001.fastq.gz;Riptide04_S1_L003_R2_001.fastq.gz","Riptide04",1,"u01_olivier_george_oxycodone","ACCTGTTC","2020-03-16-Flowcell Sample-Barcode list Riptide04-Fish.xlsx",NA,NA,"F","ALBINO","rat","Heterogenous stock","73156_2","73411_2"
"933000320047370","201002_A00953_0161_AHLGVKDSXY","R20_S10_L003_R1_001.fastq.gz; R20_S10_L003_R2_001.fastq.gz","Riptide20",10,"u01_suzanne_mitchell","TGGTGTAC","2020-08-10-Flowcell Sample-Barcode list (KN03 Pool) .xlsx",NA,NA,"M","BROWN","rat","Heterogenous stock","74200_2","74164_1"
"933000320047537","201002_A00953_0161_AHLGVKDSXY","R20_S10_L003_R1_001.fastq.gz; R20_S10_L003_R2_001.fastq.gz","Riptide20",10,"u01_suzanne_mitchell","TGGTCATG","2020-08-10-Flowcell Sample-Barcode list (KN03 Pool) .xlsx",NA,NA,"F","BROWNHOOD","rat","Heterogenous stock","74167_2","74194_1"
"933000320047795","200915_A00953_0152_AHJGF7DSXY","R12_S2_L003_R1_001.fastq.gz; R12_S2_L003_R2_001.fastq.gz","Riptide12",2,"u01_suzanne_mitchell","ACTGACTG","2020-08-06-Flowcell Sample-Barcode list (KN02 Pool) .xlsx",NA,NA,"F","BLACKHOOD","rat","Heterogenous stock","73168_2","73875_1"
