"runid","fastq_files","library_name","pcr_barcode","rfid","sex","coatcolor","project_name","organism","strain","comments","barcode","filename","flag"
"200915_A00953_0152_AHJGF7DSXY","R13_S3_L003_R1_001.fastq.gz; R13_S3_L003_R2_001.fastq.gz","Riptide13","3","933000120138529","M","BROWN","u01_tom_jhou","rat","Heterogenous stock",NA,"CCATATGG","2020-08-06-Flowcell Sample-Barcode list (KN02 Pool) .xlsx",NA
"200915_A00953_0152_AHJGF7DSXY","R13_S3_L003_R1_001.fastq.gz; R13_S3_L003_R2_001.fastq.gz","Riptide13","3","933000120138509","M","BROWNHOOD","u01_tom_jhou","rat","Heterogenous stock",NA,"CTAGAGCT","2020-08-06-Flowcell Sample-Barcode list (KN02 Pool) .xlsx",NA
"200915_A00953_0152_AHJGF7DSXY","R13_S3_L003_R1_001.fastq.gz; R13_S3_L003_R2_001.fastq.gz","Riptide13","3","933000120138431","F","BROWNHOOD","u01_tom_jhou","rat","Heterogenous stock",NA,"CTTGTCCA","2020-08-06-Flowcell Sample-Barcode list (KN02 Pool) .xlsx",NA
"200915_A00953_0152_AHJGF7DSXY","R13_S3_L003_R1_001.fastq.gz; R13_S3_L003_R2_001.fastq.gz","Riptide13","3","933000120138446","F","BROWNHOOD","u01_tom_jhou","rat","Heterogenous stock",NA,"CCAATACG","2020-08-06-Flowcell Sample-Barcode list (KN02 Pool) .xlsx",NA
"200915_A00953_0152_AHJGF7DSXY","R13_S3_L003_R1_001.fastq.gz; R13_S3_L003_R2_001.fastq.gz","Riptide13","3","933000120138516","M","ALBINO","u01_tom_jhou","rat","Heterogenous stock",NA,"GATGCATC","2020-08-06-Flowcell Sample-Barcode list (KN02 Pool) .xlsx",NA
"200915_A00953_0152_AHJGF7DSXY","R13_S3_L003_R1_001.fastq.gz; R13_S3_L003_R2_001.fastq.gz","Riptide13","3","933000120138517","M","BROWN","u01_tom_jhou","rat","Heterogenous stock",NA,"CTACCATC","2020-08-06-Flowcell Sample-Barcode list (KN02 Pool) .xlsx",NA
"200915_A00953_0152_AHJGF7DSXY","R13_S3_L003_R1_001.fastq.gz; R13_S3_L003_R2_001.fastq.gz","Riptide13","3","933000120138521","F","ALBINO","u01_tom_jhou","rat","Heterogenous stock",NA,"ACCAACGT","2020-08-06-Flowcell Sample-Barcode list (KN02 Pool) .xlsx",NA
"200915_A00953_0152_AHJGF7DSXY","R13_S3_L003_R1_001.fastq.gz; R13_S3_L003_R2_001.fastq.gz","Riptide13","3","933000120138527","F","BROWN","u01_tom_jhou","rat","Heterogenous stock",NA,"ACCAAGGA","2020-08-06-Flowcell Sample-Barcode list (KN02 Pool) .xlsx",NA
"200915_A00953_0152_AHJGF7DSXY","R13_S3_L003_R1_001.fastq.gz; R13_S3_L003_R2_001.fastq.gz","Riptide13","3","933000120138507","M","BROWN","u01_tom_jhou","rat","Heterogenous stock",NA,"TACCATGG","2020-08-06-Flowcell Sample-Barcode list (KN02 Pool) .xlsx",NA
"200915_A00953_0152_AHJGF7DSXY","R13_S3_L003_R1_001.fastq.gz; R13_S3_L003_R2_001.fastq.gz","Riptide13","3","933000120138511","F","BLACK","u01_tom_jhou","rat","Heterogenous stock",NA,"TGGTGTAC","2020-08-06-Flowcell Sample-Barcode list (KN02 Pool) .xlsx",NA
"200915_A00953_0152_AHJGF7DSXY","R13_S3_L003_R1_001.fastq.gz; R13_S3_L003_R2_001.fastq.gz","Riptide13","3","933000120138513","F","BLACK","u01_tom_jhou","rat","Heterogenous stock",NA,"TGACCACA","2020-08-06-Flowcell Sample-Barcode list (KN02 Pool) .xlsx",NA
"200915_A00953_0152_AHJGF7DSXY","R13_S3_L003_R1_001.fastq.gz; R13_S3_L003_R2_001.fastq.gz","Riptide13","3","933000120138546","M","BROWNHOOD","u01_tom_jhou","rat","Heterogenous stock",NA,"AAGGTTCC","2020-08-06-Flowcell Sample-Barcode list (KN02 Pool) .xlsx",NA
"200915_A00953_0152_AHJGF7DSXY","R13_S3_L003_R1_001.fastq.gz; R13_S3_L003_R2_001.fastq.gz","Riptide13","3","933000120138519","F","ALBINO","u01_tom_jhou","rat","Heterogenous stock",NA,"GGAAGCAT","2020-08-06-Flowcell Sample-Barcode list (KN02 Pool) .xlsx",NA
"200915_A00953_0152_AHJGF7DSXY","R13_S3_L003_R1_001.fastq.gz; R13_S3_L003_R2_001.fastq.gz","Riptide13","3","933000120138522","M","BROWNHOOD","u01_tom_jhou","rat","Heterogenous stock",NA,"GACTTCAG","2020-08-06-Flowcell Sample-Barcode list (KN02 Pool) .xlsx",NA
"200915_A00953_0152_AHJGF7DSXY","R13_S3_L003_R1_001.fastq.gz; R13_S3_L003_R2_001.fastq.gz","Riptide13","3","933000120138554","F","BROWNHOOD","u01_tom_jhou","rat","Heterogenous stock",NA,"CTTCCAAC","2020-08-06-Flowcell Sample-Barcode list (KN02 Pool) .xlsx",NA
"200915_A00953_0152_AHJGF7DSXY","R13_S3_L003_R1_001.fastq.gz; R13_S3_L003_R2_001.fastq.gz","Riptide13","3","933000120138532","M","BLACKHOOD","u01_tom_jhou","rat","Heterogenous stock",NA,"CTCATGAG","2020-08-06-Flowcell Sample-Barcode list (KN02 Pool) .xlsx",NA
"200915_A00953_0152_AHJGF7DSXY","R13_S3_L003_R1_001.fastq.gz; R13_S3_L003_R2_001.fastq.gz","Riptide13","3","933000320046309","F","BROWN","u01_tom_jhou","rat","Heterogenous stock",NA,"GCCGTTAA","2020-08-06-Flowcell Sample-Barcode list (KN02 Pool) .xlsx",NA
"200915_A00953_0152_AHJGF7DSXY","R13_S3_L003_R1_001.fastq.gz; R13_S3_L003_R2_001.fastq.gz","Riptide13","3","933000320046314","M","BLACKHOOD","u01_tom_jhou","rat","Heterogenous stock",NA,"GAAGTCCT","2020-08-06-Flowcell Sample-Barcode list (KN02 Pool) .xlsx",NA
"200915_A00953_0152_AHJGF7DSXY","R13_S3_L003_R1_001.fastq.gz; R13_S3_L003_R2_001.fastq.gz","Riptide13","3","933000320046320","F","BLACKHOOD","u01_tom_jhou","rat","Heterogenous stock",NA,"GAGACACA","2020-08-06-Flowcell Sample-Barcode list (KN02 Pool) .xlsx",NA
"200915_A00953_0152_AHJGF7DSXY","R13_S3_L003_R1_001.fastq.gz; R13_S3_L003_R2_001.fastq.gz","Riptide13","3","933000320046317","M","BLACKHOOD","u01_tom_jhou","rat","Heterogenous stock",NA,"GTACCAAC","2020-08-06-Flowcell Sample-Barcode list (KN02 Pool) .xlsx",NA
"200915_A00953_0152_AHJGF7DSXY","R13_S3_L003_R1_001.fastq.gz; R13_S3_L003_R2_001.fastq.gz","Riptide13","3","933000320046316","M","BROWNHOOD","u01_tom_jhou","rat","Heterogenous stock",NA,"GTGAACAG","2020-08-06-Flowcell Sample-Barcode list (KN02 Pool) .xlsx",NA
"200915_A00953_0152_AHJGF7DSXY","R13_S3_L003_R1_001.fastq.gz; R13_S3_L003_R2_001.fastq.gz","Riptide13","3","933000320046311","F","BLACKHOOD","u01_tom_jhou","rat","Heterogenous stock",NA,"GAGACAGT","2020-08-06-Flowcell Sample-Barcode list (KN02 Pool) .xlsx",NA
"200915_A00953_0152_AHJGF7DSXY","R13_S3_L003_R1_001.fastq.gz; R13_S3_L003_R2_001.fastq.gz","Riptide13","3","933000320046312","F","BROWNHOOD","u01_tom_jhou","rat","Heterogenous stock",NA,"GATCAGCT","2020-08-06-Flowcell Sample-Barcode list (KN02 Pool) .xlsx",NA
"200915_A00953_0152_AHJGF7DSXY","R13_S3_L003_R1_001.fastq.gz; R13_S3_L003_R2_001.fastq.gz","Riptide13","3","933000320046322","M","BLACKHOOD","u01_tom_jhou","rat","Heterogenous stock",NA,"GACATCAC","2020-08-06-Flowcell Sample-Barcode list (KN02 Pool) .xlsx",NA
"200915_A00953_0152_AHJGF7DSXY","R13_S3_L003_R1_001.fastq.gz; R13_S3_L003_R2_001.fastq.gz","Riptide13","3","933000320046304","M","ALBINO","u01_tom_jhou","rat","Heterogenous stock",NA,"GTGTCACA","2020-08-06-Flowcell Sample-Barcode list (KN02 Pool) .xlsx",NA
"200915_A00953_0152_AHJGF7DSXY","R13_S3_L003_R1_001.fastq.gz; R13_S3_L003_R2_001.fastq.gz","Riptide13","3","933000320046324","F","BLACKHOOD","u01_tom_jhou","rat","Heterogenous stock",NA,"AACGTTGC","2020-08-06-Flowcell Sample-Barcode list (KN02 Pool) .xlsx",NA
"200915_A00953_0152_AHJGF7DSXY","R13_S3_L003_R1_001.fastq.gz; R13_S3_L003_R2_001.fastq.gz","Riptide13","3","933000320046307","F","ALBINO","u01_tom_jhou","rat","Heterogenous stock",NA,"TCCAAGGT","2020-08-06-Flowcell Sample-Barcode list (KN02 Pool) .xlsx",NA
"200915_A00953_0152_AHJGF7DSXY","R13_S3_L003_R1_001.fastq.gz; R13_S3_L003_R2_001.fastq.gz","Riptide13","3","933000320046315","M","BROWN","u01_tom_jhou","rat","Heterogenous stock",NA,"TACGAACC","2020-08-06-Flowcell Sample-Barcode list (KN02 Pool) .xlsx",NA
"200915_A00953_0152_AHJGF7DSXY","R13_S3_L003_R1_001.fastq.gz; R13_S3_L003_R2_001.fastq.gz","Riptide13","3","933000320046480","M","BLACKHOOD","u01_tom_jhou","rat","Heterogenous stock",NA,"CTAGCTAG","2020-08-06-Flowcell Sample-Barcode list (KN02 Pool) .xlsx",NA
"200915_A00953_0152_AHJGF7DSXY","R13_S3_L003_R1_001.fastq.gz; R13_S3_L003_R2_001.fastq.gz","Riptide13","3","933000320046319","F","BROWN","u01_tom_jhou","rat","Heterogenous stock",NA,"TAGCTACG","2020-08-06-Flowcell Sample-Barcode list (KN02 Pool) .xlsx",NA
"200915_A00953_0152_AHJGF7DSXY","R13_S3_L003_R1_001.fastq.gz; R13_S3_L003_R2_001.fastq.gz","Riptide13","3","933000320046305","F","BROWNHOOD","u01_tom_jhou","rat","Heterogenous stock",NA,"CGTACGTA","2020-08-06-Flowcell Sample-Barcode list (KN02 Pool) .xlsx",NA
"200915_A00953_0152_AHJGF7DSXY","R13_S3_L003_R1_001.fastq.gz; R13_S3_L003_R2_001.fastq.gz","Riptide13","3","933000320046302","M","BROWNHOOD","u01_tom_jhou","rat","Heterogenous stock",NA,"AGTGTCTG","2020-08-06-Flowcell Sample-Barcode list (KN02 Pool) .xlsx",NA
"200915_A00953_0152_AHJGF7DSXY","R13_S3_L003_R1_001.fastq.gz; R13_S3_L003_R2_001.fastq.gz","Riptide13","3","933000320046318","M","ALBINO","u01_tom_jhou","rat","Heterogenous stock",NA,"CGTAGCAT","2020-08-06-Flowcell Sample-Barcode list (KN02 Pool) .xlsx",NA
"200915_A00953_0152_AHJGF7DSXY","R13_S3_L003_R1_001.fastq.gz; R13_S3_L003_R2_001.fastq.gz","Riptide13","3","933000320046303","F","BLACKHOOD","u01_tom_jhou","rat","Heterogenous stock",NA,"CTCTCAGT","2020-08-06-Flowcell Sample-Barcode list (KN02 Pool) .xlsx",NA
"200915_A00953_0152_AHJGF7DSXY","R13_S3_L003_R1_001.fastq.gz; R13_S3_L003_R2_001.fastq.gz","Riptide13","3","933000320046306","F","ALBINO","u01_tom_jhou","rat","Heterogenous stock",NA,"TGGTCATG","2020-08-06-Flowcell Sample-Barcode list (KN02 Pool) .xlsx",NA
"200915_A00953_0152_AHJGF7DSXY","R13_S3_L003_R1_001.fastq.gz; R13_S3_L003_R2_001.fastq.gz","Riptide13","3","933000320046372","M","ALBINO","u01_tom_jhou","rat","Heterogenous stock",NA,"TGCACAAC","2020-08-06-Flowcell Sample-Barcode list (KN02 Pool) .xlsx",NA
"200915_A00953_0152_AHJGF7DSXY","R13_S3_L003_R1_001.fastq.gz; R13_S3_L003_R2_001.fastq.gz","Riptide13","3","933000320046371","M","BROWN","u01_tom_jhou","rat","Heterogenous stock",NA,"CAGTTGAC","2020-08-06-Flowcell Sample-Barcode list (KN02 Pool) .xlsx",NA
"200915_A00953_0152_AHJGF7DSXY","R13_S3_L003_R1_001.fastq.gz; R13_S3_L003_R2_001.fastq.gz","Riptide13","3","933000320046358","F","BROWN","u01_tom_jhou","rat","Heterogenous stock",NA,"GACATCTG","2020-08-06-Flowcell Sample-Barcode list (KN02 Pool) .xlsx",NA
"200915_A00953_0152_AHJGF7DSXY","R13_S3_L003_R1_001.fastq.gz; R13_S3_L003_R2_001.fastq.gz","Riptide13","3","933000320046365","F","BLACK","u01_tom_jhou","rat","Heterogenous stock",NA,"GATCCTAG","2020-08-06-Flowcell Sample-Barcode list (KN02 Pool) .xlsx",NA
"200915_A00953_0152_AHJGF7DSXY","R13_S3_L003_R1_001.fastq.gz; R13_S3_L003_R2_001.fastq.gz","Riptide13","3","933000320046515","M","BLACKHOOD","u01_tom_jhou","rat","Heterogenous stock",NA,"CCTAATCC","2020-08-06-Flowcell Sample-Barcode list (KN02 Pool) .xlsx",NA
"200915_A00953_0152_AHJGF7DSXY","R13_S3_L003_R1_001.fastq.gz; R13_S3_L003_R2_001.fastq.gz","Riptide13","3","933000320046525","M","ALBINO","u01_tom_jhou","rat","Heterogenous stock",NA,"ATGCATGC","2020-08-06-Flowcell Sample-Barcode list (KN02 Pool) .xlsx",NA
"200915_A00953_0152_AHJGF7DSXY","R13_S3_L003_R1_001.fastq.gz; R13_S3_L003_R2_001.fastq.gz","Riptide13","3","933000320046506","F","BLACKHOOD","u01_tom_jhou","rat","Heterogenous stock",NA,"TGGTCTAG","2020-08-06-Flowcell Sample-Barcode list (KN02 Pool) .xlsx",NA
"200915_A00953_0152_AHJGF7DSXY","R13_S3_L003_R1_001.fastq.gz; R13_S3_L003_R2_001.fastq.gz","Riptide13","3","933000320046510","F","ALBINO","u01_tom_jhou","rat","Heterogenous stock",NA,"AACCTTGG","2020-08-06-Flowcell Sample-Barcode list (KN02 Pool) .xlsx",NA
"200915_A00953_0152_AHJGF7DSXY","R13_S3_L003_R1_001.fastq.gz; R13_S3_L003_R2_001.fastq.gz","Riptide13","3","933000320046507","M","BROWNHOOD","u01_tom_jhou","rat","Heterogenous stock",NA,"GAGTTCAC","2020-08-06-Flowcell Sample-Barcode list (KN02 Pool) .xlsx",NA
"200915_A00953_0152_AHJGF7DSXY","R13_S3_L003_R1_001.fastq.gz; R13_S3_L003_R2_001.fastq.gz","Riptide13","3","933000320046501","M","ALBINO","u01_tom_jhou","rat","Heterogenous stock",NA,"CTGTACAG","2020-08-06-Flowcell Sample-Barcode list (KN02 Pool) .xlsx",NA
"200915_A00953_0152_AHJGF7DSXY","R13_S3_L003_R1_001.fastq.gz; R13_S3_L003_R2_001.fastq.gz","Riptide13","3","933000320046508","F","BROWN","u01_tom_jhou","rat","Heterogenous stock",NA,"CAACGTAC","2020-08-06-Flowcell Sample-Barcode list (KN02 Pool) .xlsx",NA
"200915_A00953_0152_AHJGF7DSXY","R13_S3_L003_R1_001.fastq.gz; R13_S3_L003_R2_001.fastq.gz","Riptide13","3","933000320046505","F","BLACKHOOD","u01_tom_jhou","rat","Heterogenous stock",NA,"GCTTAACG","2020-08-06-Flowcell Sample-Barcode list (KN02 Pool) .xlsx",NA
"200915_A00953_0152_AHJGF7DSXY","R13_S3_L003_R1_001.fastq.gz; R13_S3_L003_R2_001.fastq.gz","Riptide13","3","933000320046516","M","BLACKHOOD","u01_tom_jhou","rat","Heterogenous stock",NA,"GCCGTATA","2020-08-06-Flowcell Sample-Barcode list (KN02 Pool) .xlsx",NA
"200915_A00953_0152_AHJGF7DSXY","R13_S3_L003_R1_001.fastq.gz; R13_S3_L003_R2_001.fastq.gz","Riptide13","3","933000320047763","M","BROWNHOOD","u01_tom_jhou","rat","Heterogenous stock",NA,"CTGTCAGA","2020-08-06-Flowcell Sample-Barcode list (KN02 Pool) .xlsx",NA
"200915_A00953_0152_AHJGF7DSXY","R13_S3_L003_R1_001.fastq.gz; R13_S3_L003_R2_001.fastq.gz","Riptide13","3","933000320047765","M","BLACK","u01_tom_jhou","rat","Heterogenous stock",NA,"ATCGTAGC","2020-08-06-Flowcell Sample-Barcode list (KN02 Pool) .xlsx",NA
"200915_A00953_0152_AHJGF7DSXY","R13_S3_L003_R1_001.fastq.gz; R13_S3_L003_R2_001.fastq.gz","Riptide13","3","933000320047772","F","BLACKHOOD","u01_tom_jhou","rat","Heterogenous stock",NA,"ATCCGGTA","2020-08-06-Flowcell Sample-Barcode list (KN02 Pool) .xlsx",NA
"200915_A00953_0152_AHJGF7DSXY","R13_S3_L003_R1_001.fastq.gz; R13_S3_L003_R2_001.fastq.gz","Riptide13","3","933000320047751","F","BLACK","u01_tom_jhou","rat","Heterogenous stock",NA,"ACCACATG","2020-08-06-Flowcell Sample-Barcode list (KN02 Pool) .xlsx",NA
"200915_A00953_0152_AHJGF7DSXY","R13_S3_L003_R1_001.fastq.gz; R13_S3_L003_R2_001.fastq.gz","Riptide13","3","933000320047773","F","ALBINO","u01_tom_jhou","rat","Heterogenous stock",NA,"AACCGGTT","2020-08-06-Flowcell Sample-Barcode list (KN02 Pool) .xlsx",NA
"200915_A00953_0152_AHJGF7DSXY","R13_S3_L003_R1_001.fastq.gz; R13_S3_L003_R2_001.fastq.gz","Riptide13","3","933000320047787","F","BLACKHOOD","u01_tom_jhou","rat","Heterogenous stock",NA,"GCTTCCTA","2020-08-06-Flowcell Sample-Barcode list (KN02 Pool) .xlsx",NA
"200915_A00953_0152_AHJGF7DSXY","R13_S3_L003_R1_001.fastq.gz; R13_S3_L003_R2_001.fastq.gz","Riptide13","3","933000320047778","F","ALBINO","u01_tom_jhou","rat","Heterogenous stock",NA,"ACCTGTTC","2020-08-06-Flowcell Sample-Barcode list (KN02 Pool) .xlsx",NA
"200915_A00953_0152_AHJGF7DSXY","R13_S3_L003_R1_001.fastq.gz; R13_S3_L003_R2_001.fastq.gz","Riptide13","3","933000320047796","F","BROWN","u01_tom_jhou","rat","Heterogenous stock",NA,"TGACGTGT","2020-08-06-Flowcell Sample-Barcode list (KN02 Pool) .xlsx",NA
"200915_A00953_0152_AHJGF7DSXY","R13_S3_L003_R1_001.fastq.gz; R13_S3_L003_R2_001.fastq.gz","Riptide13","3","933000320047792","F","BROWNHOOD","u01_tom_jhou","rat","Heterogenous stock",NA,"ACACGTCA","2020-08-06-Flowcell Sample-Barcode list (KN02 Pool) .xlsx",NA
"200915_A00953_0152_AHJGF7DSXY","R13_S3_L003_R1_001.fastq.gz; R13_S3_L003_R2_001.fastq.gz","Riptide13","3","933000320047433","M","BROWNHOOD","u01_tom_jhou","rat","Heterogenous stock",NA,"CAACCTAG","2020-08-06-Flowcell Sample-Barcode list (KN02 Pool) .xlsx",NA
"200915_A00953_0152_AHJGF7DSXY","R13_S3_L003_R1_001.fastq.gz; R13_S3_L003_R2_001.fastq.gz","Riptide13","3","933000320047438","M","BLACKHOOD","u01_tom_jhou","rat","Heterogenous stock",NA,"GCTATTCC","2020-08-06-Flowcell Sample-Barcode list (KN02 Pool) .xlsx",NA
"200915_A00953_0152_AHJGF7DSXY","R13_S3_L003_R1_001.fastq.gz; R13_S3_L003_R2_001.fastq.gz","Riptide13","3","933000320047434","M","BROWNHOOD","u01_tom_jhou","rat","Heterogenous stock",NA,"TGCACTAG","2020-08-06-Flowcell Sample-Barcode list (KN02 Pool) .xlsx",NA
"200915_A00953_0152_AHJGF7DSXY","R13_S3_L003_R1_001.fastq.gz; R13_S3_L003_R2_001.fastq.gz","Riptide13","3","933000320047447","M","ALBINO","u01_tom_jhou","rat","Heterogenous stock",NA,"CTTCCATG","2020-08-06-Flowcell Sample-Barcode list (KN02 Pool) .xlsx",NA
"200915_A00953_0152_AHJGF7DSXY","R13_S3_L003_R1_001.fastq.gz; R13_S3_L003_R2_001.fastq.gz","Riptide13","3","933000320047436","M","BROWN","u01_tom_jhou","rat","Heterogenous stock",NA,"TAGGCCAT","2020-08-06-Flowcell Sample-Barcode list (KN02 Pool) .xlsx",NA
"200915_A00953_0152_AHJGF7DSXY","R13_S3_L003_R1_001.fastq.gz; R13_S3_L003_R2_001.fastq.gz","Riptide13","3","933000320047445","M","BROWN","u01_tom_jhou","rat","Heterogenous stock",NA,"ATCCTAGG","2020-08-06-Flowcell Sample-Barcode list (KN02 Pool) .xlsx",NA
"200915_A00953_0152_AHJGF7DSXY","R13_S3_L003_R1_001.fastq.gz; R13_S3_L003_R2_001.fastq.gz","Riptide13","3","933000320047442","M","BLACKHOOD","u01_tom_jhou","rat","Heterogenous stock",NA,"TCGATGGT","2020-08-06-Flowcell Sample-Barcode list (KN02 Pool) .xlsx",NA
"200915_A00953_0152_AHJGF7DSXY","R13_S3_L003_R1_001.fastq.gz; R13_S3_L003_R2_001.fastq.gz","Riptide13","3","933000320047441","M","BLACKHOOD","u01_tom_jhou","rat","Heterogenous stock",NA,"CACATGTG","2020-08-06-Flowcell Sample-Barcode list (KN02 Pool) .xlsx",NA
"200915_A00953_0152_AHJGF7DSXY","R13_S3_L003_R1_001.fastq.gz; R13_S3_L003_R2_001.fastq.gz","Riptide13","3","933000320047450","M","BROWNHOOD","u01_tom_jhou","rat","Heterogenous stock",NA,"ACTGTGAC","2020-08-06-Flowcell Sample-Barcode list (KN02 Pool) .xlsx",NA
"200915_A00953_0152_AHJGF7DSXY","R13_S3_L003_R1_001.fastq.gz; R13_S3_L003_R2_001.fastq.gz","Riptide13","3","933000320047427","M","BLACK","u01_tom_jhou","rat","Heterogenous stock",NA,"TCGAGTTG","2020-08-06-Flowcell Sample-Barcode list (KN02 Pool) .xlsx",NA
"200915_A00953_0152_AHJGF7DSXY","R13_S3_L003_R1_001.fastq.gz; R13_S3_L003_R2_001.fastq.gz","Riptide13","3","933000320046868","M","BROWN","u01_tom_jhou","rat","Heterogenous stock",NA,"CAGTCAGT","2020-08-06-Flowcell Sample-Barcode list (KN02 Pool) .xlsx",NA
"200915_A00953_0152_AHJGF7DSXY","R13_S3_L003_R1_001.fastq.gz; R13_S3_L003_R2_001.fastq.gz","Riptide13","3","933000320046862","M","BLACK","u01_tom_jhou","rat","Heterogenous stock",NA,"CAAGCTTG","2020-08-06-Flowcell Sample-Barcode list (KN02 Pool) .xlsx",NA
"200915_A00953_0152_AHJGF7DSXY","R13_S3_L003_R1_001.fastq.gz; R13_S3_L003_R2_001.fastq.gz","Riptide13","3","933000320046866","M","BROWN","u01_tom_jhou","rat","Heterogenous stock",NA,"GCTACGAT","2020-08-06-Flowcell Sample-Barcode list (KN02 Pool) .xlsx",NA
"200915_A00953_0152_AHJGF7DSXY","R13_S3_L003_R1_001.fastq.gz; R13_S3_L003_R2_001.fastq.gz","Riptide13","3","933000320046858","M","BROWN","u01_tom_jhou","rat","Heterogenous stock",NA,"GCGCTATA","2020-08-06-Flowcell Sample-Barcode list (KN02 Pool) .xlsx",NA
"200915_A00953_0152_AHJGF7DSXY","R13_S3_L003_R1_001.fastq.gz; R13_S3_L003_R2_001.fastq.gz","Riptide13","3","933000320046873","M","BLACKHOOD","u01_tom_jhou","rat","Heterogenous stock",NA,"AGCTAGCT","2020-08-06-Flowcell Sample-Barcode list (KN02 Pool) .xlsx",NA
"200915_A00953_0152_AHJGF7DSXY","R13_S3_L003_R1_001.fastq.gz; R13_S3_L003_R2_001.fastq.gz","Riptide13","3","933000320047437","F","BLACK","u01_tom_jhou","rat","Heterogenous stock",NA,"TGACTGAC","2020-08-06-Flowcell Sample-Barcode list (KN02 Pool) .xlsx",NA
"200915_A00953_0152_AHJGF7DSXY","R13_S3_L003_R1_001.fastq.gz; R13_S3_L003_R2_001.fastq.gz","Riptide13","3","933000320047430","F","BROWNHOOD","u01_tom_jhou","rat","Heterogenous stock",NA,"CATGCTTC","2020-08-06-Flowcell Sample-Barcode list (KN02 Pool) .xlsx",NA
"200915_A00953_0152_AHJGF7DSXY","R13_S3_L003_R1_001.fastq.gz; R13_S3_L003_R2_001.fastq.gz","Riptide13","3","933000320047429","F","BLACKHOOD","u01_tom_jhou","rat","Heterogenous stock",NA,"CACTAGAC","2020-08-06-Flowcell Sample-Barcode list (KN02 Pool) .xlsx",NA
"200915_A00953_0152_AHJGF7DSXY","R13_S3_L003_R1_001.fastq.gz; R13_S3_L003_R2_001.fastq.gz","Riptide13","3","933000320047448","F","BROWNHOOD","u01_tom_jhou","rat","Heterogenous stock",NA,"CGATCGAT","2020-08-06-Flowcell Sample-Barcode list (KN02 Pool) .xlsx",NA
"200915_A00953_0152_AHJGF7DSXY","R13_S3_L003_R1_001.fastq.gz; R13_S3_L003_R2_001.fastq.gz","Riptide13","3","933000320047439","F","BROWN","u01_tom_jhou","rat","Heterogenous stock",NA,"ACAGTCAC","2020-08-06-Flowcell Sample-Barcode list (KN02 Pool) .xlsx",NA
"200915_A00953_0152_AHJGF7DSXY","R13_S3_L003_R1_001.fastq.gz; R13_S3_L003_R2_001.fastq.gz","Riptide13","3","933000320047444","F","BLACK","u01_tom_jhou","rat","Heterogenous stock",NA,"TGGTACGT","2020-08-06-Flowcell Sample-Barcode list (KN02 Pool) .xlsx",NA
"200915_A00953_0152_AHJGF7DSXY","R13_S3_L003_R1_001.fastq.gz; R13_S3_L003_R2_001.fastq.gz","Riptide13","3","933000320047440","F","ALBINO","u01_tom_jhou","rat","Heterogenous stock",NA,"GAACCATC","2020-08-06-Flowcell Sample-Barcode list (KN02 Pool) .xlsx",NA
"200915_A00953_0152_AHJGF7DSXY","R13_S3_L003_R1_001.fastq.gz; R13_S3_L003_R2_001.fastq.gz","Riptide13","3","933000320047443","F","BROWN","u01_tom_jhou","rat","Heterogenous stock",NA,"GTACTGCA","2020-08-06-Flowcell Sample-Barcode list (KN02 Pool) .xlsx",NA
"200915_A00953_0152_AHJGF7DSXY","R13_S3_L003_R1_001.fastq.gz; R13_S3_L003_R2_001.fastq.gz","Riptide13","3","933000320046852","F","BLACK","u01_tom_jhou","rat","Heterogenous stock",NA,"AGGAACGT","2020-08-06-Flowcell Sample-Barcode list (KN02 Pool) .xlsx",NA
"200915_A00953_0152_AHJGF7DSXY","R13_S3_L003_R1_001.fastq.gz; R13_S3_L003_R2_001.fastq.gz","Riptide13","3","933000320046855","F","BLACKHOOD","u01_tom_jhou","rat","Heterogenous stock",NA,"CGTAGCTA","2020-08-06-Flowcell Sample-Barcode list (KN02 Pool) .xlsx",NA
"200915_A00953_0152_AHJGF7DSXY","R13_S3_L003_R1_001.fastq.gz; R13_S3_L003_R2_001.fastq.gz","Riptide13","3","933000320046861","F","BROWNHOOD","u01_tom_jhou","rat","Heterogenous stock",NA,"GTGTTGAC","2020-08-06-Flowcell Sample-Barcode list (KN02 Pool) .xlsx",NA
"200915_A00953_0152_AHJGF7DSXY","R13_S3_L003_R1_001.fastq.gz; R13_S3_L003_R2_001.fastq.gz","Riptide13","3","933000320047396","M","ALBINO","u01_tom_jhou","rat","Heterogenous stock",NA,"CTCTCACA","2020-08-06-Flowcell Sample-Barcode list (KN02 Pool) .xlsx",NA
"200915_A00953_0152_AHJGF7DSXY","R13_S3_L003_R1_001.fastq.gz; R13_S3_L003_R2_001.fastq.gz","Riptide13","3","933000320047395","M","BLACKHOOD","u01_tom_jhou","rat","Heterogenous stock",NA,"GAAGCTTC","2020-08-06-Flowcell Sample-Barcode list (KN02 Pool) .xlsx",NA
"200915_A00953_0152_AHJGF7DSXY","R13_S3_L003_R1_001.fastq.gz; R13_S3_L003_R2_001.fastq.gz","Riptide13","3","933000320047377","M","ALBINO","u01_tom_jhou","rat","Heterogenous stock",NA,"ACTGACTG","2020-08-06-Flowcell Sample-Barcode list (KN02 Pool) .xlsx",NA
"200915_A00953_0152_AHJGF7DSXY","R13_S3_L003_R1_001.fastq.gz; R13_S3_L003_R2_001.fastq.gz","Riptide13","3","933000320047391","M","BROWN","u01_tom_jhou","rat","Heterogenous stock",NA,"ACACGTGT","2020-08-06-Flowcell Sample-Barcode list (KN02 Pool) .xlsx",NA
"200915_A00953_0152_AHJGF7DSXY","R13_S3_L003_R1_001.fastq.gz; R13_S3_L003_R2_001.fastq.gz","Riptide13","3","933000320047379","M","BLACKHOOD","u01_tom_jhou","rat","Heterogenous stock",NA,"CTCTACAC","2020-08-06-Flowcell Sample-Barcode list (KN02 Pool) .xlsx",NA
"200915_A00953_0152_AHJGF7DSXY","R13_S3_L003_R1_001.fastq.gz; R13_S3_L003_R2_001.fastq.gz","Riptide13","3","933000320047390","M","BROWNHOOD","u01_tom_jhou","rat","Heterogenous stock",NA,"AGGTAGGT","2020-08-06-Flowcell Sample-Barcode list (KN02 Pool) .xlsx",NA
"200915_A00953_0152_AHJGF7DSXY","R13_S3_L003_R1_001.fastq.gz; R13_S3_L003_R2_001.fastq.gz","Riptide13","3","933000320047398","M","ALBINO","u01_tom_jhou","rat","Heterogenous stock",NA,"GGTTCCAA","2020-08-06-Flowcell Sample-Barcode list (KN02 Pool) .xlsx",NA
"200915_A00953_0152_AHJGF7DSXY","R13_S3_L003_R1_001.fastq.gz; R13_S3_L003_R2_001.fastq.gz","Riptide13","3","933000320047378","M","BLACK","u01_tom_jhou","rat","Heterogenous stock",NA,"AGCTCTAG","2020-08-06-Flowcell Sample-Barcode list (KN02 Pool) .xlsx",NA
"200915_A00953_0152_AHJGF7DSXY","R13_S3_L003_R1_001.fastq.gz; R13_S3_L003_R2_001.fastq.gz","Riptide13","3","933000320047394","F","ALBINO","u01_tom_jhou","rat","Heterogenous stock",NA,"GAGTTCTG","2020-08-06-Flowcell Sample-Barcode list (KN02 Pool) .xlsx",NA
"200915_A00953_0152_AHJGF7DSXY","R13_S3_L003_R1_001.fastq.gz; R13_S3_L003_R2_001.fastq.gz","Riptide13","3","933000320047389","F","BLACKHOOD","u01_tom_jhou","rat","Heterogenous stock",NA,"GAACTGCT","2020-08-06-Flowcell Sample-Barcode list (KN02 Pool) .xlsx",NA
"200915_A00953_0152_AHJGF7DSXY","R13_S3_L003_R1_001.fastq.gz; R13_S3_L003_R2_001.fastq.gz","Riptide13","3","933000320047399","F","ALBINO","u01_tom_jhou","rat","Heterogenous stock",NA,"GTACAGCT","2020-08-06-Flowcell Sample-Barcode list (KN02 Pool) .xlsx",NA
"200915_A00953_0152_AHJGF7DSXY","R13_S3_L003_R1_001.fastq.gz; R13_S3_L003_R2_001.fastq.gz","Riptide13","3","933000320047380","F","BROWNHOOD","u01_tom_jhou","rat","Heterogenous stock",NA,"AGTGGTCT","2020-08-06-Flowcell Sample-Barcode list (KN02 Pool) .xlsx",NA
"200915_A00953_0152_AHJGF7DSXY","R13_S3_L003_R1_001.fastq.gz; R13_S3_L003_R2_001.fastq.gz","Riptide13","3","933000320047404","F","BLACK","u01_tom_jhou","rat","Heterogenous stock",NA,"GGATTAGG","2020-08-06-Flowcell Sample-Barcode list (KN02 Pool) .xlsx",NA
"200915_A00953_0152_AHJGF7DSXY","R11_S1_L003_R1_001.fastq.gz; R11_S1_L003_R2_001.fastq.gz","Riptide11","1","933000320045925","M","BLACKHOOD","u01_suzanne_mitchell","rat","Heterogenous stock",NA,"TACCATGG","2020-08-06-Flowcell Sample-Barcode list (KN02 Pool) .xlsx",NA
"200915_A00953_0152_AHJGF7DSXY","R11_S1_L003_R1_001.fastq.gz; R11_S1_L003_R2_001.fastq.gz","Riptide11","1","933000320045924","M","BROWNHOOD","u01_suzanne_mitchell","rat","Heterogenous stock",NA,"GACATCAC","2020-08-06-Flowcell Sample-Barcode list (KN02 Pool) .xlsx",NA
"200915_A00953_0152_AHJGF7DSXY","R11_S1_L003_R1_001.fastq.gz; R11_S1_L003_R2_001.fastq.gz","Riptide11","1","933000320045920","M","BROWN","u01_suzanne_mitchell","rat","Heterogenous stock",NA,"GAACCATC","2020-08-06-Flowcell Sample-Barcode list (KN02 Pool) .xlsx",NA
"200915_A00953_0152_AHJGF7DSXY","R11_S1_L003_R1_001.fastq.gz; R11_S1_L003_R2_001.fastq.gz","Riptide11","1","933000320045915","F","ALBINO","u01_suzanne_mitchell","rat","Heterogenous stock",NA,"CTCTACAC","2020-08-06-Flowcell Sample-Barcode list (KN02 Pool) .xlsx",NA
"200915_A00953_0152_AHJGF7DSXY","R11_S1_L003_R1_001.fastq.gz; R11_S1_L003_R2_001.fastq.gz","Riptide11","1","933000320045882","F","BROWNHOOD","u01_suzanne_mitchell","rat","Heterogenous stock",NA,"CTGTCAGA","2020-08-06-Flowcell Sample-Barcode list (KN02 Pool) .xlsx",NA
"200915_A00953_0152_AHJGF7DSXY","R11_S1_L003_R1_001.fastq.gz; R11_S1_L003_R2_001.fastq.gz","Riptide11","1","933000320045889","F","BROWN","u01_suzanne_mitchell","rat","Heterogenous stock",NA,"GGTTCCAA","2020-08-06-Flowcell Sample-Barcode list (KN02 Pool) .xlsx",NA
"200915_A00953_0152_AHJGF7DSXY","R11_S1_L003_R1_001.fastq.gz; R11_S1_L003_R2_001.fastq.gz","Riptide11","1","933000320045881","M","BROWNHOOD","u01_suzanne_mitchell","rat","Heterogenous stock",NA,"CTGTACAG","2020-08-06-Flowcell Sample-Barcode list (KN02 Pool) .xlsx",NA
"200915_A00953_0152_AHJGF7DSXY","R11_S1_L003_R1_001.fastq.gz; R11_S1_L003_R2_001.fastq.gz","Riptide11","1","933000320045884","F","BROWN","u01_suzanne_mitchell","rat","Heterogenous stock",NA,"TCGATGGT","2020-08-06-Flowcell Sample-Barcode list (KN02 Pool) .xlsx",NA
"200915_A00953_0152_AHJGF7DSXY","R11_S1_L003_R1_001.fastq.gz; R11_S1_L003_R2_001.fastq.gz","Riptide11","1","933000320045896","F","BLACK","u01_suzanne_mitchell","rat","Heterogenous stock",NA,"TAGGCCAT","2020-08-06-Flowcell Sample-Barcode list (KN02 Pool) .xlsx",NA
"200915_A00953_0152_AHJGF7DSXY","R11_S1_L003_R1_001.fastq.gz; R11_S1_L003_R2_001.fastq.gz","Riptide11","1","933000320045895","F","BLACKHOOD","u01_suzanne_mitchell","rat","Heterogenous stock",NA,"ATCGTAGC","2020-08-06-Flowcell Sample-Barcode list (KN02 Pool) .xlsx",NA
"200915_A00953_0152_AHJGF7DSXY","R11_S1_L003_R1_001.fastq.gz; R11_S1_L003_R2_001.fastq.gz","Riptide11","1","933000320046063","F","BROWNHOOD","u01_suzanne_mitchell","rat","Heterogenous stock",NA,"CGTAGCTA","2020-08-06-Flowcell Sample-Barcode list (KN02 Pool) .xlsx",NA
"200915_A00953_0152_AHJGF7DSXY","R11_S1_L003_R1_001.fastq.gz; R11_S1_L003_R2_001.fastq.gz","Riptide11","1","933000320046071","M","BLACKHOOD","u01_suzanne_mitchell","rat","Heterogenous stock",NA,"GCGCTATA","2020-08-06-Flowcell Sample-Barcode list (KN02 Pool) .xlsx",NA
"200915_A00953_0152_AHJGF7DSXY","R11_S1_L003_R1_001.fastq.gz; R11_S1_L003_R2_001.fastq.gz","Riptide11","1","933000320046068","F","BROWNHOOD","u01_suzanne_mitchell","rat","Heterogenous stock",NA,"ACCACATG","2020-08-06-Flowcell Sample-Barcode list (KN02 Pool) .xlsx",NA
"200915_A00953_0152_AHJGF7DSXY","R11_S1_L003_R1_001.fastq.gz; R11_S1_L003_R2_001.fastq.gz","Riptide11","1","933000320046069","M","ALBINO","u01_suzanne_mitchell","rat","Heterogenous stock",NA,"GCTATTCC","2020-08-06-Flowcell Sample-Barcode list (KN02 Pool) .xlsx",NA
"200915_A00953_0152_AHJGF7DSXY","R11_S1_L003_R1_001.fastq.gz; R11_S1_L003_R2_001.fastq.gz","Riptide11","1","933000320046058","M","ALBINO","u01_suzanne_mitchell","rat","Heterogenous stock",NA,"AGGTAGGT","2020-08-06-Flowcell Sample-Barcode list (KN02 Pool) .xlsx",NA
"200915_A00953_0152_AHJGF7DSXY","R11_S1_L003_R1_001.fastq.gz; R11_S1_L003_R2_001.fastq.gz","Riptide11","1","933000320046064","F","BLACK","u01_suzanne_mitchell","rat","Heterogenous stock",NA,"CTAGAGCT","2020-08-06-Flowcell Sample-Barcode list (KN02 Pool) .xlsx",NA
"200915_A00953_0152_AHJGF7DSXY","R11_S1_L003_R1_001.fastq.gz; R11_S1_L003_R2_001.fastq.gz","Riptide11","1","933000320046061","M","BROWNHOOD","u01_suzanne_mitchell","rat","Heterogenous stock",NA,"ACAGTCAC","2020-08-06-Flowcell Sample-Barcode list (KN02 Pool) .xlsx",NA
"200915_A00953_0152_AHJGF7DSXY","R11_S1_L003_R1_001.fastq.gz; R11_S1_L003_R2_001.fastq.gz","Riptide11","1","933000320046073","F","ALBINO","u01_suzanne_mitchell","rat","Heterogenous stock",NA,"GTACCAAC","2020-08-06-Flowcell Sample-Barcode list (KN02 Pool) .xlsx",NA
"200915_A00953_0152_AHJGF7DSXY","R11_S1_L003_R1_001.fastq.gz; R11_S1_L003_R2_001.fastq.gz","Riptide11","1","933000320046271","F","BLACKHOOD","u01_suzanne_mitchell","rat","Heterogenous stock",NA,"TGACTGAC","2020-08-06-Flowcell Sample-Barcode list (KN02 Pool) .xlsx",NA
"200915_A00953_0152_AHJGF7DSXY","R11_S1_L003_R1_001.fastq.gz; R11_S1_L003_R2_001.fastq.gz","Riptide11","1","933000320046262","M","BROWNHOOD","u01_suzanne_mitchell","rat","Heterogenous stock",NA,"ATGCATGC","2020-08-06-Flowcell Sample-Barcode list (KN02 Pool) .xlsx",NA
"200915_A00953_0152_AHJGF7DSXY","R11_S1_L003_R1_001.fastq.gz; R11_S1_L003_R2_001.fastq.gz","Riptide11","1","933000320046264","F","BROWN","u01_suzanne_mitchell","rat","Heterogenous stock",NA,"TGCACAAC","2020-08-06-Flowcell Sample-Barcode list (KN02 Pool) .xlsx",NA
"200915_A00953_0152_AHJGF7DSXY","R11_S1_L003_R1_001.fastq.gz; R11_S1_L003_R2_001.fastq.gz","Riptide11","1","933000320046261","F","BLACKHOOD","u01_suzanne_mitchell","rat","Heterogenous stock",NA,"GTGTTGAC","2020-08-06-Flowcell Sample-Barcode list (KN02 Pool) .xlsx",NA
"200915_A00953_0152_AHJGF7DSXY","R11_S1_L003_R1_001.fastq.gz; R11_S1_L003_R2_001.fastq.gz","Riptide11","1","933000320046259","M","BLACK","u01_suzanne_mitchell","rat","Heterogenous stock",NA,"CTTCCATG","2020-08-06-Flowcell Sample-Barcode list (KN02 Pool) .xlsx",NA
"200915_A00953_0152_AHJGF7DSXY","R11_S1_L003_R1_001.fastq.gz; R11_S1_L003_R2_001.fastq.gz","Riptide11","1","933000320046196","M","ALBINO","u01_suzanne_mitchell","rat","Heterogenous stock",NA,"CGATCGAT","2020-08-06-Flowcell Sample-Barcode list (KN02 Pool) .xlsx",NA
"200915_A00953_0152_AHJGF7DSXY","R11_S1_L003_R1_001.fastq.gz; R11_S1_L003_R2_001.fastq.gz","Riptide11","1","933000320046181","F","BLACKHOOD","u01_suzanne_mitchell","rat","Heterogenous stock",NA,"TACGAACC","2020-08-06-Flowcell Sample-Barcode list (KN02 Pool) .xlsx",NA
"200915_A00953_0152_AHJGF7DSXY","R12_S2_L003_R1_001.fastq.gz; R12_S2_L003_R2_001.fastq.gz","Riptide12","2","933000320046762","M","BROWNHOOD","u01_suzanne_mitchell","rat","Heterogenous stock",NA,"AGTGTCTG","2020-08-06-Flowcell Sample-Barcode list (KN02 Pool) .xlsx",NA
"200915_A00953_0152_AHJGF7DSXY","R12_S2_L003_R1_001.fastq.gz; R12_S2_L003_R2_001.fastq.gz","Riptide12","2","933000320046041","F","BLACKHOOD","u01_suzanne_mitchell","rat","Heterogenous stock",NA,"AACCTTGG","2020-08-06-Flowcell Sample-Barcode list (KN02 Pool) .xlsx",NA
"200915_A00953_0152_AHJGF7DSXY","R12_S2_L003_R1_001.fastq.gz; R12_S2_L003_R2_001.fastq.gz","Riptide12","2","933000320046032","M","BLACKHOOD","u01_suzanne_mitchell","rat","Heterogenous stock",NA,"ACCAACGT","2020-08-06-Flowcell Sample-Barcode list (KN02 Pool) .xlsx",NA
"200915_A00953_0152_AHJGF7DSXY","R12_S2_L003_R1_001.fastq.gz; R12_S2_L003_R2_001.fastq.gz","Riptide12","2","933000320046050","M","BROWNHOOD","u01_suzanne_mitchell","rat","Heterogenous stock",NA,"GAACTGCT","2020-08-06-Flowcell Sample-Barcode list (KN02 Pool) .xlsx",NA
"200915_A00953_0152_AHJGF7DSXY","R12_S2_L003_R1_001.fastq.gz; R12_S2_L003_R2_001.fastq.gz","Riptide12","2","933000320046038","F","ALBINO","u01_suzanne_mitchell","rat","Heterogenous stock",NA,"CATGCTTC","2020-08-06-Flowcell Sample-Barcode list (KN02 Pool) .xlsx",NA
"200915_A00953_0152_AHJGF7DSXY","R12_S2_L003_R1_001.fastq.gz; R12_S2_L003_R2_001.fastq.gz","Riptide12","2","933000320046048","F","BROWNHOOD","u01_suzanne_mitchell","rat","Heterogenous stock",NA,"GTACCAAC","2020-08-06-Flowcell Sample-Barcode list (KN02 Pool) .xlsx",NA
"200915_A00953_0152_AHJGF7DSXY","R12_S2_L003_R1_001.fastq.gz; R12_S2_L003_R2_001.fastq.gz","Riptide12","2","933000320046045","M","BLACKHOOD","u01_suzanne_mitchell","rat","Heterogenous stock",NA,"GGTTCCAA","2020-08-06-Flowcell Sample-Barcode list (KN02 Pool) .xlsx",NA
"200915_A00953_0152_AHJGF7DSXY","R12_S2_L003_R1_001.fastq.gz; R12_S2_L003_R2_001.fastq.gz","Riptide12","2","933000320046027","M","ALBINO","u01_suzanne_mitchell","rat","Heterogenous stock",NA,"TGGTCTAG","2020-08-06-Flowcell Sample-Barcode list (KN02 Pool) .xlsx",NA
"200915_A00953_0152_AHJGF7DSXY","R12_S2_L003_R1_001.fastq.gz; R12_S2_L003_R2_001.fastq.gz","Riptide12","2","933000320046046","F","BLACKHOOD","u01_suzanne_mitchell","rat","Heterogenous stock",NA,"GTGTTGAC","2020-08-06-Flowcell Sample-Barcode list (KN02 Pool) .xlsx",NA
"200915_A00953_0152_AHJGF7DSXY","R12_S2_L003_R1_001.fastq.gz; R12_S2_L003_R2_001.fastq.gz","Riptide12","2","933000320045803","F","ALBINO","u01_suzanne_mitchell","rat","Heterogenous stock",NA,"ATCCGGTA","2020-08-06-Flowcell Sample-Barcode list (KN02 Pool) .xlsx",NA
"200915_A00953_0152_AHJGF7DSXY","R12_S2_L003_R1_001.fastq.gz; R12_S2_L003_R2_001.fastq.gz","Riptide12","2","933000320045821","F","BLACK","u01_suzanne_mitchell","rat","Heterogenous stock",NA,"TAGGCCAT","2020-08-06-Flowcell Sample-Barcode list (KN02 Pool) .xlsx",NA
"200915_A00953_0152_AHJGF7DSXY","R12_S2_L003_R1_001.fastq.gz; R12_S2_L003_R2_001.fastq.gz","Riptide12","2","933000320045822","M","ALBINO","u01_suzanne_mitchell","rat","Heterogenous stock",NA,"GAGTTCAC","2020-08-06-Flowcell Sample-Barcode list (KN02 Pool) .xlsx",NA
"200915_A00953_0152_AHJGF7DSXY","R12_S2_L003_R1_001.fastq.gz; R12_S2_L003_R2_001.fastq.gz","Riptide12","2","933000320045804","M","BROWNHOOD","u01_suzanne_mitchell","rat","Heterogenous stock",NA,"CTACCATC","2020-08-06-Flowcell Sample-Barcode list (KN02 Pool) .xlsx",NA
"200915_A00953_0152_AHJGF7DSXY","R12_S2_L003_R1_001.fastq.gz; R12_S2_L003_R2_001.fastq.gz","Riptide12","2","933000320046564","M","BROWN","u01_suzanne_mitchell","rat","Heterogenous stock",NA,"GTACAGCT","2020-08-06-Flowcell Sample-Barcode list (KN02 Pool) .xlsx",NA
"200915_A00953_0152_AHJGF7DSXY","R12_S2_L003_R1_001.fastq.gz; R12_S2_L003_R2_001.fastq.gz","Riptide12","2","933000320046769","M","BROWNHOOD","u01_suzanne_mitchell","rat","Heterogenous stock",NA,"TGCACAAC","2020-08-06-Flowcell Sample-Barcode list (KN02 Pool) .xlsx",NA
"200915_A00953_0152_AHJGF7DSXY","R12_S2_L003_R1_001.fastq.gz; R12_S2_L003_R2_001.fastq.gz","Riptide12","2","933000320046571","F","BROWN","u01_suzanne_mitchell","rat","Heterogenous stock",NA,"GCTACGAT","2020-08-06-Flowcell Sample-Barcode list (KN02 Pool) .xlsx",NA
"200915_A00953_0152_AHJGF7DSXY","R12_S2_L003_R1_001.fastq.gz; R12_S2_L003_R2_001.fastq.gz","Riptide12","2","933000320046572","M","ALBINO","u01_suzanne_mitchell","rat","Heterogenous stock",NA,"CAACGTAC","2020-08-06-Flowcell Sample-Barcode list (KN02 Pool) .xlsx",NA
"200915_A00953_0152_AHJGF7DSXY","R12_S2_L003_R1_001.fastq.gz; R12_S2_L003_R2_001.fastq.gz","Riptide12","2","933000320046561","M","BLACKHOOD","u01_suzanne_mitchell","rat","Heterogenous stock",NA,"GTGTCACA","2020-08-06-Flowcell Sample-Barcode list (KN02 Pool) .xlsx",NA
"200915_A00953_0152_AHJGF7DSXY","R12_S2_L003_R1_001.fastq.gz; R12_S2_L003_R2_001.fastq.gz","Riptide12","2","933000320046569","M","BLACKHOOD","u01_suzanne_mitchell","rat","Heterogenous stock",NA,"CTTCCATG","2020-08-06-Flowcell Sample-Barcode list (KN02 Pool) .xlsx",NA
"200915_A00953_0152_AHJGF7DSXY","R12_S2_L003_R1_001.fastq.gz; R12_S2_L003_R2_001.fastq.gz","Riptide12","2","933000320046775","M","BLACKHOOD","u01_suzanne_mitchell","rat","Heterogenous stock",NA,"CTCTCAGT","2020-08-06-Flowcell Sample-Barcode list (KN02 Pool) .xlsx",NA
"200915_A00953_0152_AHJGF7DSXY","R12_S2_L003_R1_001.fastq.gz; R12_S2_L003_R2_001.fastq.gz","Riptide12","2","933000320046752","M","ALBINO","u01_suzanne_mitchell","rat","Heterogenous stock",NA,"CCAATACG","2020-08-06-Flowcell Sample-Barcode list (KN02 Pool) .xlsx",NA
"200915_A00953_0152_AHJGF7DSXY","R12_S2_L003_R1_001.fastq.gz; R12_S2_L003_R2_001.fastq.gz","Riptide12","2","933000320046772","M","BLACKHOOD","u01_suzanne_mitchell","rat","Heterogenous stock",NA,"GATCCTAG","2020-08-06-Flowcell Sample-Barcode list (KN02 Pool) .xlsx",NA
"200915_A00953_0152_AHJGF7DSXY","R12_S2_L003_R1_001.fastq.gz; R12_S2_L003_R2_001.fastq.gz","Riptide12","2","933000320046757","F","BLACKHOOD","u01_suzanne_mitchell","rat","Heterogenous stock",NA,"ACAGTCAC","2020-08-06-Flowcell Sample-Barcode list (KN02 Pool) .xlsx",NA
"200915_A00953_0152_AHJGF7DSXY","R12_S2_L003_R1_001.fastq.gz; R12_S2_L003_R2_001.fastq.gz","Riptide12","2","933000320046758","M","BROWNHOOD","u01_suzanne_mitchell","rat","Heterogenous stock",NA,"GTGAACAG","2020-08-06-Flowcell Sample-Barcode list (KN02 Pool) .xlsx",NA
"200915_A00953_0152_AHJGF7DSXY","R12_S2_L003_R1_001.fastq.gz; R12_S2_L003_R2_001.fastq.gz","Riptide12","2","933000320046756","M","BROWNHOOD","u01_suzanne_mitchell","rat","Heterogenous stock",NA,"TGACCACA","2020-08-06-Flowcell Sample-Barcode list (KN02 Pool) .xlsx",NA
"200915_A00953_0152_AHJGF7DSXY","R12_S2_L003_R1_001.fastq.gz; R12_S2_L003_R2_001.fastq.gz","Riptide12","2","933000320046759","F","BROWNHOOD","u01_suzanne_mitchell","rat","Heterogenous stock",NA,"TGCACTAG","2020-08-06-Flowcell Sample-Barcode list (KN02 Pool) .xlsx",NA
"200915_A00953_0152_AHJGF7DSXY","R12_S2_L003_R1_001.fastq.gz; R12_S2_L003_R2_001.fastq.gz","Riptide12","2","933000320046771","F","BROWNHOOD","u01_suzanne_mitchell","rat","Heterogenous stock",NA,"CTTCCAAC","2020-08-06-Flowcell Sample-Barcode list (KN02 Pool) .xlsx",NA
"200915_A00953_0152_AHJGF7DSXY","R12_S2_L003_R1_001.fastq.gz; R12_S2_L003_R2_001.fastq.gz","Riptide12","2","933000320046763","M","ALBINO","u01_suzanne_mitchell","rat","Heterogenous stock",NA,"GAGACACA","2020-08-06-Flowcell Sample-Barcode list (KN02 Pool) .xlsx",NA
"200915_A00953_0152_AHJGF7DSXY","R12_S2_L003_R1_001.fastq.gz; R12_S2_L003_R2_001.fastq.gz","Riptide12","2","933000320046761","M","BLACKHOOD","u01_suzanne_mitchell","rat","Heterogenous stock",NA,"TGACTGAC","2020-08-06-Flowcell Sample-Barcode list (KN02 Pool) .xlsx",NA
"200915_A00953_0152_AHJGF7DSXY","R12_S2_L003_R1_001.fastq.gz; R12_S2_L003_R2_001.fastq.gz","Riptide12","2","933000320046755","F","ALBINO","u01_suzanne_mitchell","rat","Heterogenous stock",NA,"GAGACAGT","2020-08-06-Flowcell Sample-Barcode list (KN02 Pool) .xlsx",NA
"200915_A00953_0152_AHJGF7DSXY","R12_S2_L003_R1_001.fastq.gz; R12_S2_L003_R2_001.fastq.gz","Riptide12","2","933000320046764","F","BLACKHOOD","u01_suzanne_mitchell","rat","Heterogenous stock",NA,"CTAGAGCT","2020-08-06-Flowcell Sample-Barcode list (KN02 Pool) .xlsx",NA
"200915_A00953_0152_AHJGF7DSXY","R12_S2_L003_R1_001.fastq.gz; R12_S2_L003_R2_001.fastq.gz","Riptide12","2","933000320046767","M","BROWN","u01_suzanne_mitchell","rat","Heterogenous stock",NA,"CGTAGCAT","2020-08-06-Flowcell Sample-Barcode list (KN02 Pool) .xlsx",NA
"200915_A00953_0152_AHJGF7DSXY","R12_S2_L003_R1_001.fastq.gz; R12_S2_L003_R2_001.fastq.gz","Riptide12","2","933000320046760","M","BLACK","u01_suzanne_mitchell","rat","Heterogenous stock",NA,"CACATGTG","2020-08-06-Flowcell Sample-Barcode list (KN02 Pool) .xlsx",NA
"200915_A00953_0152_AHJGF7DSXY","R12_S2_L003_R1_001.fastq.gz; R12_S2_L003_R2_001.fastq.gz","Riptide12","2","933000320046770","F","BROWNHOOD","u01_suzanne_mitchell","rat","Heterogenous stock",NA,"ACCACATG","2020-08-06-Flowcell Sample-Barcode list (KN02 Pool) .xlsx",NA
"200915_A00953_0152_AHJGF7DSXY","R12_S2_L003_R1_001.fastq.gz; R12_S2_L003_R2_001.fastq.gz","Riptide12","2","933000320046774","F","BLACK","u01_suzanne_mitchell","rat","Heterogenous stock",NA,"AGGAACGT","2020-08-06-Flowcell Sample-Barcode list (KN02 Pool) .xlsx",NA
"200915_A00953_0152_AHJGF7DSXY","R12_S2_L003_R1_001.fastq.gz; R12_S2_L003_R2_001.fastq.gz","Riptide12","2","933000320046368","M","BROWNHOOD","u01_suzanne_mitchell","rat","Heterogenous stock",NA,"AGGTAGGT","2020-08-06-Flowcell Sample-Barcode list (KN02 Pool) .xlsx",NA
"200915_A00953_0152_AHJGF7DSXY","R12_S2_L003_R1_001.fastq.gz; R12_S2_L003_R2_001.fastq.gz","Riptide12","2","933000320046369","F","ALBINO","u01_suzanne_mitchell","rat","Heterogenous stock",NA,"GAAGTCCT","2020-08-06-Flowcell Sample-Barcode list (KN02 Pool) .xlsx",NA
"200915_A00953_0152_AHJGF7DSXY","R12_S2_L003_R1_001.fastq.gz; R12_S2_L003_R2_001.fastq.gz","Riptide12","2","933000320046375","F","BROWNHOOD","u01_suzanne_mitchell","rat","Heterogenous stock",NA,"TAGCTACG","2020-08-06-Flowcell Sample-Barcode list (KN02 Pool) .xlsx",NA
"200915_A00953_0152_AHJGF7DSXY","R12_S2_L003_R1_001.fastq.gz; R12_S2_L003_R2_001.fastq.gz","Riptide12","2","933000320046493","M","BROWN","u01_suzanne_mitchell","rat","Heterogenous stock",NA,"ACACGTCA","2020-08-06-Flowcell Sample-Barcode list (KN02 Pool) .xlsx",NA
"200915_A00953_0152_AHJGF7DSXY","R12_S2_L003_R1_001.fastq.gz; R12_S2_L003_R2_001.fastq.gz","Riptide12","2","933000320046367","F","ALBINO","u01_suzanne_mitchell","rat","Heterogenous stock",NA,"CGTAGCTA","2020-08-06-Flowcell Sample-Barcode list (KN02 Pool) .xlsx",NA
"200915_A00953_0152_AHJGF7DSXY","R12_S2_L003_R1_001.fastq.gz; R12_S2_L003_R2_001.fastq.gz","Riptide12","2","933000320046478","M","BLACKHOOD","u01_suzanne_mitchell","rat","Heterogenous stock",NA,"GCCGTATA","2020-08-06-Flowcell Sample-Barcode list (KN02 Pool) .xlsx",NA
"200915_A00953_0152_AHJGF7DSXY","R12_S2_L003_R1_001.fastq.gz; R12_S2_L003_R2_001.fastq.gz","Riptide12","2","933000320046373","F","BLACKHOOD","u01_suzanne_mitchell","rat","Heterogenous stock",NA,"CGTACGTA","2020-08-06-Flowcell Sample-Barcode list (KN02 Pool) .xlsx",NA
"200915_A00953_0152_AHJGF7DSXY","R12_S2_L003_R1_001.fastq.gz; R12_S2_L003_R2_001.fastq.gz","Riptide12","2","933000320046484","M","BLACKHOOD","u01_suzanne_mitchell","rat","Heterogenous stock",NA,"GCTTAACG","2020-08-06-Flowcell Sample-Barcode list (KN02 Pool) .xlsx",NA
"200915_A00953_0152_AHJGF7DSXY","R12_S2_L003_R1_001.fastq.gz; R12_S2_L003_R2_001.fastq.gz","Riptide12","2","933000320046347","M","BLACKHOOD","u01_suzanne_mitchell","rat","Heterogenous stock",NA,"ATCGTAGC","2020-08-06-Flowcell Sample-Barcode list (KN02 Pool) .xlsx",NA
"200915_A00953_0152_AHJGF7DSXY","R12_S2_L003_R1_001.fastq.gz; R12_S2_L003_R2_001.fastq.gz","Riptide12","2","933000320046351","M","BROWNHOOD","u01_suzanne_mitchell","rat","Heterogenous stock",NA,"ATCCTAGG","2020-08-06-Flowcell Sample-Barcode list (KN02 Pool) .xlsx",NA
"200915_A00953_0152_AHJGF7DSXY","R12_S2_L003_R1_001.fastq.gz; R12_S2_L003_R2_001.fastq.gz","Riptide12","2","933000320046332","F","BROWNHOOD","u01_suzanne_mitchell","rat","Heterogenous stock",NA,"AAGGTTCC","2020-08-06-Flowcell Sample-Barcode list (KN02 Pool) .xlsx",NA
"200915_A00953_0152_AHJGF7DSXY","R12_S2_L003_R1_001.fastq.gz; R12_S2_L003_R2_001.fastq.gz","Riptide12","2","933000320046339","M","ALBINO","u01_suzanne_mitchell","rat","Heterogenous stock",NA,"ACACGTGT","2020-08-06-Flowcell Sample-Barcode list (KN02 Pool) .xlsx",NA
"200915_A00953_0152_AHJGF7DSXY","R12_S2_L003_R1_001.fastq.gz; R12_S2_L003_R2_001.fastq.gz","Riptide12","2","933000320046346","M","BLACK","u01_suzanne_mitchell","rat","Heterogenous stock",NA,"CACTAGAC","2020-08-06-Flowcell Sample-Barcode list (KN02 Pool) .xlsx",NA
"200915_A00953_0152_AHJGF7DSXY","R12_S2_L003_R1_001.fastq.gz; R12_S2_L003_R2_001.fastq.gz","Riptide12","2","933000320046330","M","BLACKHOOD","u01_suzanne_mitchell","rat","Heterogenous stock",NA,"TGGTACGT","2020-08-06-Flowcell Sample-Barcode list (KN02 Pool) .xlsx",NA
"200915_A00953_0152_AHJGF7DSXY","R12_S2_L003_R1_001.fastq.gz; R12_S2_L003_R2_001.fastq.gz","Riptide12","2","933000320046326","M","BROWNHOOD","u01_suzanne_mitchell","rat","Heterogenous stock",NA,"CTCTACAC","2020-08-06-Flowcell Sample-Barcode list (KN02 Pool) .xlsx",NA
"200915_A00953_0152_AHJGF7DSXY","R12_S2_L003_R1_001.fastq.gz; R12_S2_L003_R2_001.fastq.gz","Riptide12","2","933000320046334","M","BLACK","u01_suzanne_mitchell","rat","Heterogenous stock",NA,"TACCATGG","2020-08-06-Flowcell Sample-Barcode list (KN02 Pool) .xlsx",NA
"200915_A00953_0152_AHJGF7DSXY","R12_S2_L003_R1_001.fastq.gz; R12_S2_L003_R2_001.fastq.gz","Riptide12","2","933000320046335","M","BROWN","u01_suzanne_mitchell","rat","Heterogenous stock",NA,"ACCTGTTC","2020-08-06-Flowcell Sample-Barcode list (KN02 Pool) .xlsx",NA
"200915_A00953_0152_AHJGF7DSXY","R12_S2_L003_R1_001.fastq.gz; R12_S2_L003_R2_001.fastq.gz","Riptide12","2","933000320046331","F","BLACK","u01_suzanne_mitchell","rat","Heterogenous stock",NA,"GAACCATC","2020-08-06-Flowcell Sample-Barcode list (KN02 Pool) .xlsx",NA
"200915_A00953_0152_AHJGF7DSXY","R12_S2_L003_R1_001.fastq.gz; R12_S2_L003_R2_001.fastq.gz","Riptide12","2","933000320046337","M","BLACKHOOD","u01_suzanne_mitchell","rat","Heterogenous stock",NA,"GTACTGCA","2020-08-06-Flowcell Sample-Barcode list (KN02 Pool) .xlsx",NA
"200915_A00953_0152_AHJGF7DSXY","R12_S2_L003_R1_001.fastq.gz; R12_S2_L003_R2_001.fastq.gz","Riptide12","2","933000320046338","M","ALBINO","u01_suzanne_mitchell","rat","Heterogenous stock",NA,"GCTTCCTA","2020-08-06-Flowcell Sample-Barcode list (KN02 Pool) .xlsx",NA
"200915_A00953_0152_AHJGF7DSXY","R12_S2_L003_R1_001.fastq.gz; R12_S2_L003_R2_001.fastq.gz","Riptide12","2","933000320046344","F","BLACK","u01_suzanne_mitchell","rat","Heterogenous stock",NA,"CAGTCAGT","2020-08-06-Flowcell Sample-Barcode list (KN02 Pool) .xlsx",NA
"200915_A00953_0152_AHJGF7DSXY","R12_S2_L003_R1_001.fastq.gz; R12_S2_L003_R2_001.fastq.gz","Riptide12","2","933000320046490","M","BROWNHOOD","u01_suzanne_mitchell","rat","Heterogenous stock",NA,"GATCAGCT","2020-08-06-Flowcell Sample-Barcode list (KN02 Pool) .xlsx",NA
"200915_A00953_0152_AHJGF7DSXY","R12_S2_L003_R1_001.fastq.gz; R12_S2_L003_R2_001.fastq.gz","Riptide12","2","933000320046492","F","ALBINO","u01_suzanne_mitchell","rat","Heterogenous stock",NA,"TCGATGGT","2020-08-06-Flowcell Sample-Barcode list (KN02 Pool) .xlsx",NA
"200915_A00953_0152_AHJGF7DSXY","R12_S2_L003_R1_001.fastq.gz; R12_S2_L003_R2_001.fastq.gz","Riptide12","2","933000320046482","F","BROWNHOOD","u01_suzanne_mitchell","rat","Heterogenous stock",NA,"ACCAAGGA","2020-08-06-Flowcell Sample-Barcode list (KN02 Pool) .xlsx",NA
"200915_A00953_0152_AHJGF7DSXY","R12_S2_L003_R1_001.fastq.gz; R12_S2_L003_R2_001.fastq.gz","Riptide12","2","933000320046496","F","BROWNHOOD","u01_suzanne_mitchell","rat","Heterogenous stock",NA,"AGCTCTAG","2020-08-06-Flowcell Sample-Barcode list (KN02 Pool) .xlsx",NA
"200915_A00953_0152_AHJGF7DSXY","R12_S2_L003_R1_001.fastq.gz; R12_S2_L003_R2_001.fastq.gz","Riptide12","2","933000320046485","M","BLACK","u01_suzanne_mitchell","rat","Heterogenous stock",NA,"CTTGTCCA","2020-08-06-Flowcell Sample-Barcode list (KN02 Pool) .xlsx",NA
"200915_A00953_0152_AHJGF7DSXY","R12_S2_L003_R1_001.fastq.gz; R12_S2_L003_R2_001.fastq.gz","Riptide12","2","933000320046491","F","BROWN","u01_suzanne_mitchell","rat","Heterogenous stock",NA,"CTGTACAG","2020-08-06-Flowcell Sample-Barcode list (KN02 Pool) .xlsx",NA
"200915_A00953_0152_AHJGF7DSXY","R12_S2_L003_R1_001.fastq.gz; R12_S2_L003_R2_001.fastq.gz","Riptide12","2","933000320046483","F","ALBINO","u01_suzanne_mitchell","rat","Heterogenous stock",NA,"TCGAGTTG","2020-08-06-Flowcell Sample-Barcode list (KN02 Pool) .xlsx",NA
"200915_A00953_0152_AHJGF7DSXY","R12_S2_L003_R1_001.fastq.gz; R12_S2_L003_R2_001.fastq.gz","Riptide12","2","933000320046486","F","BLACKHOOD","u01_suzanne_mitchell","rat","Heterogenous stock",NA,"CCTAATCC","2020-08-06-Flowcell Sample-Barcode list (KN02 Pool) .xlsx",NA
"200915_A00953_0152_AHJGF7DSXY","R12_S2_L003_R1_001.fastq.gz; R12_S2_L003_R2_001.fastq.gz","Riptide12","2","933000320045772","F","BROWN","u01_suzanne_mitchell","rat","Heterogenous stock",NA,"CAGTTGAC","2020-08-06-Flowcell Sample-Barcode list (KN02 Pool) .xlsx",NA
"200915_A00953_0152_AHJGF7DSXY","R12_S2_L003_R1_001.fastq.gz; R12_S2_L003_R2_001.fastq.gz","Riptide12","2","933000320045757","F","BROWNHOOD","u01_suzanne_mitchell","rat","Heterogenous stock",NA,"GACATCAC","2020-08-06-Flowcell Sample-Barcode list (KN02 Pool) .xlsx",NA
"200915_A00953_0152_AHJGF7DSXY","R12_S2_L003_R1_001.fastq.gz; R12_S2_L003_R2_001.fastq.gz","Riptide12","2","933000320045766","F","BROWN","u01_suzanne_mitchell","rat","Heterogenous stock",NA,"TCCAAGGT","2020-08-06-Flowcell Sample-Barcode list (KN02 Pool) .xlsx",NA
"200915_A00953_0152_AHJGF7DSXY","R12_S2_L003_R1_001.fastq.gz; R12_S2_L003_R2_001.fastq.gz","Riptide12","2","933000320047645","M","BLACKHOOD","u01_suzanne_mitchell","rat","Heterogenous stock",NA,"GCCGTTAA","2020-08-06-Flowcell Sample-Barcode list (KN02 Pool) .xlsx",NA
"200915_A00953_0152_AHJGF7DSXY","R12_S2_L003_R1_001.fastq.gz; R12_S2_L003_R2_001.fastq.gz","Riptide12","2","933000320047646","M","BROWN","u01_suzanne_mitchell","rat","Heterogenous stock",NA,"GCGCTATA","2020-08-06-Flowcell Sample-Barcode list (KN02 Pool) .xlsx",NA
"200915_A00953_0152_AHJGF7DSXY","R11_S1_L003_R1_001.fastq.gz; R11_S1_L003_R2_001.fastq.gz","Riptide11","1","933000320047638","M","BLACKHOOD","u01_suzanne_mitchell","rat","Heterogenous stock",NA,"AAGGTTCC","2020-08-06-Flowcell Sample-Barcode list (KN02 Pool) .xlsx",NA
"200915_A00953_0152_AHJGF7DSXY","R11_S1_L003_R1_001.fastq.gz; R11_S1_L003_R2_001.fastq.gz","Riptide11","1","933000320047649","M","BLACK","u01_suzanne_mitchell","rat","Heterogenous stock",NA,"GAGTTCTG","2020-08-06-Flowcell Sample-Barcode list (KN02 Pool) .xlsx",NA
"200915_A00953_0152_AHJGF7DSXY","R11_S1_L003_R1_001.fastq.gz; R11_S1_L003_R2_001.fastq.gz","Riptide11","1","933000320047626","M","ALBINO","u01_suzanne_mitchell","rat","Heterogenous stock",NA,"CTCTCACA","2020-08-06-Flowcell Sample-Barcode list (KN02 Pool) .xlsx",NA
"200915_A00953_0152_AHJGF7DSXY","R11_S1_L003_R1_001.fastq.gz; R11_S1_L003_R2_001.fastq.gz","Riptide11","1","933000320047639","M","BLACKHOOD","u01_suzanne_mitchell","rat","Heterogenous stock",NA,"AGTGTCTG","2020-08-06-Flowcell Sample-Barcode list (KN02 Pool) .xlsx",NA
"200915_A00953_0152_AHJGF7DSXY","R11_S1_L003_R1_001.fastq.gz; R11_S1_L003_R2_001.fastq.gz","Riptide11","1","933000320047770","M","ALBINO","u01_suzanne_mitchell","rat","Heterogenous stock",NA,"GAAGTCCT","2020-08-06-Flowcell Sample-Barcode list (KN02 Pool) .xlsx",NA
"200915_A00953_0152_AHJGF7DSXY","R11_S1_L003_R1_001.fastq.gz; R11_S1_L003_R2_001.fastq.gz","Riptide11","1","933000320047771","M","BLACK","u01_suzanne_mitchell","rat","Heterogenous stock",NA,"TGACGTGT","2020-08-06-Flowcell Sample-Barcode list (KN02 Pool) .xlsx",NA
"200915_A00953_0152_AHJGF7DSXY","R11_S1_L003_R1_001.fastq.gz; R11_S1_L003_R2_001.fastq.gz","Riptide11","1","933000320047754","M","BLACK","u01_suzanne_mitchell","rat","Heterogenous stock",NA,"CAAGCTTG","2020-08-06-Flowcell Sample-Barcode list (KN02 Pool) .xlsx",NA
"200915_A00953_0152_AHJGF7DSXY","R11_S1_L003_R1_001.fastq.gz; R11_S1_L003_R2_001.fastq.gz","Riptide11","1","933000320047760","M","BROWNHOOD","u01_suzanne_mitchell","rat","Heterogenous stock",NA,"CTTCCAAC","2020-08-06-Flowcell Sample-Barcode list (KN02 Pool) .xlsx",NA
"200915_A00953_0152_AHJGF7DSXY","R11_S1_L003_R1_001.fastq.gz; R11_S1_L003_R2_001.fastq.gz","Riptide11","1","933000320047759","M","BROWN","u01_suzanne_mitchell","rat","Heterogenous stock",NA,"TGGTCATG","2020-08-06-Flowcell Sample-Barcode list (KN02 Pool) .xlsx",NA
"200915_A00953_0152_AHJGF7DSXY","R11_S1_L003_R1_001.fastq.gz; R11_S1_L003_R2_001.fastq.gz","Riptide11","1","933000320047768","M","ALBINO","u01_suzanne_mitchell","rat","Heterogenous stock",NA,"GAGACACA","2020-08-06-Flowcell Sample-Barcode list (KN02 Pool) .xlsx",NA
"200915_A00953_0152_AHJGF7DSXY","R11_S1_L003_R1_001.fastq.gz; R11_S1_L003_R2_001.fastq.gz","Riptide11","1","933000320047762","M","BROWN","u01_suzanne_mitchell","rat","Heterogenous stock",NA,"ACTGACTG","2020-08-06-Flowcell Sample-Barcode list (KN02 Pool) .xlsx",NA
"200915_A00953_0152_AHJGF7DSXY","R12_S2_L003_R1_001.fastq.gz; R12_S2_L003_R2_001.fastq.gz","Riptide12","2","933000320047779","M","BLACK","u01_suzanne_mitchell","rat","Heterogenous stock",NA,"GACATCTG","2020-08-06-Flowcell Sample-Barcode list (KN02 Pool) .xlsx",NA
"200915_A00953_0152_AHJGF7DSXY","R11_S1_L003_R1_001.fastq.gz; R11_S1_L003_R2_001.fastq.gz","Riptide11","1","933000320047799","M","BLACKHOOD","u01_suzanne_mitchell","rat","Heterogenous stock",NA,"AGCTAGCT","2020-08-06-Flowcell Sample-Barcode list (KN02 Pool) .xlsx",NA
"200915_A00953_0152_AHJGF7DSXY","R12_S2_L003_R1_001.fastq.gz; R12_S2_L003_R2_001.fastq.gz","Riptide12","2","933000320047780","M","BROWN","u01_suzanne_mitchell","rat","Heterogenous stock",NA,"GGATTAGG","2020-08-06-Flowcell Sample-Barcode list (KN02 Pool) .xlsx",NA
"200915_A00953_0152_AHJGF7DSXY","R11_S1_L003_R1_001.fastq.gz; R11_S1_L003_R2_001.fastq.gz","Riptide11","1","933000320047777","M","BLACK","u01_suzanne_mitchell","rat","Heterogenous stock",NA,"AACCGGTT","2020-08-06-Flowcell Sample-Barcode list (KN02 Pool) .xlsx",NA
"200915_A00953_0152_AHJGF7DSXY","R12_S2_L003_R1_001.fastq.gz; R12_S2_L003_R2_001.fastq.gz","Riptide12","2","933000320047790","M","ALBINO","u01_suzanne_mitchell","rat","Heterogenous stock",NA,"AACCGGTT","2020-08-06-Flowcell Sample-Barcode list (KN02 Pool) .xlsx",NA
"200915_A00953_0152_AHJGF7DSXY","R11_S1_L003_R1_001.fastq.gz; R11_S1_L003_R2_001.fastq.gz","Riptide11","1","933000320047784","M","ALBINO","u01_suzanne_mitchell","rat","Heterogenous stock",NA,"CACTAGAC","2020-08-06-Flowcell Sample-Barcode list (KN02 Pool) .xlsx",NA
"200915_A00953_0152_AHJGF7DSXY","R11_S1_L003_R1_001.fastq.gz; R11_S1_L003_R2_001.fastq.gz","Riptide11","1","933000320047791","M","BLACKHOOD","u01_suzanne_mitchell","rat","Heterogenous stock",NA,"ACTGTGAC","2020-08-06-Flowcell Sample-Barcode list (KN02 Pool) .xlsx",NA
"200915_A00953_0152_AHJGF7DSXY","R11_S1_L003_R1_001.fastq.gz; R11_S1_L003_R2_001.fastq.gz","Riptide11","1","933000320047786","M","BROWNHOOD","u01_suzanne_mitchell","rat","Heterogenous stock",NA,"GTACAGCT","2020-08-06-Flowcell Sample-Barcode list (KN02 Pool) .xlsx",NA
"200915_A00953_0152_AHJGF7DSXY","R11_S1_L003_R1_001.fastq.gz; R11_S1_L003_R2_001.fastq.gz","Riptide11","1","933000320047785","M","BROWN","u01_suzanne_mitchell","rat","Heterogenous stock",NA,"TAGCTACG","2020-08-06-Flowcell Sample-Barcode list (KN02 Pool) .xlsx",NA
"200915_A00953_0152_AHJGF7DSXY","R11_S1_L003_R1_001.fastq.gz; R11_S1_L003_R2_001.fastq.gz","Riptide11","1","933000320047798","M","BLACKHOOD","u01_suzanne_mitchell","rat","Heterogenous stock",NA,"AACCTTGG","2020-08-06-Flowcell Sample-Barcode list (KN02 Pool) .xlsx",NA
"200915_A00953_0152_AHJGF7DSXY","R11_S1_L003_R1_001.fastq.gz; R11_S1_L003_R2_001.fastq.gz","Riptide11","1","933000320046890","M","BROWN","u01_suzanne_mitchell","rat","Heterogenous stock",NA,"TGCACTAG","2020-08-06-Flowcell Sample-Barcode list (KN02 Pool) .xlsx",NA
"200915_A00953_0152_AHJGF7DSXY","R11_S1_L003_R1_001.fastq.gz; R11_S1_L003_R2_001.fastq.gz","Riptide11","1","933000320046896","M","ALBINO","u01_suzanne_mitchell","rat","Heterogenous stock",NA,"CCATATGG","2020-08-06-Flowcell Sample-Barcode list (KN02 Pool) .xlsx",NA
"200915_A00953_0152_AHJGF7DSXY","R11_S1_L003_R1_001.fastq.gz; R11_S1_L003_R2_001.fastq.gz","Riptide11","1","933000320046876","M","BLACKHOOD","u01_suzanne_mitchell","rat","Heterogenous stock",NA,"CCTAATCC","2020-08-06-Flowcell Sample-Barcode list (KN02 Pool) .xlsx",NA
"200915_A00953_0152_AHJGF7DSXY","R11_S1_L003_R1_001.fastq.gz; R11_S1_L003_R2_001.fastq.gz","Riptide11","1","933000320046883","M","BLACKHOOD","u01_suzanne_mitchell","rat","Heterogenous stock",NA,"GGATTAGG","2020-08-06-Flowcell Sample-Barcode list (KN02 Pool) .xlsx",NA
"200915_A00953_0152_AHJGF7DSXY","R11_S1_L003_R1_001.fastq.gz; R11_S1_L003_R2_001.fastq.gz","Riptide11","1","933000320046882","M","BLACK","u01_suzanne_mitchell","rat","Heterogenous stock",NA,"GAGACAGT","2020-08-06-Flowcell Sample-Barcode list (KN02 Pool) .xlsx",NA
"200915_A00953_0152_AHJGF7DSXY","R11_S1_L003_R1_001.fastq.gz; R11_S1_L003_R2_001.fastq.gz","Riptide11","1","933000320046897","M","BLACKHOOD","u01_suzanne_mitchell","rat","Heterogenous stock",NA,"CGTAGCAT","2020-08-06-Flowcell Sample-Barcode list (KN02 Pool) .xlsx",NA
"200915_A00953_0152_AHJGF7DSXY","R11_S1_L003_R1_001.fastq.gz; R11_S1_L003_R2_001.fastq.gz","Riptide11","1","933000320046880","M","ALBINO","u01_suzanne_mitchell","rat","Heterogenous stock",NA,"CAACCTAG","2020-08-06-Flowcell Sample-Barcode list (KN02 Pool) .xlsx",NA
"200915_A00953_0152_AHJGF7DSXY","R12_S2_L003_R1_001.fastq.gz; R12_S2_L003_R2_001.fastq.gz","Riptide12","2","933000320046884","M","ALBINO","u01_suzanne_mitchell","rat","Heterogenous stock",NA,"CAACCTAG","2020-08-06-Flowcell Sample-Barcode list (KN02 Pool) .xlsx",NA
"200915_A00953_0152_AHJGF7DSXY","R11_S1_L003_R1_001.fastq.gz; R11_S1_L003_R2_001.fastq.gz","Riptide11","1","933000320046900","M","BROWNHOOD","u01_suzanne_mitchell","rat","Heterogenous stock",NA,"GAGTTCAC","2020-08-06-Flowcell Sample-Barcode list (KN02 Pool) .xlsx",NA
"200915_A00953_0152_AHJGF7DSXY","R11_S1_L003_R1_001.fastq.gz; R11_S1_L003_R2_001.fastq.gz","Riptide11","1","933000320046881","M","BLACK","u01_suzanne_mitchell","rat","Heterogenous stock",NA,"GTGTCACA","2020-08-06-Flowcell Sample-Barcode list (KN02 Pool) .xlsx",NA
"200915_A00953_0152_AHJGF7DSXY","R12_S2_L003_R1_001.fastq.gz; R12_S2_L003_R2_001.fastq.gz","Riptide12","2","933000320046878","M","BROWN","u01_suzanne_mitchell","rat","Heterogenous stock",NA,"CTCATGAG","2020-08-06-Flowcell Sample-Barcode list (KN02 Pool) .xlsx",NA
"200915_A00953_0152_AHJGF7DSXY","R11_S1_L003_R1_001.fastq.gz; R11_S1_L003_R2_001.fastq.gz","Riptide11","1","933000320047079","M","ALBINO","u01_suzanne_mitchell","rat","Heterogenous stock",NA,"GCCGTTAA","2020-08-06-Flowcell Sample-Barcode list (KN02 Pool) .xlsx",NA
"200915_A00953_0152_AHJGF7DSXY","R11_S1_L003_R1_001.fastq.gz; R11_S1_L003_R2_001.fastq.gz","Riptide11","1","933000320047087","M","BROWNHOOD","u01_suzanne_mitchell","rat","Heterogenous stock",NA,"ACACGTGT","2020-08-06-Flowcell Sample-Barcode list (KN02 Pool) .xlsx",NA
"200915_A00953_0152_AHJGF7DSXY","R12_S2_L003_R1_001.fastq.gz; R12_S2_L003_R2_001.fastq.gz","Riptide12","2","933000320047095","M","BLACK","u01_suzanne_mitchell","rat","Heterogenous stock",NA,"ACTGTGAC","2020-08-06-Flowcell Sample-Barcode list (KN02 Pool) .xlsx",NA
"200915_A00953_0152_AHJGF7DSXY","R11_S1_L003_R1_001.fastq.gz; R11_S1_L003_R2_001.fastq.gz","Riptide11","1","933000320047098","M","BLACKHOOD","u01_suzanne_mitchell","rat","Heterogenous stock",NA,"CAGTTGAC","2020-08-06-Flowcell Sample-Barcode list (KN02 Pool) .xlsx",NA
"200915_A00953_0152_AHJGF7DSXY","R11_S1_L003_R1_001.fastq.gz; R11_S1_L003_R2_001.fastq.gz","Riptide11","1","933000320047076","M","BROWNHOOD","u01_suzanne_mitchell","rat","Heterogenous stock",NA,"TGACCACA","2020-08-06-Flowcell Sample-Barcode list (KN02 Pool) .xlsx",NA
"200915_A00953_0152_AHJGF7DSXY","R12_S2_L003_R1_001.fastq.gz; R12_S2_L003_R2_001.fastq.gz","Riptide12","2","933000320047083","M","BLACK","u01_suzanne_mitchell","rat","Heterogenous stock",NA,"AGCTAGCT","2020-08-06-Flowcell Sample-Barcode list (KN02 Pool) .xlsx",NA
"200915_A00953_0152_AHJGF7DSXY","R12_S2_L003_R1_001.fastq.gz; R12_S2_L003_R2_001.fastq.gz","Riptide12","2","933000320047246","M","BROWN","u01_suzanne_mitchell","rat","Heterogenous stock",NA,"CAAGCTTG","2020-08-06-Flowcell Sample-Barcode list (KN02 Pool) .xlsx",NA
"200915_A00953_0152_AHJGF7DSXY","R11_S1_L003_R1_001.fastq.gz; R11_S1_L003_R2_001.fastq.gz","Riptide11","1","933000320047237","M","BROWNHOOD","u01_suzanne_mitchell","rat","Heterogenous stock",NA,"AGCTCTAG","2020-08-06-Flowcell Sample-Barcode list (KN02 Pool) .xlsx",NA
"200915_A00953_0152_AHJGF7DSXY","R11_S1_L003_R1_001.fastq.gz; R11_S1_L003_R2_001.fastq.gz","Riptide11","1","933000320047227","M","BLACK","u01_suzanne_mitchell","rat","Heterogenous stock",NA,"CATGCTTC","2020-08-06-Flowcell Sample-Barcode list (KN02 Pool) .xlsx",NA
"200915_A00953_0152_AHJGF7DSXY","R12_S2_L003_R1_001.fastq.gz; R12_S2_L003_R2_001.fastq.gz","Riptide12","2","933000320047086","M","BLACKHOOD","u01_suzanne_mitchell","rat","Heterogenous stock",NA,"TGACGTGT","2020-08-06-Flowcell Sample-Barcode list (KN02 Pool) .xlsx",NA
"200915_A00953_0152_AHJGF7DSXY","R11_S1_L003_R1_001.fastq.gz; R11_S1_L003_R2_001.fastq.gz","Riptide11","1","933000320047247","M","BLACK","u01_suzanne_mitchell","rat","Heterogenous stock",NA,"CTCTCAGT","2020-08-06-Flowcell Sample-Barcode list (KN02 Pool) .xlsx",NA
"200915_A00953_0152_AHJGF7DSXY","R12_S2_L003_R1_001.fastq.gz; R12_S2_L003_R2_001.fastq.gz","Riptide12","2","933000320046986","M","BROWN","u01_suzanne_mitchell","rat","Heterogenous stock",NA,"CTGTCAGA","2020-08-06-Flowcell Sample-Barcode list (KN02 Pool) .xlsx",NA
"200915_A00953_0152_AHJGF7DSXY","R12_S2_L003_R1_001.fastq.gz; R12_S2_L003_R2_001.fastq.gz","Riptide12","2","933000320047250","M","BLACKHOOD","u01_suzanne_mitchell","rat","Heterogenous stock",NA,"GAAGCTTC","2020-08-06-Flowcell Sample-Barcode list (KN02 Pool) .xlsx",NA
"200915_A00953_0152_AHJGF7DSXY","R12_S2_L003_R1_001.fastq.gz; R12_S2_L003_R2_001.fastq.gz","Riptide12","2","933000320047242","M","BROWNHOOD","u01_suzanne_mitchell","rat","Heterogenous stock",NA,"TGGTGTAC","2020-08-06-Flowcell Sample-Barcode list (KN02 Pool) .xlsx",NA
"200915_A00953_0152_AHJGF7DSXY","R12_S2_L003_R1_001.fastq.gz; R12_S2_L003_R2_001.fastq.gz","Riptide12","2","933000320047244","M","BLACK","u01_suzanne_mitchell","rat","Heterogenous stock",NA,"TGGTCATG","2020-08-06-Flowcell Sample-Barcode list (KN02 Pool) .xlsx",NA
"200915_A00953_0152_AHJGF7DSXY","R11_S1_L003_R1_001.fastq.gz; R11_S1_L003_R2_001.fastq.gz","Riptide11","1","933000320047226","M","BROWNHOOD","u01_suzanne_mitchell","rat","Heterogenous stock",NA,"GACTTCAG","2020-08-06-Flowcell Sample-Barcode list (KN02 Pool) .xlsx",NA
"200915_A00953_0152_AHJGF7DSXY","R11_S1_L003_R1_001.fastq.gz; R11_S1_L003_R2_001.fastq.gz","Riptide11","1","933000320047632","F","BLACKHOOD","u01_suzanne_mitchell","rat","Heterogenous stock",NA,"ACCAAGGA","2020-08-06-Flowcell Sample-Barcode list (KN02 Pool) .xlsx",NA
"200915_A00953_0152_AHJGF7DSXY","R12_S2_L003_R1_001.fastq.gz; R12_S2_L003_R2_001.fastq.gz","Riptide12","2","933000320047633","F","BLACK","u01_suzanne_mitchell","rat","Heterogenous stock",NA,"GCTATTCC","2020-08-06-Flowcell Sample-Barcode list (KN02 Pool) .xlsx",NA
"200915_A00953_0152_AHJGF7DSXY","R11_S1_L003_R1_001.fastq.gz; R11_S1_L003_R2_001.fastq.gz","Riptide11","1","933000320047634","F","BLACKHOOD","u01_suzanne_mitchell","rat","Heterogenous stock",NA,"GTACTGCA","2020-08-06-Flowcell Sample-Barcode list (KN02 Pool) .xlsx",NA
"200915_A00953_0152_AHJGF7DSXY","R11_S1_L003_R1_001.fastq.gz; R11_S1_L003_R2_001.fastq.gz","Riptide11","1","933000320047640","F","BLACK","u01_suzanne_mitchell","rat","Heterogenous stock",NA,"TGGTACGT","2020-08-06-Flowcell Sample-Barcode list (KN02 Pool) .xlsx",NA
"200915_A00953_0152_AHJGF7DSXY","R12_S2_L003_R1_001.fastq.gz; R12_S2_L003_R2_001.fastq.gz","Riptide12","2","933000320047636","F","ALBINO","u01_suzanne_mitchell","rat","Heterogenous stock",NA,"CTCTCACA","2020-08-06-Flowcell Sample-Barcode list (KN02 Pool) .xlsx",NA
"200915_A00953_0152_AHJGF7DSXY","R12_S2_L003_R1_001.fastq.gz; R12_S2_L003_R2_001.fastq.gz","Riptide12","2","933000320047635","F","BLACKHOOD","u01_suzanne_mitchell","rat","Heterogenous stock",NA,"AACGTTGC","2020-08-06-Flowcell Sample-Barcode list (KN02 Pool) .xlsx",NA
"200915_A00953_0152_AHJGF7DSXY","R11_S1_L003_R1_001.fastq.gz; R11_S1_L003_R2_001.fastq.gz","Riptide11","1","933000320047753","F","BLACK","u01_suzanne_mitchell","rat","Heterogenous stock",NA,"GATCCTAG","2020-08-06-Flowcell Sample-Barcode list (KN02 Pool) .xlsx",NA
"200915_A00953_0152_AHJGF7DSXY","R12_S2_L003_R1_001.fastq.gz; R12_S2_L003_R2_001.fastq.gz","Riptide12","2","933000320047752","F","BROWN","u01_suzanne_mitchell","rat","Heterogenous stock",NA,"CCATATGG","2020-08-06-Flowcell Sample-Barcode list (KN02 Pool) .xlsx",NA
"200915_A00953_0152_AHJGF7DSXY","R11_S1_L003_R1_001.fastq.gz; R11_S1_L003_R2_001.fastq.gz","Riptide11","1","933000320047758","F","BROWN","u01_suzanne_mitchell","rat","Heterogenous stock",NA,"GCTACGAT","2020-08-06-Flowcell Sample-Barcode list (KN02 Pool) .xlsx",NA
"200915_A00953_0152_AHJGF7DSXY","R12_S2_L003_R1_001.fastq.gz; R12_S2_L003_R2_001.fastq.gz","Riptide12","2","933000320047767","F","BLACKHOOD","u01_suzanne_mitchell","rat","Heterogenous stock",NA,"GGAAGCAT","2020-08-06-Flowcell Sample-Barcode list (KN02 Pool) .xlsx",NA
"200915_A00953_0152_AHJGF7DSXY","R11_S1_L003_R1_001.fastq.gz; R11_S1_L003_R2_001.fastq.gz","Riptide11","1","933000320047757","F","BROWNHOOD","u01_suzanne_mitchell","rat","Heterogenous stock",NA,"CTTGTCCA","2020-08-06-Flowcell Sample-Barcode list (KN02 Pool) .xlsx",NA
"200915_A00953_0152_AHJGF7DSXY","R11_S1_L003_R1_001.fastq.gz; R11_S1_L003_R2_001.fastq.gz","Riptide11","1","933000320047769","F","BLACKHOOD","u01_suzanne_mitchell","rat","Heterogenous stock",NA,"GTGAACAG","2020-08-06-Flowcell Sample-Barcode list (KN02 Pool) .xlsx",NA
"200915_A00953_0152_AHJGF7DSXY","R12_S2_L003_R1_001.fastq.gz; R12_S2_L003_R2_001.fastq.gz","Riptide12","2","933000320047755","F","BLACK","u01_suzanne_mitchell","rat","Heterogenous stock",NA,"AGTGGTCT","2020-08-06-Flowcell Sample-Barcode list (KN02 Pool) .xlsx",NA
"200915_A00953_0152_AHJGF7DSXY","R11_S1_L003_R1_001.fastq.gz; R11_S1_L003_R2_001.fastq.gz","Riptide11","1","933000320047775","F","BLACKHOOD","u01_suzanne_mitchell","rat","Heterogenous stock",NA,"GAAGCTTC","2020-08-06-Flowcell Sample-Barcode list (KN02 Pool) .xlsx",NA
"200915_A00953_0152_AHJGF7DSXY","R11_S1_L003_R1_001.fastq.gz; R11_S1_L003_R2_001.fastq.gz","Riptide11","1","933000320047782","F","BLACKHOOD","u01_suzanne_mitchell","rat","Heterogenous stock",NA,"GGAAGCAT","2020-08-06-Flowcell Sample-Barcode list (KN02 Pool) .xlsx",NA
"200915_A00953_0152_AHJGF7DSXY","R11_S1_L003_R1_001.fastq.gz; R11_S1_L003_R2_001.fastq.gz","Riptide11","1","933000320047800","F","BROWN","u01_suzanne_mitchell","rat","Heterogenous stock",NA,"GCCGTATA","2020-08-06-Flowcell Sample-Barcode list (KN02 Pool) .xlsx",NA
"200915_A00953_0152_AHJGF7DSXY","R12_S2_L003_R1_001.fastq.gz; R12_S2_L003_R2_001.fastq.gz","Riptide12","2","933000320047795","F","BLACKHOOD","u01_suzanne_mitchell","rat","Heterogenous stock",NA,"ACTGACTG","2020-08-06-Flowcell Sample-Barcode list (KN02 Pool) .xlsx",NA
"200915_A00953_0152_AHJGF7DSXY","R12_S2_L003_R1_001.fastq.gz; R12_S2_L003_R2_001.fastq.gz","Riptide12","2","933000320047797","F","ALBINO","u01_suzanne_mitchell","rat","Heterogenous stock",NA,"GATGCATC","2020-08-06-Flowcell Sample-Barcode list (KN02 Pool) .xlsx",NA
"200915_A00953_0152_AHJGF7DSXY","R11_S1_L003_R1_001.fastq.gz; R11_S1_L003_R2_001.fastq.gz","Riptide11","1","933000320047781","F","ALBINO","u01_suzanne_mitchell","rat","Heterogenous stock",NA,"GCTTAACG","2020-08-06-Flowcell Sample-Barcode list (KN02 Pool) .xlsx",NA
"200915_A00953_0152_AHJGF7DSXY","R11_S1_L003_R1_001.fastq.gz; R11_S1_L003_R2_001.fastq.gz","Riptide11","1","933000320047776","F","BLACKHOOD","u01_suzanne_mitchell","rat","Heterogenous stock",NA,"AGTGGTCT","2020-08-06-Flowcell Sample-Barcode list (KN02 Pool) .xlsx",NA
"200915_A00953_0152_AHJGF7DSXY","R11_S1_L003_R1_001.fastq.gz; R11_S1_L003_R2_001.fastq.gz","Riptide11","1","933000320047788","F","BROWNHOOD","u01_suzanne_mitchell","rat","Heterogenous stock",NA,"GACATCTG","2020-08-06-Flowcell Sample-Barcode list (KN02 Pool) .xlsx",NA
"200915_A00953_0152_AHJGF7DSXY","R11_S1_L003_R1_001.fastq.gz; R11_S1_L003_R2_001.fastq.gz","Riptide11","1","933000320047783","F","BROWN","u01_suzanne_mitchell","rat","Heterogenous stock",NA,"ACACGTCA","2020-08-06-Flowcell Sample-Barcode list (KN02 Pool) .xlsx",NA
"200915_A00953_0152_AHJGF7DSXY","R11_S1_L003_R1_001.fastq.gz; R11_S1_L003_R2_001.fastq.gz","Riptide11","1","933000320046898","F","BROWN","u01_suzanne_mitchell","rat","Heterogenous stock",NA,"AACGTTGC","2020-08-06-Flowcell Sample-Barcode list (KN02 Pool) .xlsx",NA
"200915_A00953_0152_AHJGF7DSXY","R12_S2_L003_R1_001.fastq.gz; R12_S2_L003_R2_001.fastq.gz","Riptide12","2","933000320046885","F","BROWN","u01_suzanne_mitchell","rat","Heterogenous stock",NA,"GACTTCAG","2020-08-06-Flowcell Sample-Barcode list (KN02 Pool) .xlsx",NA
"200915_A00953_0152_AHJGF7DSXY","R11_S1_L003_R1_001.fastq.gz; R11_S1_L003_R2_001.fastq.gz","Riptide11","1","933000320046877","F","BROWN","u01_suzanne_mitchell","rat","Heterogenous stock",NA,"GAACTGCT","2020-08-06-Flowcell Sample-Barcode list (KN02 Pool) .xlsx",NA
"200915_A00953_0152_AHJGF7DSXY","R12_S2_L003_R1_001.fastq.gz; R12_S2_L003_R2_001.fastq.gz","Riptide12","2","933000320046899","F","BLACK","u01_suzanne_mitchell","rat","Heterogenous stock",NA,"TACGAACC","2020-08-06-Flowcell Sample-Barcode list (KN02 Pool) .xlsx",NA
"200915_A00953_0152_AHJGF7DSXY","R11_S1_L003_R1_001.fastq.gz; R11_S1_L003_R2_001.fastq.gz","Riptide11","1","933000320046889","F","BROWNHOOD","u01_suzanne_mitchell","rat","Heterogenous stock",NA,"ATCCTAGG","2020-08-06-Flowcell Sample-Barcode list (KN02 Pool) .xlsx",NA
"200915_A00953_0152_AHJGF7DSXY","R11_S1_L003_R1_001.fastq.gz; R11_S1_L003_R2_001.fastq.gz","Riptide11","1","933000320046893","F","BLACK","u01_suzanne_mitchell","rat","Heterogenous stock",NA,"CGTACGTA","2020-08-06-Flowcell Sample-Barcode list (KN02 Pool) .xlsx",NA
"200915_A00953_0152_AHJGF7DSXY","R11_S1_L003_R1_001.fastq.gz; R11_S1_L003_R2_001.fastq.gz","Riptide11","1","933000320046895","F","BLACKHOOD","u01_suzanne_mitchell","rat","Heterogenous stock",NA,"CAACGTAC","2020-08-06-Flowcell Sample-Barcode list (KN02 Pool) .xlsx",NA
"200915_A00953_0152_AHJGF7DSXY","R11_S1_L003_R1_001.fastq.gz; R11_S1_L003_R2_001.fastq.gz","Riptide11","1","933000320046894","F","BROWNHOOD","u01_suzanne_mitchell","rat","Heterogenous stock",NA,"GATGCATC","2020-08-06-Flowcell Sample-Barcode list (KN02 Pool) .xlsx",NA
"200915_A00953_0152_AHJGF7DSXY","R11_S1_L003_R1_001.fastq.gz; R11_S1_L003_R2_001.fastq.gz","Riptide11","1","933000320046892","F","ALBINO","u01_suzanne_mitchell","rat","Heterogenous stock",NA,"CTCATGAG","2020-08-06-Flowcell Sample-Barcode list (KN02 Pool) .xlsx",NA
"200915_A00953_0152_AHJGF7DSXY","R11_S1_L003_R1_001.fastq.gz; R11_S1_L003_R2_001.fastq.gz","Riptide11","1","933000320046888","F","BROWNHOOD","u01_suzanne_mitchell","rat","Heterogenous stock",NA,"AGGAACGT","2020-08-06-Flowcell Sample-Barcode list (KN02 Pool) .xlsx",NA
"200915_A00953_0152_AHJGF7DSXY","R11_S1_L003_R1_001.fastq.gz; R11_S1_L003_R2_001.fastq.gz","Riptide11","1","933000320047097","F","BLACK","u01_suzanne_mitchell","rat","Heterogenous stock",NA,"TCGAGTTG","2020-08-06-Flowcell Sample-Barcode list (KN02 Pool) .xlsx",NA
"200915_A00953_0152_AHJGF7DSXY","R11_S1_L003_R1_001.fastq.gz; R11_S1_L003_R2_001.fastq.gz","Riptide11","1","933000320047092","F","BROWN","u01_suzanne_mitchell","rat","Heterogenous stock",NA,"GCTTCCTA","2020-08-06-Flowcell Sample-Barcode list (KN02 Pool) .xlsx",NA
"200915_A00953_0152_AHJGF7DSXY","R11_S1_L003_R1_001.fastq.gz; R11_S1_L003_R2_001.fastq.gz","Riptide11","1","933000320047082","F","ALBINO","u01_suzanne_mitchell","rat","Heterogenous stock",NA,"CTAGCTAG","2020-08-06-Flowcell Sample-Barcode list (KN02 Pool) .xlsx",NA
"200915_A00953_0152_AHJGF7DSXY","R11_S1_L003_R1_001.fastq.gz; R11_S1_L003_R2_001.fastq.gz","Riptide11","1","933000320047089","F","BROWNHOOD","u01_suzanne_mitchell","rat","Heterogenous stock",NA,"GATCAGCT","2020-08-06-Flowcell Sample-Barcode list (KN02 Pool) .xlsx",NA
"200915_A00953_0152_AHJGF7DSXY","R12_S2_L003_R1_001.fastq.gz; R12_S2_L003_R2_001.fastq.gz","Riptide12","2","933000320047091","F","BROWN","u01_suzanne_mitchell","rat","Heterogenous stock",NA,"GAGTTCTG","2020-08-06-Flowcell Sample-Barcode list (KN02 Pool) .xlsx",NA
"200915_A00953_0152_AHJGF7DSXY","R12_S2_L003_R1_001.fastq.gz; R12_S2_L003_R2_001.fastq.gz","Riptide12","2","933000320047081","F","BROWNHOOD","u01_suzanne_mitchell","rat","Heterogenous stock",NA,"ATGCATGC","2020-08-06-Flowcell Sample-Barcode list (KN02 Pool) .xlsx",NA
"200915_A00953_0152_AHJGF7DSXY","R11_S1_L003_R1_001.fastq.gz; R11_S1_L003_R2_001.fastq.gz","Riptide11","1","933000320047099","F","BLACKHOOD","u01_suzanne_mitchell","rat","Heterogenous stock",NA,"CAGTCAGT","2020-08-06-Flowcell Sample-Barcode list (KN02 Pool) .xlsx",NA
"200915_A00953_0152_AHJGF7DSXY","R11_S1_L003_R1_001.fastq.gz; R11_S1_L003_R2_001.fastq.gz","Riptide11","1","933000320047080","F","BROWN","u01_suzanne_mitchell","rat","Heterogenous stock",NA,"ACCTGTTC","2020-08-06-Flowcell Sample-Barcode list (KN02 Pool) .xlsx",NA
"200915_A00953_0152_AHJGF7DSXY","R11_S1_L003_R1_001.fastq.gz; R11_S1_L003_R2_001.fastq.gz","Riptide11","1","933000320047228","F","BLACK","u01_suzanne_mitchell","rat","Heterogenous stock",NA,"TGGTGTAC","2020-08-06-Flowcell Sample-Barcode list (KN02 Pool) .xlsx",NA
"200915_A00953_0152_AHJGF7DSXY","R11_S1_L003_R1_001.fastq.gz; R11_S1_L003_R2_001.fastq.gz","Riptide11","1","933000320047249","F","BROWNHOOD","u01_suzanne_mitchell","rat","Heterogenous stock",NA,"CACATGTG","2020-08-06-Flowcell Sample-Barcode list (KN02 Pool) .xlsx",NA
"200915_A00953_0152_AHJGF7DSXY","R11_S1_L003_R1_001.fastq.gz; R11_S1_L003_R2_001.fastq.gz","Riptide11","1","933000320047088","F","BROWNHOOD","u01_suzanne_mitchell","rat","Heterogenous stock",NA,"CTACCATC","2020-08-06-Flowcell Sample-Barcode list (KN02 Pool) .xlsx",NA
"200915_A00953_0152_AHJGF7DSXY","R12_S2_L003_R1_001.fastq.gz; R12_S2_L003_R2_001.fastq.gz","Riptide12","2","933000320047231","F","BLACKHOOD","u01_suzanne_mitchell","rat","Heterogenous stock",NA,"CGATCGAT","2020-08-06-Flowcell Sample-Barcode list (KN02 Pool) .xlsx",NA
"200915_A00953_0152_AHJGF7DSXY","R11_S1_L003_R1_001.fastq.gz; R11_S1_L003_R2_001.fastq.gz","Riptide11","1","933000320047229","F","BLACK","u01_suzanne_mitchell","rat","Heterogenous stock",NA,"TGGTCTAG","2020-08-06-Flowcell Sample-Barcode list (KN02 Pool) .xlsx",NA
"200915_A00953_0152_AHJGF7DSXY","R11_S1_L003_R1_001.fastq.gz; R11_S1_L003_R2_001.fastq.gz","Riptide11","1","933000320047233","F","BROWN","u01_suzanne_mitchell","rat","Heterogenous stock",NA,"ATCCGGTA","2020-08-06-Flowcell Sample-Barcode list (KN02 Pool) .xlsx",NA
"200915_A00953_0152_AHJGF7DSXY","R11_S1_L003_R1_001.fastq.gz; R11_S1_L003_R2_001.fastq.gz","Riptide11","1","933000320047241","F","BLACKHOOD","u01_suzanne_mitchell","rat","Heterogenous stock",NA,"TCCAAGGT","2020-08-06-Flowcell Sample-Barcode list (KN02 Pool) .xlsx",NA
"200915_A00953_0152_AHJGF7DSXY","R12_S2_L003_R1_001.fastq.gz; R12_S2_L003_R2_001.fastq.gz","Riptide12","2","933000320047238","F","BROWNHOOD","u01_suzanne_mitchell","rat","Heterogenous stock",NA,"CTAGCTAG","2020-08-06-Flowcell Sample-Barcode list (KN02 Pool) .xlsx",NA
"200915_A00953_0152_AHJGF7DSXY","R11_S1_L003_R1_001.fastq.gz; R11_S1_L003_R2_001.fastq.gz","Riptide11","1","933000320047243","F","BLACK","u01_suzanne_mitchell","rat","Heterogenous stock",NA,"ACCAACGT","2020-08-06-Flowcell Sample-Barcode list (KN02 Pool) .xlsx",NA
"200915_A00953_0152_AHJGF7DSXY","R11_S1_L003_R1_001.fastq.gz; R11_S1_L003_R2_001.fastq.gz","Riptide11","1","933000320047234","F","BROWNHOOD","u01_suzanne_mitchell","rat","Heterogenous stock",NA,"CCAATACG","2020-08-06-Flowcell Sample-Barcode list (KN02 Pool) .xlsx",NA
