rfid,sex,coatcolor,project_name,organism,strain,comments,rfid,project_name,barcode,library_name,pcr_barcode,filename,comments,flag
933000120138529,M,BROWN,u01_tom_jhou,rat,Heterogenous stock,NA,933000120138529,u01_tom_jhou,CCATATGG,Riptide13,3,2020-08-06-Flowcell Sample-Barcode list (KN02 Pool) .xlsx,NA,NA
933000120138509,M,BROWNHOOD,u01_tom_jhou,rat,Heterogenous stock,NA,933000120138509,u01_tom_jhou,CTAGAGCT,Riptide13,3,2020-08-06-Flowcell Sample-Barcode list (KN02 Pool) .xlsx,NA,NA
933000120138431,F,BROWNHOOD,u01_tom_jhou,rat,Heterogenous stock,NA,933000120138431,u01_tom_jhou,CTTGTCCA,Riptide13,3,2020-08-06-Flowcell Sample-Barcode list (KN02 Pool) .xlsx,NA,NA
933000120138446,F,BROWNHOOD,u01_tom_jhou,rat,Heterogenous stock,NA,933000120138446,u01_tom_jhou,CCAATACG,Riptide13,3,2020-08-06-Flowcell Sample-Barcode list (KN02 Pool) .xlsx,NA,NA
933000120138516,M,ALBINO,u01_tom_jhou,rat,Heterogenous stock,NA,933000120138516,u01_tom_jhou,GATGCATC,Riptide13,3,2020-08-06-Flowcell Sample-Barcode list (KN02 Pool) .xlsx,NA,NA
933000120138517,M,BROWN,u01_tom_jhou,rat,Heterogenous stock,NA,933000120138517,u01_tom_jhou,CTACCATC,Riptide13,3,2020-08-06-Flowcell Sample-Barcode list (KN02 Pool) .xlsx,NA,NA
933000120138521,F,ALBINO,u01_tom_jhou,rat,Heterogenous stock,NA,933000120138521,u01_tom_jhou,ACCAACGT,Riptide13,3,2020-08-06-Flowcell Sample-Barcode list (KN02 Pool) .xlsx,NA,NA
933000120138527,F,BROWN,u01_tom_jhou,rat,Heterogenous stock,NA,933000120138527,u01_tom_jhou,ACCAAGGA,Riptide13,3,2020-08-06-Flowcell Sample-Barcode list (KN02 Pool) .xlsx,NA,NA
933000120138507,M,BROWN,u01_tom_jhou,rat,Heterogenous stock,NA,933000120138507,u01_tom_jhou,TACCATGG,Riptide13,3,2020-08-06-Flowcell Sample-Barcode list (KN02 Pool) .xlsx,NA,NA
933000120138511,F,BLACK,u01_tom_jhou,rat,Heterogenous stock,NA,933000120138511,u01_tom_jhou,TGGTGTAC,Riptide13,3,2020-08-06-Flowcell Sample-Barcode list (KN02 Pool) .xlsx,NA,NA
933000120138513,F,BLACK,u01_tom_jhou,rat,Heterogenous stock,NA,933000120138513,u01_tom_jhou,TGACCACA,Riptide13,3,2020-08-06-Flowcell Sample-Barcode list (KN02 Pool) .xlsx,NA,NA
933000120138546,M,BROWNHOOD,u01_tom_jhou,rat,Heterogenous stock,NA,933000120138546,u01_tom_jhou,AAGGTTCC,Riptide13,3,2020-08-06-Flowcell Sample-Barcode list (KN02 Pool) .xlsx,NA,NA
933000120138519,F,ALBINO,u01_tom_jhou,rat,Heterogenous stock,NA,933000120138519,u01_tom_jhou,GGAAGCAT,Riptide13,3,2020-08-06-Flowcell Sample-Barcode list (KN02 Pool) .xlsx,NA,NA
933000120138522,M,BROWNHOOD,u01_tom_jhou,rat,Heterogenous stock,NA,933000120138522,u01_tom_jhou,GACTTCAG,Riptide13,3,2020-08-06-Flowcell Sample-Barcode list (KN02 Pool) .xlsx,NA,NA
933000120138554,F,BROWNHOOD,u01_tom_jhou,rat,Heterogenous stock,NA,933000120138554,u01_tom_jhou,CTTCCAAC,Riptide13,3,2020-08-06-Flowcell Sample-Barcode list (KN02 Pool) .xlsx,NA,NA
933000120138532,M,BLACKHOOD,u01_tom_jhou,rat,Heterogenous stock,NA,933000120138532,u01_tom_jhou,CTCATGAG,Riptide13,3,2020-08-06-Flowcell Sample-Barcode list (KN02 Pool) .xlsx,NA,NA
933000320046309,F,BROWN,u01_tom_jhou,rat,Heterogenous stock,NA,933000320046309,u01_tom_jhou,GCCGTTAA,Riptide13,3,2020-08-06-Flowcell Sample-Barcode list (KN02 Pool) .xlsx,NA,NA
933000320046314,M,BLACKHOOD,u01_tom_jhou,rat,Heterogenous stock,NA,933000320046314,u01_tom_jhou,GAAGTCCT,Riptide13,3,2020-08-06-Flowcell Sample-Barcode list (KN02 Pool) .xlsx,NA,NA
933000320046320,F,BLACKHOOD,u01_tom_jhou,rat,Heterogenous stock,NA,933000320046320,u01_tom_jhou,GAGACACA,Riptide13,3,2020-08-06-Flowcell Sample-Barcode list (KN02 Pool) .xlsx,NA,NA
933000320046317,M,BLACKHOOD,u01_tom_jhou,rat,Heterogenous stock,NA,933000320046317,u01_tom_jhou,GTACCAAC,Riptide13,3,2020-08-06-Flowcell Sample-Barcode list (KN02 Pool) .xlsx,NA,NA
933000320046316,M,BROWNHOOD,u01_tom_jhou,rat,Heterogenous stock,NA,933000320046316,u01_tom_jhou,GTGAACAG,Riptide13,3,2020-08-06-Flowcell Sample-Barcode list (KN02 Pool) .xlsx,NA,NA
933000320046311,F,BLACKHOOD,u01_tom_jhou,rat,Heterogenous stock,NA,933000320046311,u01_tom_jhou,GAGACAGT,Riptide13,3,2020-08-06-Flowcell Sample-Barcode list (KN02 Pool) .xlsx,NA,NA
933000320046312,F,BROWNHOOD,u01_tom_jhou,rat,Heterogenous stock,NA,933000320046312,u01_tom_jhou,GATCAGCT,Riptide13,3,2020-08-06-Flowcell Sample-Barcode list (KN02 Pool) .xlsx,NA,NA
933000320046322,M,BLACKHOOD,u01_tom_jhou,rat,Heterogenous stock,NA,933000320046322,u01_tom_jhou,GACATCAC,Riptide13,3,2020-08-06-Flowcell Sample-Barcode list (KN02 Pool) .xlsx,NA,NA
933000320046304,M,ALBINO,u01_tom_jhou,rat,Heterogenous stock,NA,933000320046304,u01_tom_jhou,GTGTCACA,Riptide13,3,2020-08-06-Flowcell Sample-Barcode list (KN02 Pool) .xlsx,NA,NA
933000320046324,F,BLACKHOOD,u01_tom_jhou,rat,Heterogenous stock,NA,933000320046324,u01_tom_jhou,AACGTTGC,Riptide13,3,2020-08-06-Flowcell Sample-Barcode list (KN02 Pool) .xlsx,NA,NA
933000320046307,F,ALBINO,u01_tom_jhou,rat,Heterogenous stock,NA,933000320046307,u01_tom_jhou,TCCAAGGT,Riptide13,3,2020-08-06-Flowcell Sample-Barcode list (KN02 Pool) .xlsx,NA,NA
933000320046315,M,BROWN,u01_tom_jhou,rat,Heterogenous stock,NA,933000320046315,u01_tom_jhou,TACGAACC,Riptide13,3,2020-08-06-Flowcell Sample-Barcode list (KN02 Pool) .xlsx,NA,NA
933000320046480,M,BLACKHOOD,u01_tom_jhou,rat,Heterogenous stock,NA,933000320046480,u01_tom_jhou,CTAGCTAG,Riptide13,3,2020-08-06-Flowcell Sample-Barcode list (KN02 Pool) .xlsx,NA,NA
933000320046319,F,BROWN,u01_tom_jhou,rat,Heterogenous stock,NA,933000320046319,u01_tom_jhou,TAGCTACG,Riptide13,3,2020-08-06-Flowcell Sample-Barcode list (KN02 Pool) .xlsx,NA,NA
933000320046305,F,BROWNHOOD,u01_tom_jhou,rat,Heterogenous stock,NA,933000320046305,u01_tom_jhou,CGTACGTA,Riptide13,3,2020-08-06-Flowcell Sample-Barcode list (KN02 Pool) .xlsx,NA,NA
933000320046302,M,BROWNHOOD,u01_tom_jhou,rat,Heterogenous stock,NA,933000320046302,u01_tom_jhou,AGTGTCTG,Riptide13,3,2020-08-06-Flowcell Sample-Barcode list (KN02 Pool) .xlsx,NA,NA
933000320046318,M,ALBINO,u01_tom_jhou,rat,Heterogenous stock,NA,933000320046318,u01_tom_jhou,CGTAGCAT,Riptide13,3,2020-08-06-Flowcell Sample-Barcode list (KN02 Pool) .xlsx,NA,NA
933000320046303,F,BLACKHOOD,u01_tom_jhou,rat,Heterogenous stock,NA,933000320046303,u01_tom_jhou,CTCTCAGT,Riptide13,3,2020-08-06-Flowcell Sample-Barcode list (KN02 Pool) .xlsx,NA,NA
933000320046306,F,ALBINO,u01_tom_jhou,rat,Heterogenous stock,NA,933000320046306,u01_tom_jhou,TGGTCATG,Riptide13,3,2020-08-06-Flowcell Sample-Barcode list (KN02 Pool) .xlsx,NA,NA
933000320046372,M,ALBINO,u01_tom_jhou,rat,Heterogenous stock,NA,933000320046372,u01_tom_jhou,TGCACAAC,Riptide13,3,2020-08-06-Flowcell Sample-Barcode list (KN02 Pool) .xlsx,NA,NA
933000320046371,M,BROWN,u01_tom_jhou,rat,Heterogenous stock,NA,933000320046371,u01_tom_jhou,CAGTTGAC,Riptide13,3,2020-08-06-Flowcell Sample-Barcode list (KN02 Pool) .xlsx,NA,NA
933000320046358,F,BROWN,u01_tom_jhou,rat,Heterogenous stock,NA,933000320046358,u01_tom_jhou,GACATCTG,Riptide13,3,2020-08-06-Flowcell Sample-Barcode list (KN02 Pool) .xlsx,NA,NA
933000320046365,F,BLACK,u01_tom_jhou,rat,Heterogenous stock,NA,933000320046365,u01_tom_jhou,GATCCTAG,Riptide13,3,2020-08-06-Flowcell Sample-Barcode list (KN02 Pool) .xlsx,NA,NA
933000320046515,M,BLACKHOOD,u01_tom_jhou,rat,Heterogenous stock,NA,933000320046515,u01_tom_jhou,CCTAATCC,Riptide13,3,2020-08-06-Flowcell Sample-Barcode list (KN02 Pool) .xlsx,NA,NA
933000320046525,M,ALBINO,u01_tom_jhou,rat,Heterogenous stock,NA,933000320046525,u01_tom_jhou,ATGCATGC,Riptide13,3,2020-08-06-Flowcell Sample-Barcode list (KN02 Pool) .xlsx,NA,NA
933000320046506,F,BLACKHOOD,u01_tom_jhou,rat,Heterogenous stock,NA,933000320046506,u01_tom_jhou,TGGTCTAG,Riptide13,3,2020-08-06-Flowcell Sample-Barcode list (KN02 Pool) .xlsx,NA,NA
933000320046510,F,ALBINO,u01_tom_jhou,rat,Heterogenous stock,NA,933000320046510,u01_tom_jhou,AACCTTGG,Riptide13,3,2020-08-06-Flowcell Sample-Barcode list (KN02 Pool) .xlsx,NA,NA
933000320046507,M,BROWNHOOD,u01_tom_jhou,rat,Heterogenous stock,NA,933000320046507,u01_tom_jhou,GAGTTCAC,Riptide13,3,2020-08-06-Flowcell Sample-Barcode list (KN02 Pool) .xlsx,NA,NA
933000320046501,M,ALBINO,u01_tom_jhou,rat,Heterogenous stock,NA,933000320046501,u01_tom_jhou,CTGTACAG,Riptide13,3,2020-08-06-Flowcell Sample-Barcode list (KN02 Pool) .xlsx,NA,NA
933000320046508,F,BROWN,u01_tom_jhou,rat,Heterogenous stock,NA,933000320046508,u01_tom_jhou,CAACGTAC,Riptide13,3,2020-08-06-Flowcell Sample-Barcode list (KN02 Pool) .xlsx,NA,NA
933000320046505,F,BLACKHOOD,u01_tom_jhou,rat,Heterogenous stock,NA,933000320046505,u01_tom_jhou,GCTTAACG,Riptide13,3,2020-08-06-Flowcell Sample-Barcode list (KN02 Pool) .xlsx,NA,NA
933000320046516,M,BLACKHOOD,u01_tom_jhou,rat,Heterogenous stock,NA,933000320046516,u01_tom_jhou,GCCGTATA,Riptide13,3,2020-08-06-Flowcell Sample-Barcode list (KN02 Pool) .xlsx,NA,NA
933000320047763,M,BROWNHOOD,u01_tom_jhou,rat,Heterogenous stock,NA,933000320047763,u01_tom_jhou,CTGTCAGA,Riptide13,3,2020-08-06-Flowcell Sample-Barcode list (KN02 Pool) .xlsx,NA,NA
933000320047765,M,BLACK,u01_tom_jhou,rat,Heterogenous stock,NA,933000320047765,u01_tom_jhou,ATCGTAGC,Riptide13,3,2020-08-06-Flowcell Sample-Barcode list (KN02 Pool) .xlsx,NA,NA
933000320047772,F,BLACKHOOD,u01_tom_jhou,rat,Heterogenous stock,NA,933000320047772,u01_tom_jhou,ATCCGGTA,Riptide13,3,2020-08-06-Flowcell Sample-Barcode list (KN02 Pool) .xlsx,NA,NA
933000320047751,F,BLACK,u01_tom_jhou,rat,Heterogenous stock,NA,933000320047751,u01_tom_jhou,ACCACATG,Riptide13,3,2020-08-06-Flowcell Sample-Barcode list (KN02 Pool) .xlsx,NA,NA
933000320047773,F,ALBINO,u01_tom_jhou,rat,Heterogenous stock,NA,933000320047773,u01_tom_jhou,AACCGGTT,Riptide13,3,2020-08-06-Flowcell Sample-Barcode list (KN02 Pool) .xlsx,NA,NA
933000320047787,F,BLACKHOOD,u01_tom_jhou,rat,Heterogenous stock,NA,933000320047787,u01_tom_jhou,GCTTCCTA,Riptide13,3,2020-08-06-Flowcell Sample-Barcode list (KN02 Pool) .xlsx,NA,NA
933000320047778,F,ALBINO,u01_tom_jhou,rat,Heterogenous stock,NA,933000320047778,u01_tom_jhou,ACCTGTTC,Riptide13,3,2020-08-06-Flowcell Sample-Barcode list (KN02 Pool) .xlsx,NA,NA
933000320047796,F,BROWN,u01_tom_jhou,rat,Heterogenous stock,NA,933000320047796,u01_tom_jhou,TGACGTGT,Riptide13,3,2020-08-06-Flowcell Sample-Barcode list (KN02 Pool) .xlsx,NA,NA
933000320047792,F,BROWNHOOD,u01_tom_jhou,rat,Heterogenous stock,NA,933000320047792,u01_tom_jhou,ACACGTCA,Riptide13,3,2020-08-06-Flowcell Sample-Barcode list (KN02 Pool) .xlsx,NA,NA
933000320047433,M,BROWNHOOD,u01_tom_jhou,rat,Heterogenous stock,NA,933000320047433,u01_tom_jhou,CAACCTAG,Riptide13,3,2020-08-06-Flowcell Sample-Barcode list (KN02 Pool) .xlsx,NA,NA
933000320047438,M,BLACKHOOD,u01_tom_jhou,rat,Heterogenous stock,NA,933000320047438,u01_tom_jhou,GCTATTCC,Riptide13,3,2020-08-06-Flowcell Sample-Barcode list (KN02 Pool) .xlsx,NA,NA
933000320047434,M,BROWNHOOD,u01_tom_jhou,rat,Heterogenous stock,NA,933000320047434,u01_tom_jhou,TGCACTAG,Riptide13,3,2020-08-06-Flowcell Sample-Barcode list (KN02 Pool) .xlsx,NA,NA
933000320047447,M,ALBINO,u01_tom_jhou,rat,Heterogenous stock,NA,933000320047447,u01_tom_jhou,CTTCCATG,Riptide13,3,2020-08-06-Flowcell Sample-Barcode list (KN02 Pool) .xlsx,NA,NA
933000320047436,M,BROWN,u01_tom_jhou,rat,Heterogenous stock,NA,933000320047436,u01_tom_jhou,TAGGCCAT,Riptide13,3,2020-08-06-Flowcell Sample-Barcode list (KN02 Pool) .xlsx,NA,NA
933000320047445,M,BROWN,u01_tom_jhou,rat,Heterogenous stock,NA,933000320047445,u01_tom_jhou,ATCCTAGG,Riptide13,3,2020-08-06-Flowcell Sample-Barcode list (KN02 Pool) .xlsx,NA,NA
933000320047442,M,BLACKHOOD,u01_tom_jhou,rat,Heterogenous stock,NA,933000320047442,u01_tom_jhou,TCGATGGT,Riptide13,3,2020-08-06-Flowcell Sample-Barcode list (KN02 Pool) .xlsx,NA,NA
933000320047441,M,BLACKHOOD,u01_tom_jhou,rat,Heterogenous stock,NA,933000320047441,u01_tom_jhou,CACATGTG,Riptide13,3,2020-08-06-Flowcell Sample-Barcode list (KN02 Pool) .xlsx,NA,NA
933000320047450,M,BROWNHOOD,u01_tom_jhou,rat,Heterogenous stock,NA,933000320047450,u01_tom_jhou,ACTGTGAC,Riptide13,3,2020-08-06-Flowcell Sample-Barcode list (KN02 Pool) .xlsx,NA,NA
933000320047427,M,BLACK,u01_tom_jhou,rat,Heterogenous stock,NA,933000320047427,u01_tom_jhou,TCGAGTTG,Riptide13,3,2020-08-06-Flowcell Sample-Barcode list (KN02 Pool) .xlsx,NA,NA
933000320046868,M,BROWN,u01_tom_jhou,rat,Heterogenous stock,NA,933000320046868,u01_tom_jhou,CAGTCAGT,Riptide13,3,2020-08-06-Flowcell Sample-Barcode list (KN02 Pool) .xlsx,NA,NA
933000320046862,M,BLACK,u01_tom_jhou,rat,Heterogenous stock,NA,933000320046862,u01_tom_jhou,CAAGCTTG,Riptide13,3,2020-08-06-Flowcell Sample-Barcode list (KN02 Pool) .xlsx,NA,NA
933000320046866,M,BROWN,u01_tom_jhou,rat,Heterogenous stock,NA,933000320046866,u01_tom_jhou,GCTACGAT,Riptide13,3,2020-08-06-Flowcell Sample-Barcode list (KN02 Pool) .xlsx,NA,NA
933000320046858,M,BROWN,u01_tom_jhou,rat,Heterogenous stock,NA,933000320046858,u01_tom_jhou,GCGCTATA,Riptide13,3,2020-08-06-Flowcell Sample-Barcode list (KN02 Pool) .xlsx,NA,NA
933000320046873,M,BLACKHOOD,u01_tom_jhou,rat,Heterogenous stock,NA,933000320046873,u01_tom_jhou,AGCTAGCT,Riptide13,3,2020-08-06-Flowcell Sample-Barcode list (KN02 Pool) .xlsx,NA,NA
933000320047437,F,BLACK,u01_tom_jhou,rat,Heterogenous stock,NA,933000320047437,u01_tom_jhou,TGACTGAC,Riptide13,3,2020-08-06-Flowcell Sample-Barcode list (KN02 Pool) .xlsx,NA,NA
933000320047430,F,BROWNHOOD,u01_tom_jhou,rat,Heterogenous stock,NA,933000320047430,u01_tom_jhou,CATGCTTC,Riptide13,3,2020-08-06-Flowcell Sample-Barcode list (KN02 Pool) .xlsx,NA,NA
933000320047429,F,BLACKHOOD,u01_tom_jhou,rat,Heterogenous stock,NA,933000320047429,u01_tom_jhou,CACTAGAC,Riptide13,3,2020-08-06-Flowcell Sample-Barcode list (KN02 Pool) .xlsx,NA,NA
933000320047448,F,BROWNHOOD,u01_tom_jhou,rat,Heterogenous stock,NA,933000320047448,u01_tom_jhou,CGATCGAT,Riptide13,3,2020-08-06-Flowcell Sample-Barcode list (KN02 Pool) .xlsx,NA,NA
933000320047439,F,BROWN,u01_tom_jhou,rat,Heterogenous stock,NA,933000320047439,u01_tom_jhou,ACAGTCAC,Riptide13,3,2020-08-06-Flowcell Sample-Barcode list (KN02 Pool) .xlsx,NA,NA
933000320047444,F,BLACK,u01_tom_jhou,rat,Heterogenous stock,NA,933000320047444,u01_tom_jhou,TGGTACGT,Riptide13,3,2020-08-06-Flowcell Sample-Barcode list (KN02 Pool) .xlsx,NA,NA
933000320047440,F,ALBINO,u01_tom_jhou,rat,Heterogenous stock,NA,933000320047440,u01_tom_jhou,GAACCATC,Riptide13,3,2020-08-06-Flowcell Sample-Barcode list (KN02 Pool) .xlsx,NA,NA
933000320047443,F,BROWN,u01_tom_jhou,rat,Heterogenous stock,NA,933000320047443,u01_tom_jhou,GTACTGCA,Riptide13,3,2020-08-06-Flowcell Sample-Barcode list (KN02 Pool) .xlsx,NA,NA
933000320046852,F,BLACK,u01_tom_jhou,rat,Heterogenous stock,NA,933000320046852,u01_tom_jhou,AGGAACGT,Riptide13,3,2020-08-06-Flowcell Sample-Barcode list (KN02 Pool) .xlsx,NA,NA
933000320046855,F,BLACKHOOD,u01_tom_jhou,rat,Heterogenous stock,NA,933000320046855,u01_tom_jhou,CGTAGCTA,Riptide13,3,2020-08-06-Flowcell Sample-Barcode list (KN02 Pool) .xlsx,NA,NA
933000320046861,F,BROWNHOOD,u01_tom_jhou,rat,Heterogenous stock,NA,933000320046861,u01_tom_jhou,GTGTTGAC,Riptide13,3,2020-08-06-Flowcell Sample-Barcode list (KN02 Pool) .xlsx,NA,NA
933000320047396,M,ALBINO,u01_tom_jhou,rat,Heterogenous stock,NA,933000320047396,u01_tom_jhou,CTCTCACA,Riptide13,3,2020-08-06-Flowcell Sample-Barcode list (KN02 Pool) .xlsx,NA,NA
933000320047395,M,BLACKHOOD,u01_tom_jhou,rat,Heterogenous stock,NA,933000320047395,u01_tom_jhou,GAAGCTTC,Riptide13,3,2020-08-06-Flowcell Sample-Barcode list (KN02 Pool) .xlsx,NA,NA
933000320047377,M,ALBINO,u01_tom_jhou,rat,Heterogenous stock,NA,933000320047377,u01_tom_jhou,ACTGACTG,Riptide13,3,2020-08-06-Flowcell Sample-Barcode list (KN02 Pool) .xlsx,NA,NA
933000320047391,M,BROWN,u01_tom_jhou,rat,Heterogenous stock,NA,933000320047391,u01_tom_jhou,ACACGTGT,Riptide13,3,2020-08-06-Flowcell Sample-Barcode list (KN02 Pool) .xlsx,NA,NA
933000320047379,M,BLACKHOOD,u01_tom_jhou,rat,Heterogenous stock,NA,933000320047379,u01_tom_jhou,CTCTACAC,Riptide13,3,2020-08-06-Flowcell Sample-Barcode list (KN02 Pool) .xlsx,NA,NA
933000320047390,M,BROWNHOOD,u01_tom_jhou,rat,Heterogenous stock,NA,933000320047390,u01_tom_jhou,AGGTAGGT,Riptide13,3,2020-08-06-Flowcell Sample-Barcode list (KN02 Pool) .xlsx,NA,NA
933000320047398,M,ALBINO,u01_tom_jhou,rat,Heterogenous stock,NA,933000320047398,u01_tom_jhou,GGTTCCAA,Riptide13,3,2020-08-06-Flowcell Sample-Barcode list (KN02 Pool) .xlsx,NA,NA
933000320047378,M,BLACK,u01_tom_jhou,rat,Heterogenous stock,NA,933000320047378,u01_tom_jhou,AGCTCTAG,Riptide13,3,2020-08-06-Flowcell Sample-Barcode list (KN02 Pool) .xlsx,NA,NA
933000320047394,F,ALBINO,u01_tom_jhou,rat,Heterogenous stock,NA,933000320047394,u01_tom_jhou,GAGTTCTG,Riptide13,3,2020-08-06-Flowcell Sample-Barcode list (KN02 Pool) .xlsx,NA,NA
933000320047389,F,BLACKHOOD,u01_tom_jhou,rat,Heterogenous stock,NA,933000320047389,u01_tom_jhou,GAACTGCT,Riptide13,3,2020-08-06-Flowcell Sample-Barcode list (KN02 Pool) .xlsx,NA,NA
933000320047399,F,ALBINO,u01_tom_jhou,rat,Heterogenous stock,NA,933000320047399,u01_tom_jhou,GTACAGCT,Riptide13,3,2020-08-06-Flowcell Sample-Barcode list (KN02 Pool) .xlsx,NA,NA
933000320047380,F,BROWNHOOD,u01_tom_jhou,rat,Heterogenous stock,NA,933000320047380,u01_tom_jhou,AGTGGTCT,Riptide13,3,2020-08-06-Flowcell Sample-Barcode list (KN02 Pool) .xlsx,NA,NA
933000320047404,F,BLACK,u01_tom_jhou,rat,Heterogenous stock,NA,933000320047404,u01_tom_jhou,GGATTAGG,Riptide13,3,2020-08-06-Flowcell Sample-Barcode list (KN02 Pool) .xlsx,NA,NA
933000320045925,M,BLACKHOOD,u01_suzanne_mitchell,rat,Heterogenous stock,NA,933000320045925,u01_suzanne_mitchell,TACCATGG,Riptide11,1,2020-08-06-Flowcell Sample-Barcode list (KN02 Pool) .xlsx,NA,NA
933000320045924,M,BROWNHOOD,u01_suzanne_mitchell,rat,Heterogenous stock,NA,933000320045924,u01_suzanne_mitchell,GACATCAC,Riptide11,1,2020-08-06-Flowcell Sample-Barcode list (KN02 Pool) .xlsx,NA,NA
933000320045920,M,BROWN,u01_suzanne_mitchell,rat,Heterogenous stock,NA,933000320045920,u01_suzanne_mitchell,GAACCATC,Riptide11,1,2020-08-06-Flowcell Sample-Barcode list (KN02 Pool) .xlsx,NA,NA
933000320045915,F,ALBINO,u01_suzanne_mitchell,rat,Heterogenous stock,NA,933000320045915,u01_suzanne_mitchell,CTCTACAC,Riptide11,1,2020-08-06-Flowcell Sample-Barcode list (KN02 Pool) .xlsx,NA,NA
933000320045882,F,BROWNHOOD,u01_suzanne_mitchell,rat,Heterogenous stock,NA,933000320045882,u01_suzanne_mitchell,CTGTCAGA,Riptide11,1,2020-08-06-Flowcell Sample-Barcode list (KN02 Pool) .xlsx,NA,NA
933000320045889,F,BROWN,u01_suzanne_mitchell,rat,Heterogenous stock,NA,933000320045889,u01_suzanne_mitchell,GGTTCCAA,Riptide11,1,2020-08-06-Flowcell Sample-Barcode list (KN02 Pool) .xlsx,NA,NA
933000320045881,M,BROWNHOOD,u01_suzanne_mitchell,rat,Heterogenous stock,NA,933000320045881,u01_suzanne_mitchell,CTGTACAG,Riptide11,1,2020-08-06-Flowcell Sample-Barcode list (KN02 Pool) .xlsx,NA,NA
933000320045884,F,BROWN,u01_suzanne_mitchell,rat,Heterogenous stock,NA,933000320045884,u01_suzanne_mitchell,TCGATGGT,Riptide11,1,2020-08-06-Flowcell Sample-Barcode list (KN02 Pool) .xlsx,NA,NA
933000320045896,F,BLACK,u01_suzanne_mitchell,rat,Heterogenous stock,NA,933000320045896,u01_suzanne_mitchell,TAGGCCAT,Riptide11,1,2020-08-06-Flowcell Sample-Barcode list (KN02 Pool) .xlsx,NA,NA
933000320045895,F,BLACKHOOD,u01_suzanne_mitchell,rat,Heterogenous stock,NA,933000320045895,u01_suzanne_mitchell,ATCGTAGC,Riptide11,1,2020-08-06-Flowcell Sample-Barcode list (KN02 Pool) .xlsx,NA,NA
933000320046063,F,BROWNHOOD,u01_suzanne_mitchell,rat,Heterogenous stock,NA,933000320046063,u01_suzanne_mitchell,CGTAGCTA,Riptide11,1,2020-08-06-Flowcell Sample-Barcode list (KN02 Pool) .xlsx,NA,NA
933000320046071,M,BLACKHOOD,u01_suzanne_mitchell,rat,Heterogenous stock,NA,933000320046071,u01_suzanne_mitchell,GCGCTATA,Riptide11,1,2020-08-06-Flowcell Sample-Barcode list (KN02 Pool) .xlsx,NA,NA
933000320046068,F,BROWNHOOD,u01_suzanne_mitchell,rat,Heterogenous stock,NA,933000320046068,u01_suzanne_mitchell,ACCACATG,Riptide11,1,2020-08-06-Flowcell Sample-Barcode list (KN02 Pool) .xlsx,NA,NA
933000320046069,M,ALBINO,u01_suzanne_mitchell,rat,Heterogenous stock,NA,933000320046069,u01_suzanne_mitchell,GCTATTCC,Riptide11,1,2020-08-06-Flowcell Sample-Barcode list (KN02 Pool) .xlsx,NA,NA
933000320046058,M,ALBINO,u01_suzanne_mitchell,rat,Heterogenous stock,NA,933000320046058,u01_suzanne_mitchell,AGGTAGGT,Riptide11,1,2020-08-06-Flowcell Sample-Barcode list (KN02 Pool) .xlsx,NA,NA
933000320046064,F,BLACK,u01_suzanne_mitchell,rat,Heterogenous stock,NA,933000320046064,u01_suzanne_mitchell,CTAGAGCT,Riptide11,1,2020-08-06-Flowcell Sample-Barcode list (KN02 Pool) .xlsx,NA,NA
933000320046061,M,BROWNHOOD,u01_suzanne_mitchell,rat,Heterogenous stock,NA,933000320046061,u01_suzanne_mitchell,ACAGTCAC,Riptide11,1,2020-08-06-Flowcell Sample-Barcode list (KN02 Pool) .xlsx,NA,NA
933000320046073,F,ALBINO,u01_suzanne_mitchell,rat,Heterogenous stock,NA,933000320046073,u01_suzanne_mitchell,GTACCAAC,Riptide11,1,2020-08-06-Flowcell Sample-Barcode list (KN02 Pool) .xlsx,NA,NA
933000320046271,F,BLACKHOOD,u01_suzanne_mitchell,rat,Heterogenous stock,NA,933000320046271,u01_suzanne_mitchell,TGACTGAC,Riptide11,1,2020-08-06-Flowcell Sample-Barcode list (KN02 Pool) .xlsx,NA,NA
933000320046262,M,BROWNHOOD,u01_suzanne_mitchell,rat,Heterogenous stock,NA,933000320046262,u01_suzanne_mitchell,ATGCATGC,Riptide11,1,2020-08-06-Flowcell Sample-Barcode list (KN02 Pool) .xlsx,NA,NA
933000320046264,F,BROWN,u01_suzanne_mitchell,rat,Heterogenous stock,NA,933000320046264,u01_suzanne_mitchell,TGCACAAC,Riptide11,1,2020-08-06-Flowcell Sample-Barcode list (KN02 Pool) .xlsx,NA,NA
933000320046261,F,BLACKHOOD,u01_suzanne_mitchell,rat,Heterogenous stock,NA,933000320046261,u01_suzanne_mitchell,GTGTTGAC,Riptide11,1,2020-08-06-Flowcell Sample-Barcode list (KN02 Pool) .xlsx,NA,NA
933000320046259,M,BLACK,u01_suzanne_mitchell,rat,Heterogenous stock,NA,933000320046259,u01_suzanne_mitchell,CTTCCATG,Riptide11,1,2020-08-06-Flowcell Sample-Barcode list (KN02 Pool) .xlsx,NA,NA
933000320046196,M,ALBINO,u01_suzanne_mitchell,rat,Heterogenous stock,NA,933000320046196,u01_suzanne_mitchell,CGATCGAT,Riptide11,1,2020-08-06-Flowcell Sample-Barcode list (KN02 Pool) .xlsx,NA,NA
933000320046181,F,BLACKHOOD,u01_suzanne_mitchell,rat,Heterogenous stock,NA,933000320046181,u01_suzanne_mitchell,TACGAACC,Riptide11,1,2020-08-06-Flowcell Sample-Barcode list (KN02 Pool) .xlsx,NA,NA
933000320046762,M,BROWNHOOD,u01_suzanne_mitchell,rat,Heterogenous stock,NA,933000320046762,u01_suzanne_mitchell,AGTGTCTG,Riptide12,2,2020-08-06-Flowcell Sample-Barcode list (KN02 Pool) .xlsx,NA,NA
933000320046041,F,BLACKHOOD,u01_suzanne_mitchell,rat,Heterogenous stock,NA,933000320046041,u01_suzanne_mitchell,AACCTTGG,Riptide12,2,2020-08-06-Flowcell Sample-Barcode list (KN02 Pool) .xlsx,NA,NA
933000320046032,M,BLACKHOOD,u01_suzanne_mitchell,rat,Heterogenous stock,NA,933000320046032,u01_suzanne_mitchell,ACCAACGT,Riptide12,2,2020-08-06-Flowcell Sample-Barcode list (KN02 Pool) .xlsx,NA,NA
933000320046050,M,BROWNHOOD,u01_suzanne_mitchell,rat,Heterogenous stock,NA,933000320046050,u01_suzanne_mitchell,GAACTGCT,Riptide12,2,2020-08-06-Flowcell Sample-Barcode list (KN02 Pool) .xlsx,NA,NA
933000320046038,F,ALBINO,u01_suzanne_mitchell,rat,Heterogenous stock,NA,933000320046038,u01_suzanne_mitchell,CATGCTTC,Riptide12,2,2020-08-06-Flowcell Sample-Barcode list (KN02 Pool) .xlsx,NA,NA
933000320046048,F,BROWNHOOD,u01_suzanne_mitchell,rat,Heterogenous stock,NA,933000320046048,u01_suzanne_mitchell,GTACCAAC,Riptide12,2,2020-08-06-Flowcell Sample-Barcode list (KN02 Pool) .xlsx,NA,NA
933000320046045,M,BLACKHOOD,u01_suzanne_mitchell,rat,Heterogenous stock,NA,933000320046045,u01_suzanne_mitchell,GGTTCCAA,Riptide12,2,2020-08-06-Flowcell Sample-Barcode list (KN02 Pool) .xlsx,NA,NA
933000320046027,M,ALBINO,u01_suzanne_mitchell,rat,Heterogenous stock,NA,933000320046027,u01_suzanne_mitchell,TGGTCTAG,Riptide12,2,2020-08-06-Flowcell Sample-Barcode list (KN02 Pool) .xlsx,NA,NA
933000320046046,F,BLACKHOOD,u01_suzanne_mitchell,rat,Heterogenous stock,NA,933000320046046,u01_suzanne_mitchell,GTGTTGAC,Riptide12,2,2020-08-06-Flowcell Sample-Barcode list (KN02 Pool) .xlsx,NA,NA
933000320045803,F,ALBINO,u01_suzanne_mitchell,rat,Heterogenous stock,NA,933000320045803,u01_suzanne_mitchell,ATCCGGTA,Riptide12,2,2020-08-06-Flowcell Sample-Barcode list (KN02 Pool) .xlsx,NA,NA
933000320045821,F,BLACK,u01_suzanne_mitchell,rat,Heterogenous stock,NA,933000320045821,u01_suzanne_mitchell,TAGGCCAT,Riptide12,2,2020-08-06-Flowcell Sample-Barcode list (KN02 Pool) .xlsx,NA,NA
933000320045822,M,ALBINO,u01_suzanne_mitchell,rat,Heterogenous stock,NA,933000320045822,u01_suzanne_mitchell,GAGTTCAC,Riptide12,2,2020-08-06-Flowcell Sample-Barcode list (KN02 Pool) .xlsx,NA,NA
933000320045804,M,BROWNHOOD,u01_suzanne_mitchell,rat,Heterogenous stock,NA,933000320045804,u01_suzanne_mitchell,CTACCATC,Riptide12,2,2020-08-06-Flowcell Sample-Barcode list (KN02 Pool) .xlsx,NA,NA
933000320046564,M,BROWN,u01_suzanne_mitchell,rat,Heterogenous stock,NA,933000320046564,u01_suzanne_mitchell,GTACAGCT,Riptide12,2,2020-08-06-Flowcell Sample-Barcode list (KN02 Pool) .xlsx,NA,NA
933000320046769,M,BROWNHOOD,u01_suzanne_mitchell,rat,Heterogenous stock,NA,933000320046769,u01_suzanne_mitchell,TGCACAAC,Riptide12,2,2020-08-06-Flowcell Sample-Barcode list (KN02 Pool) .xlsx,NA,NA
933000320046571,F,BROWN,u01_suzanne_mitchell,rat,Heterogenous stock,NA,933000320046571,u01_suzanne_mitchell,GCTACGAT,Riptide12,2,2020-08-06-Flowcell Sample-Barcode list (KN02 Pool) .xlsx,NA,NA
933000320046572,M,ALBINO,u01_suzanne_mitchell,rat,Heterogenous stock,NA,933000320046572,u01_suzanne_mitchell,CAACGTAC,Riptide12,2,2020-08-06-Flowcell Sample-Barcode list (KN02 Pool) .xlsx,NA,NA
933000320046561,M,BLACKHOOD,u01_suzanne_mitchell,rat,Heterogenous stock,NA,933000320046561,u01_suzanne_mitchell,GTGTCACA,Riptide12,2,2020-08-06-Flowcell Sample-Barcode list (KN02 Pool) .xlsx,NA,NA
933000320046569,M,BLACKHOOD,u01_suzanne_mitchell,rat,Heterogenous stock,NA,933000320046569,u01_suzanne_mitchell,CTTCCATG,Riptide12,2,2020-08-06-Flowcell Sample-Barcode list (KN02 Pool) .xlsx,NA,NA
933000320046775,M,BLACKHOOD,u01_suzanne_mitchell,rat,Heterogenous stock,NA,933000320046775,u01_suzanne_mitchell,CTCTCAGT,Riptide12,2,2020-08-06-Flowcell Sample-Barcode list (KN02 Pool) .xlsx,NA,NA
933000320046752,M,ALBINO,u01_suzanne_mitchell,rat,Heterogenous stock,NA,933000320046752,u01_suzanne_mitchell,CCAATACG,Riptide12,2,2020-08-06-Flowcell Sample-Barcode list (KN02 Pool) .xlsx,NA,NA
933000320046772,M,BLACKHOOD,u01_suzanne_mitchell,rat,Heterogenous stock,NA,933000320046772,u01_suzanne_mitchell,GATCCTAG,Riptide12,2,2020-08-06-Flowcell Sample-Barcode list (KN02 Pool) .xlsx,NA,NA
933000320046757,F,BLACKHOOD,u01_suzanne_mitchell,rat,Heterogenous stock,NA,933000320046757,u01_suzanne_mitchell,ACAGTCAC,Riptide12,2,2020-08-06-Flowcell Sample-Barcode list (KN02 Pool) .xlsx,NA,NA
933000320046758,M,BROWNHOOD,u01_suzanne_mitchell,rat,Heterogenous stock,NA,933000320046758,u01_suzanne_mitchell,GTGAACAG,Riptide12,2,2020-08-06-Flowcell Sample-Barcode list (KN02 Pool) .xlsx,NA,NA
933000320046756,M,BROWNHOOD,u01_suzanne_mitchell,rat,Heterogenous stock,NA,933000320046756,u01_suzanne_mitchell,TGACCACA,Riptide12,2,2020-08-06-Flowcell Sample-Barcode list (KN02 Pool) .xlsx,NA,NA
933000320046759,F,BROWNHOOD,u01_suzanne_mitchell,rat,Heterogenous stock,NA,933000320046759,u01_suzanne_mitchell,TGCACTAG,Riptide12,2,2020-08-06-Flowcell Sample-Barcode list (KN02 Pool) .xlsx,NA,NA
933000320046771,F,BROWNHOOD,u01_suzanne_mitchell,rat,Heterogenous stock,NA,933000320046771,u01_suzanne_mitchell,CTTCCAAC,Riptide12,2,2020-08-06-Flowcell Sample-Barcode list (KN02 Pool) .xlsx,NA,NA
933000320046763,M,ALBINO,u01_suzanne_mitchell,rat,Heterogenous stock,NA,933000320046763,u01_suzanne_mitchell,GAGACACA,Riptide12,2,2020-08-06-Flowcell Sample-Barcode list (KN02 Pool) .xlsx,NA,NA
933000320046761,M,BLACKHOOD,u01_suzanne_mitchell,rat,Heterogenous stock,NA,933000320046761,u01_suzanne_mitchell,TGACTGAC,Riptide12,2,2020-08-06-Flowcell Sample-Barcode list (KN02 Pool) .xlsx,NA,NA
933000320046755,F,ALBINO,u01_suzanne_mitchell,rat,Heterogenous stock,NA,933000320046755,u01_suzanne_mitchell,GAGACAGT,Riptide12,2,2020-08-06-Flowcell Sample-Barcode list (KN02 Pool) .xlsx,NA,NA
933000320046764,F,BLACKHOOD,u01_suzanne_mitchell,rat,Heterogenous stock,NA,933000320046764,u01_suzanne_mitchell,CTAGAGCT,Riptide12,2,2020-08-06-Flowcell Sample-Barcode list (KN02 Pool) .xlsx,NA,NA
933000320046767,M,BROWN,u01_suzanne_mitchell,rat,Heterogenous stock,NA,933000320046767,u01_suzanne_mitchell,CGTAGCAT,Riptide12,2,2020-08-06-Flowcell Sample-Barcode list (KN02 Pool) .xlsx,NA,NA
933000320046760,M,BLACK,u01_suzanne_mitchell,rat,Heterogenous stock,NA,933000320046760,u01_suzanne_mitchell,CACATGTG,Riptide12,2,2020-08-06-Flowcell Sample-Barcode list (KN02 Pool) .xlsx,NA,NA
933000320046770,F,BROWNHOOD,u01_suzanne_mitchell,rat,Heterogenous stock,NA,933000320046770,u01_suzanne_mitchell,ACCACATG,Riptide12,2,2020-08-06-Flowcell Sample-Barcode list (KN02 Pool) .xlsx,NA,NA
933000320046774,F,BLACK,u01_suzanne_mitchell,rat,Heterogenous stock,NA,933000320046774,u01_suzanne_mitchell,AGGAACGT,Riptide12,2,2020-08-06-Flowcell Sample-Barcode list (KN02 Pool) .xlsx,NA,NA
933000320046368,M,BROWNHOOD,u01_suzanne_mitchell,rat,Heterogenous stock,NA,933000320046368,u01_suzanne_mitchell,AGGTAGGT,Riptide12,2,2020-08-06-Flowcell Sample-Barcode list (KN02 Pool) .xlsx,NA,NA
933000320046369,F,ALBINO,u01_suzanne_mitchell,rat,Heterogenous stock,NA,933000320046369,u01_suzanne_mitchell,GAAGTCCT,Riptide12,2,2020-08-06-Flowcell Sample-Barcode list (KN02 Pool) .xlsx,NA,NA
933000320046375,F,BROWNHOOD,u01_suzanne_mitchell,rat,Heterogenous stock,NA,933000320046375,u01_suzanne_mitchell,TAGCTACG,Riptide12,2,2020-08-06-Flowcell Sample-Barcode list (KN02 Pool) .xlsx,NA,NA
933000320046493,M,BROWN,u01_suzanne_mitchell,rat,Heterogenous stock,NA,933000320046493,u01_suzanne_mitchell,ACACGTCA,Riptide12,2,2020-08-06-Flowcell Sample-Barcode list (KN02 Pool) .xlsx,NA,NA
933000320046367,F,ALBINO,u01_suzanne_mitchell,rat,Heterogenous stock,NA,933000320046367,u01_suzanne_mitchell,CGTAGCTA,Riptide12,2,2020-08-06-Flowcell Sample-Barcode list (KN02 Pool) .xlsx,NA,NA
933000320046478,M,BLACKHOOD,u01_suzanne_mitchell,rat,Heterogenous stock,NA,933000320046478,u01_suzanne_mitchell,GCCGTATA,Riptide12,2,2020-08-06-Flowcell Sample-Barcode list (KN02 Pool) .xlsx,NA,NA
933000320046373,F,BLACKHOOD,u01_suzanne_mitchell,rat,Heterogenous stock,NA,933000320046373,u01_suzanne_mitchell,CGTACGTA,Riptide12,2,2020-08-06-Flowcell Sample-Barcode list (KN02 Pool) .xlsx,NA,NA
933000320046484,M,BLACKHOOD,u01_suzanne_mitchell,rat,Heterogenous stock,NA,933000320046484,u01_suzanne_mitchell,GCTTAACG,Riptide12,2,2020-08-06-Flowcell Sample-Barcode list (KN02 Pool) .xlsx,NA,NA
933000320046347,M,BLACKHOOD,u01_suzanne_mitchell,rat,Heterogenous stock,NA,933000320046347,u01_suzanne_mitchell,ATCGTAGC,Riptide12,2,2020-08-06-Flowcell Sample-Barcode list (KN02 Pool) .xlsx,NA,NA
933000320046351,M,BROWNHOOD,u01_suzanne_mitchell,rat,Heterogenous stock,NA,933000320046351,u01_suzanne_mitchell,ATCCTAGG,Riptide12,2,2020-08-06-Flowcell Sample-Barcode list (KN02 Pool) .xlsx,NA,NA
933000320046332,F,BROWNHOOD,u01_suzanne_mitchell,rat,Heterogenous stock,NA,933000320046332,u01_suzanne_mitchell,AAGGTTCC,Riptide12,2,2020-08-06-Flowcell Sample-Barcode list (KN02 Pool) .xlsx,NA,NA
933000320046339,M,ALBINO,u01_suzanne_mitchell,rat,Heterogenous stock,NA,933000320046339,u01_suzanne_mitchell,ACACGTGT,Riptide12,2,2020-08-06-Flowcell Sample-Barcode list (KN02 Pool) .xlsx,NA,NA
933000320046346,M,BLACK,u01_suzanne_mitchell,rat,Heterogenous stock,NA,933000320046346,u01_suzanne_mitchell,CACTAGAC,Riptide12,2,2020-08-06-Flowcell Sample-Barcode list (KN02 Pool) .xlsx,NA,NA
933000320046330,M,BLACKHOOD,u01_suzanne_mitchell,rat,Heterogenous stock,NA,933000320046330,u01_suzanne_mitchell,TGGTACGT,Riptide12,2,2020-08-06-Flowcell Sample-Barcode list (KN02 Pool) .xlsx,NA,NA
933000320046326,M,BROWNHOOD,u01_suzanne_mitchell,rat,Heterogenous stock,NA,933000320046326,u01_suzanne_mitchell,CTCTACAC,Riptide12,2,2020-08-06-Flowcell Sample-Barcode list (KN02 Pool) .xlsx,NA,NA
933000320046334,M,BLACK,u01_suzanne_mitchell,rat,Heterogenous stock,NA,933000320046334,u01_suzanne_mitchell,TACCATGG,Riptide12,2,2020-08-06-Flowcell Sample-Barcode list (KN02 Pool) .xlsx,NA,NA
933000320046335,M,BROWN,u01_suzanne_mitchell,rat,Heterogenous stock,NA,933000320046335,u01_suzanne_mitchell,ACCTGTTC,Riptide12,2,2020-08-06-Flowcell Sample-Barcode list (KN02 Pool) .xlsx,NA,NA
933000320046331,F,BLACK,u01_suzanne_mitchell,rat,Heterogenous stock,NA,933000320046331,u01_suzanne_mitchell,GAACCATC,Riptide12,2,2020-08-06-Flowcell Sample-Barcode list (KN02 Pool) .xlsx,NA,NA
933000320046337,M,BLACKHOOD,u01_suzanne_mitchell,rat,Heterogenous stock,NA,933000320046337,u01_suzanne_mitchell,GTACTGCA,Riptide12,2,2020-08-06-Flowcell Sample-Barcode list (KN02 Pool) .xlsx,NA,NA
933000320046338,M,ALBINO,u01_suzanne_mitchell,rat,Heterogenous stock,NA,933000320046338,u01_suzanne_mitchell,GCTTCCTA,Riptide12,2,2020-08-06-Flowcell Sample-Barcode list (KN02 Pool) .xlsx,NA,NA
933000320046344,F,BLACK,u01_suzanne_mitchell,rat,Heterogenous stock,NA,933000320046344,u01_suzanne_mitchell,CAGTCAGT,Riptide12,2,2020-08-06-Flowcell Sample-Barcode list (KN02 Pool) .xlsx,NA,NA
933000320046490,M,BROWNHOOD,u01_suzanne_mitchell,rat,Heterogenous stock,NA,933000320046490,u01_suzanne_mitchell,GATCAGCT,Riptide12,2,2020-08-06-Flowcell Sample-Barcode list (KN02 Pool) .xlsx,NA,NA
933000320046492,F,ALBINO,u01_suzanne_mitchell,rat,Heterogenous stock,NA,933000320046492,u01_suzanne_mitchell,TCGATGGT,Riptide12,2,2020-08-06-Flowcell Sample-Barcode list (KN02 Pool) .xlsx,NA,NA
933000320046482,F,BROWNHOOD,u01_suzanne_mitchell,rat,Heterogenous stock,NA,933000320046482,u01_suzanne_mitchell,ACCAAGGA,Riptide12,2,2020-08-06-Flowcell Sample-Barcode list (KN02 Pool) .xlsx,NA,NA
933000320046496,F,BROWNHOOD,u01_suzanne_mitchell,rat,Heterogenous stock,NA,933000320046496,u01_suzanne_mitchell,AGCTCTAG,Riptide12,2,2020-08-06-Flowcell Sample-Barcode list (KN02 Pool) .xlsx,NA,NA
933000320046485,M,BLACK,u01_suzanne_mitchell,rat,Heterogenous stock,NA,933000320046485,u01_suzanne_mitchell,CTTGTCCA,Riptide12,2,2020-08-06-Flowcell Sample-Barcode list (KN02 Pool) .xlsx,NA,NA
933000320046491,F,BROWN,u01_suzanne_mitchell,rat,Heterogenous stock,NA,933000320046491,u01_suzanne_mitchell,CTGTACAG,Riptide12,2,2020-08-06-Flowcell Sample-Barcode list (KN02 Pool) .xlsx,NA,NA
933000320046483,F,ALBINO,u01_suzanne_mitchell,rat,Heterogenous stock,NA,933000320046483,u01_suzanne_mitchell,TCGAGTTG,Riptide12,2,2020-08-06-Flowcell Sample-Barcode list (KN02 Pool) .xlsx,NA,NA
933000320046486,F,BLACKHOOD,u01_suzanne_mitchell,rat,Heterogenous stock,NA,933000320046486,u01_suzanne_mitchell,CCTAATCC,Riptide12,2,2020-08-06-Flowcell Sample-Barcode list (KN02 Pool) .xlsx,NA,NA
933000320045772,F,BROWN,u01_suzanne_mitchell,rat,Heterogenous stock,NA,933000320045772,u01_suzanne_mitchell,CAGTTGAC,Riptide12,2,2020-08-06-Flowcell Sample-Barcode list (KN02 Pool) .xlsx,NA,NA
933000320045757,F,BROWNHOOD,u01_suzanne_mitchell,rat,Heterogenous stock,NA,933000320045757,u01_suzanne_mitchell,GACATCAC,Riptide12,2,2020-08-06-Flowcell Sample-Barcode list (KN02 Pool) .xlsx,NA,NA
933000320045766,F,BROWN,u01_suzanne_mitchell,rat,Heterogenous stock,NA,933000320045766,u01_suzanne_mitchell,TCCAAGGT,Riptide12,2,2020-08-06-Flowcell Sample-Barcode list (KN02 Pool) .xlsx,NA,NA
933000320047645,M,BLACKHOOD,u01_suzanne_mitchell,rat,Heterogenous stock,NA,933000320047645,u01_suzanne_mitchell,GCCGTTAA,Riptide12,2,2020-08-06-Flowcell Sample-Barcode list (KN02 Pool) .xlsx,NA,NA
933000320047646,M,BROWN,u01_suzanne_mitchell,rat,Heterogenous stock,NA,933000320047646,u01_suzanne_mitchell,GCGCTATA,Riptide12,2,2020-08-06-Flowcell Sample-Barcode list (KN02 Pool) .xlsx,NA,NA
933000320047638,M,BLACKHOOD,u01_suzanne_mitchell,rat,Heterogenous stock,NA,933000320047638,u01_suzanne_mitchell,AAGGTTCC,Riptide11,1,2020-08-06-Flowcell Sample-Barcode list (KN02 Pool) .xlsx,NA,NA
933000320047649,M,BLACK,u01_suzanne_mitchell,rat,Heterogenous stock,NA,933000320047649,u01_suzanne_mitchell,GAGTTCTG,Riptide11,1,2020-08-06-Flowcell Sample-Barcode list (KN02 Pool) .xlsx,NA,NA
933000320047626,M,ALBINO,u01_suzanne_mitchell,rat,Heterogenous stock,NA,933000320047626,u01_suzanne_mitchell,CTCTCACA,Riptide11,1,2020-08-06-Flowcell Sample-Barcode list (KN02 Pool) .xlsx,NA,NA
933000320047639,M,BLACKHOOD,u01_suzanne_mitchell,rat,Heterogenous stock,NA,933000320047639,u01_suzanne_mitchell,AGTGTCTG,Riptide11,1,2020-08-06-Flowcell Sample-Barcode list (KN02 Pool) .xlsx,NA,NA
933000320047770,M,ALBINO,u01_suzanne_mitchell,rat,Heterogenous stock,NA,933000320047770,u01_suzanne_mitchell,GAAGTCCT,Riptide11,1,2020-08-06-Flowcell Sample-Barcode list (KN02 Pool) .xlsx,NA,NA
933000320047771,M,BLACK,u01_suzanne_mitchell,rat,Heterogenous stock,NA,933000320047771,u01_suzanne_mitchell,TGACGTGT,Riptide11,1,2020-08-06-Flowcell Sample-Barcode list (KN02 Pool) .xlsx,NA,NA
933000320047754,M,BLACK,u01_suzanne_mitchell,rat,Heterogenous stock,NA,933000320047754,u01_suzanne_mitchell,CAAGCTTG,Riptide11,1,2020-08-06-Flowcell Sample-Barcode list (KN02 Pool) .xlsx,NA,NA
933000320047760,M,BROWNHOOD,u01_suzanne_mitchell,rat,Heterogenous stock,NA,933000320047760,u01_suzanne_mitchell,CTTCCAAC,Riptide11,1,2020-08-06-Flowcell Sample-Barcode list (KN02 Pool) .xlsx,NA,NA
933000320047759,M,BROWN,u01_suzanne_mitchell,rat,Heterogenous stock,NA,933000320047759,u01_suzanne_mitchell,TGGTCATG,Riptide11,1,2020-08-06-Flowcell Sample-Barcode list (KN02 Pool) .xlsx,NA,NA
933000320047768,M,ALBINO,u01_suzanne_mitchell,rat,Heterogenous stock,NA,933000320047768,u01_suzanne_mitchell,GAGACACA,Riptide11,1,2020-08-06-Flowcell Sample-Barcode list (KN02 Pool) .xlsx,NA,NA
933000320047762,M,BROWN,u01_suzanne_mitchell,rat,Heterogenous stock,NA,933000320047762,u01_suzanne_mitchell,ACTGACTG,Riptide11,1,2020-08-06-Flowcell Sample-Barcode list (KN02 Pool) .xlsx,NA,NA
933000320047779,M,BLACK,u01_suzanne_mitchell,rat,Heterogenous stock,NA,933000320047779,u01_suzanne_mitchell,GACATCTG,Riptide12,2,2020-08-06-Flowcell Sample-Barcode list (KN02 Pool) .xlsx,NA,NA
933000320047799,M,BLACKHOOD,u01_suzanne_mitchell,rat,Heterogenous stock,NA,933000320047799,u01_suzanne_mitchell,AGCTAGCT,Riptide11,1,2020-08-06-Flowcell Sample-Barcode list (KN02 Pool) .xlsx,NA,NA
933000320047780,M,BROWN,u01_suzanne_mitchell,rat,Heterogenous stock,NA,933000320047780,u01_suzanne_mitchell,GGATTAGG,Riptide12,2,2020-08-06-Flowcell Sample-Barcode list (KN02 Pool) .xlsx,NA,NA
933000320047777,M,BLACK,u01_suzanne_mitchell,rat,Heterogenous stock,NA,933000320047777,u01_suzanne_mitchell,AACCGGTT,Riptide11,1,2020-08-06-Flowcell Sample-Barcode list (KN02 Pool) .xlsx,NA,NA
933000320047790,M,ALBINO,u01_suzanne_mitchell,rat,Heterogenous stock,NA,933000320047790,u01_suzanne_mitchell,AACCGGTT,Riptide12,2,2020-08-06-Flowcell Sample-Barcode list (KN02 Pool) .xlsx,NA,NA
933000320047784,M,ALBINO,u01_suzanne_mitchell,rat,Heterogenous stock,NA,933000320047784,u01_suzanne_mitchell,CACTAGAC,Riptide11,1,2020-08-06-Flowcell Sample-Barcode list (KN02 Pool) .xlsx,NA,NA
933000320047791,M,BLACKHOOD,u01_suzanne_mitchell,rat,Heterogenous stock,NA,933000320047791,u01_suzanne_mitchell,ACTGTGAC,Riptide11,1,2020-08-06-Flowcell Sample-Barcode list (KN02 Pool) .xlsx,NA,NA
933000320047786,M,BROWNHOOD,u01_suzanne_mitchell,rat,Heterogenous stock,NA,933000320047786,u01_suzanne_mitchell,GTACAGCT,Riptide11,1,2020-08-06-Flowcell Sample-Barcode list (KN02 Pool) .xlsx,NA,NA
933000320047785,M,BROWN,u01_suzanne_mitchell,rat,Heterogenous stock,NA,933000320047785,u01_suzanne_mitchell,TAGCTACG,Riptide11,1,2020-08-06-Flowcell Sample-Barcode list (KN02 Pool) .xlsx,NA,NA
933000320047798,M,BLACKHOOD,u01_suzanne_mitchell,rat,Heterogenous stock,NA,933000320047798,u01_suzanne_mitchell,AACCTTGG,Riptide11,1,2020-08-06-Flowcell Sample-Barcode list (KN02 Pool) .xlsx,NA,NA
933000320046890,M,BROWN,u01_suzanne_mitchell,rat,Heterogenous stock,NA,933000320046890,u01_suzanne_mitchell,TGCACTAG,Riptide11,1,2020-08-06-Flowcell Sample-Barcode list (KN02 Pool) .xlsx,NA,NA
933000320046896,M,ALBINO,u01_suzanne_mitchell,rat,Heterogenous stock,NA,933000320046896,u01_suzanne_mitchell,CCATATGG,Riptide11,1,2020-08-06-Flowcell Sample-Barcode list (KN02 Pool) .xlsx,NA,NA
933000320046876,M,BLACKHOOD,u01_suzanne_mitchell,rat,Heterogenous stock,NA,933000320046876,u01_suzanne_mitchell,CCTAATCC,Riptide11,1,2020-08-06-Flowcell Sample-Barcode list (KN02 Pool) .xlsx,NA,NA
933000320046883,M,BLACKHOOD,u01_suzanne_mitchell,rat,Heterogenous stock,NA,933000320046883,u01_suzanne_mitchell,GGATTAGG,Riptide11,1,2020-08-06-Flowcell Sample-Barcode list (KN02 Pool) .xlsx,NA,NA
933000320046882,M,BLACK,u01_suzanne_mitchell,rat,Heterogenous stock,NA,933000320046882,u01_suzanne_mitchell,GAGACAGT,Riptide11,1,2020-08-06-Flowcell Sample-Barcode list (KN02 Pool) .xlsx,NA,NA
933000320046897,M,BLACKHOOD,u01_suzanne_mitchell,rat,Heterogenous stock,NA,933000320046897,u01_suzanne_mitchell,CGTAGCAT,Riptide11,1,2020-08-06-Flowcell Sample-Barcode list (KN02 Pool) .xlsx,NA,NA
933000320046880,M,ALBINO,u01_suzanne_mitchell,rat,Heterogenous stock,NA,933000320046880,u01_suzanne_mitchell,CAACCTAG,Riptide11,1,2020-08-06-Flowcell Sample-Barcode list (KN02 Pool) .xlsx,NA,NA
933000320046884,M,ALBINO,u01_suzanne_mitchell,rat,Heterogenous stock,NA,933000320046884,u01_suzanne_mitchell,CAACCTAG,Riptide12,2,2020-08-06-Flowcell Sample-Barcode list (KN02 Pool) .xlsx,NA,NA
933000320046900,M,BROWNHOOD,u01_suzanne_mitchell,rat,Heterogenous stock,NA,933000320046900,u01_suzanne_mitchell,GAGTTCAC,Riptide11,1,2020-08-06-Flowcell Sample-Barcode list (KN02 Pool) .xlsx,NA,NA
933000320046881,M,BLACK,u01_suzanne_mitchell,rat,Heterogenous stock,NA,933000320046881,u01_suzanne_mitchell,GTGTCACA,Riptide11,1,2020-08-06-Flowcell Sample-Barcode list (KN02 Pool) .xlsx,NA,NA
933000320046878,M,BROWN,u01_suzanne_mitchell,rat,Heterogenous stock,NA,933000320046878,u01_suzanne_mitchell,CTCATGAG,Riptide12,2,2020-08-06-Flowcell Sample-Barcode list (KN02 Pool) .xlsx,NA,NA
933000320047079,M,ALBINO,u01_suzanne_mitchell,rat,Heterogenous stock,NA,933000320047079,u01_suzanne_mitchell,GCCGTTAA,Riptide11,1,2020-08-06-Flowcell Sample-Barcode list (KN02 Pool) .xlsx,NA,NA
933000320047087,M,BROWNHOOD,u01_suzanne_mitchell,rat,Heterogenous stock,NA,933000320047087,u01_suzanne_mitchell,ACACGTGT,Riptide11,1,2020-08-06-Flowcell Sample-Barcode list (KN02 Pool) .xlsx,NA,NA
933000320047095,M,BLACK,u01_suzanne_mitchell,rat,Heterogenous stock,NA,933000320047095,u01_suzanne_mitchell,ACTGTGAC,Riptide12,2,2020-08-06-Flowcell Sample-Barcode list (KN02 Pool) .xlsx,NA,NA
933000320047098,M,BLACKHOOD,u01_suzanne_mitchell,rat,Heterogenous stock,NA,933000320047098,u01_suzanne_mitchell,CAGTTGAC,Riptide11,1,2020-08-06-Flowcell Sample-Barcode list (KN02 Pool) .xlsx,NA,NA
933000320047076,M,BROWNHOOD,u01_suzanne_mitchell,rat,Heterogenous stock,NA,933000320047076,u01_suzanne_mitchell,TGACCACA,Riptide11,1,2020-08-06-Flowcell Sample-Barcode list (KN02 Pool) .xlsx,NA,NA
933000320047083,M,BLACK,u01_suzanne_mitchell,rat,Heterogenous stock,NA,933000320047083,u01_suzanne_mitchell,AGCTAGCT,Riptide12,2,2020-08-06-Flowcell Sample-Barcode list (KN02 Pool) .xlsx,NA,NA
933000320047246,M,BROWN,u01_suzanne_mitchell,rat,Heterogenous stock,NA,933000320047246,u01_suzanne_mitchell,CAAGCTTG,Riptide12,2,2020-08-06-Flowcell Sample-Barcode list (KN02 Pool) .xlsx,NA,NA
933000320047237,M,BROWNHOOD,u01_suzanne_mitchell,rat,Heterogenous stock,NA,933000320047237,u01_suzanne_mitchell,AGCTCTAG,Riptide11,1,2020-08-06-Flowcell Sample-Barcode list (KN02 Pool) .xlsx,NA,NA
933000320047227,M,BLACK,u01_suzanne_mitchell,rat,Heterogenous stock,NA,933000320047227,u01_suzanne_mitchell,CATGCTTC,Riptide11,1,2020-08-06-Flowcell Sample-Barcode list (KN02 Pool) .xlsx,NA,NA
933000320047086,M,BLACKHOOD,u01_suzanne_mitchell,rat,Heterogenous stock,NA,933000320047086,u01_suzanne_mitchell,TGACGTGT,Riptide12,2,2020-08-06-Flowcell Sample-Barcode list (KN02 Pool) .xlsx,NA,NA
933000320047247,M,BLACK,u01_suzanne_mitchell,rat,Heterogenous stock,NA,933000320047247,u01_suzanne_mitchell,CTCTCAGT,Riptide11,1,2020-08-06-Flowcell Sample-Barcode list (KN02 Pool) .xlsx,NA,NA
933000320046986,M,BROWN,u01_suzanne_mitchell,rat,Heterogenous stock,NA,933000320046986,u01_suzanne_mitchell,CTGTCAGA,Riptide12,2,2020-08-06-Flowcell Sample-Barcode list (KN02 Pool) .xlsx,NA,NA
933000320047250,M,BLACKHOOD,u01_suzanne_mitchell,rat,Heterogenous stock,NA,933000320047250,u01_suzanne_mitchell,GAAGCTTC,Riptide12,2,2020-08-06-Flowcell Sample-Barcode list (KN02 Pool) .xlsx,NA,NA
933000320047242,M,BROWNHOOD,u01_suzanne_mitchell,rat,Heterogenous stock,NA,933000320047242,u01_suzanne_mitchell,TGGTGTAC,Riptide12,2,2020-08-06-Flowcell Sample-Barcode list (KN02 Pool) .xlsx,NA,NA
933000320047244,M,BLACK,u01_suzanne_mitchell,rat,Heterogenous stock,NA,933000320047244,u01_suzanne_mitchell,TGGTCATG,Riptide12,2,2020-08-06-Flowcell Sample-Barcode list (KN02 Pool) .xlsx,NA,NA
933000320047226,M,BROWNHOOD,u01_suzanne_mitchell,rat,Heterogenous stock,NA,933000320047226,u01_suzanne_mitchell,GACTTCAG,Riptide11,1,2020-08-06-Flowcell Sample-Barcode list (KN02 Pool) .xlsx,NA,NA
933000320047632,F,BLACKHOOD,u01_suzanne_mitchell,rat,Heterogenous stock,NA,933000320047632,u01_suzanne_mitchell,ACCAAGGA,Riptide11,1,2020-08-06-Flowcell Sample-Barcode list (KN02 Pool) .xlsx,NA,NA
933000320047633,F,BLACK,u01_suzanne_mitchell,rat,Heterogenous stock,NA,933000320047633,u01_suzanne_mitchell,GCTATTCC,Riptide12,2,2020-08-06-Flowcell Sample-Barcode list (KN02 Pool) .xlsx,NA,NA
933000320047634,F,BLACKHOOD,u01_suzanne_mitchell,rat,Heterogenous stock,NA,933000320047634,u01_suzanne_mitchell,GTACTGCA,Riptide11,1,2020-08-06-Flowcell Sample-Barcode list (KN02 Pool) .xlsx,NA,NA
933000320047640,F,BLACK,u01_suzanne_mitchell,rat,Heterogenous stock,NA,933000320047640,u01_suzanne_mitchell,TGGTACGT,Riptide11,1,2020-08-06-Flowcell Sample-Barcode list (KN02 Pool) .xlsx,NA,NA
933000320047636,F,ALBINO,u01_suzanne_mitchell,rat,Heterogenous stock,NA,933000320047636,u01_suzanne_mitchell,CTCTCACA,Riptide12,2,2020-08-06-Flowcell Sample-Barcode list (KN02 Pool) .xlsx,NA,NA
933000320047635,F,BLACKHOOD,u01_suzanne_mitchell,rat,Heterogenous stock,NA,933000320047635,u01_suzanne_mitchell,AACGTTGC,Riptide12,2,2020-08-06-Flowcell Sample-Barcode list (KN02 Pool) .xlsx,NA,NA
933000320047753,F,BLACK,u01_suzanne_mitchell,rat,Heterogenous stock,NA,933000320047753,u01_suzanne_mitchell,GATCCTAG,Riptide11,1,2020-08-06-Flowcell Sample-Barcode list (KN02 Pool) .xlsx,NA,NA
933000320047752,F,BROWN,u01_suzanne_mitchell,rat,Heterogenous stock,NA,933000320047752,u01_suzanne_mitchell,CCATATGG,Riptide12,2,2020-08-06-Flowcell Sample-Barcode list (KN02 Pool) .xlsx,NA,NA
933000320047758,F,BROWN,u01_suzanne_mitchell,rat,Heterogenous stock,NA,933000320047758,u01_suzanne_mitchell,GCTACGAT,Riptide11,1,2020-08-06-Flowcell Sample-Barcode list (KN02 Pool) .xlsx,NA,NA
933000320047767,F,BLACKHOOD,u01_suzanne_mitchell,rat,Heterogenous stock,NA,933000320047767,u01_suzanne_mitchell,GGAAGCAT,Riptide12,2,2020-08-06-Flowcell Sample-Barcode list (KN02 Pool) .xlsx,NA,NA
933000320047757,F,BROWNHOOD,u01_suzanne_mitchell,rat,Heterogenous stock,NA,933000320047757,u01_suzanne_mitchell,CTTGTCCA,Riptide11,1,2020-08-06-Flowcell Sample-Barcode list (KN02 Pool) .xlsx,NA,NA
933000320047769,F,BLACKHOOD,u01_suzanne_mitchell,rat,Heterogenous stock,NA,933000320047769,u01_suzanne_mitchell,GTGAACAG,Riptide11,1,2020-08-06-Flowcell Sample-Barcode list (KN02 Pool) .xlsx,NA,NA
933000320047755,F,BLACK,u01_suzanne_mitchell,rat,Heterogenous stock,NA,933000320047755,u01_suzanne_mitchell,AGTGGTCT,Riptide12,2,2020-08-06-Flowcell Sample-Barcode list (KN02 Pool) .xlsx,NA,NA
933000320047775,F,BLACKHOOD,u01_suzanne_mitchell,rat,Heterogenous stock,NA,933000320047775,u01_suzanne_mitchell,GAAGCTTC,Riptide11,1,2020-08-06-Flowcell Sample-Barcode list (KN02 Pool) .xlsx,NA,NA
933000320047782,F,BLACKHOOD,u01_suzanne_mitchell,rat,Heterogenous stock,NA,933000320047782,u01_suzanne_mitchell,GGAAGCAT,Riptide11,1,2020-08-06-Flowcell Sample-Barcode list (KN02 Pool) .xlsx,NA,NA
933000320047800,F,BROWN,u01_suzanne_mitchell,rat,Heterogenous stock,NA,933000320047800,u01_suzanne_mitchell,GCCGTATA,Riptide11,1,2020-08-06-Flowcell Sample-Barcode list (KN02 Pool) .xlsx,NA,NA
933000320047795,F,BLACKHOOD,u01_suzanne_mitchell,rat,Heterogenous stock,NA,933000320047795,u01_suzanne_mitchell,ACTGACTG,Riptide12,2,2020-08-06-Flowcell Sample-Barcode list (KN02 Pool) .xlsx,NA,NA
933000320047797,F,ALBINO,u01_suzanne_mitchell,rat,Heterogenous stock,NA,933000320047797,u01_suzanne_mitchell,GATGCATC,Riptide12,2,2020-08-06-Flowcell Sample-Barcode list (KN02 Pool) .xlsx,NA,NA
933000320047781,F,ALBINO,u01_suzanne_mitchell,rat,Heterogenous stock,NA,933000320047781,u01_suzanne_mitchell,GCTTAACG,Riptide11,1,2020-08-06-Flowcell Sample-Barcode list (KN02 Pool) .xlsx,NA,NA
933000320047776,F,BLACKHOOD,u01_suzanne_mitchell,rat,Heterogenous stock,NA,933000320047776,u01_suzanne_mitchell,AGTGGTCT,Riptide11,1,2020-08-06-Flowcell Sample-Barcode list (KN02 Pool) .xlsx,NA,NA
933000320047788,F,BROWNHOOD,u01_suzanne_mitchell,rat,Heterogenous stock,NA,933000320047788,u01_suzanne_mitchell,GACATCTG,Riptide11,1,2020-08-06-Flowcell Sample-Barcode list (KN02 Pool) .xlsx,NA,NA
933000320047783,F,BROWN,u01_suzanne_mitchell,rat,Heterogenous stock,NA,933000320047783,u01_suzanne_mitchell,ACACGTCA,Riptide11,1,2020-08-06-Flowcell Sample-Barcode list (KN02 Pool) .xlsx,NA,NA
933000320046898,F,BROWN,u01_suzanne_mitchell,rat,Heterogenous stock,NA,933000320046898,u01_suzanne_mitchell,AACGTTGC,Riptide11,1,2020-08-06-Flowcell Sample-Barcode list (KN02 Pool) .xlsx,NA,NA
933000320046885,F,BROWN,u01_suzanne_mitchell,rat,Heterogenous stock,NA,933000320046885,u01_suzanne_mitchell,GACTTCAG,Riptide12,2,2020-08-06-Flowcell Sample-Barcode list (KN02 Pool) .xlsx,NA,NA
933000320046877,F,BROWN,u01_suzanne_mitchell,rat,Heterogenous stock,NA,933000320046877,u01_suzanne_mitchell,GAACTGCT,Riptide11,1,2020-08-06-Flowcell Sample-Barcode list (KN02 Pool) .xlsx,NA,NA
933000320046899,F,BLACK,u01_suzanne_mitchell,rat,Heterogenous stock,NA,933000320046899,u01_suzanne_mitchell,TACGAACC,Riptide12,2,2020-08-06-Flowcell Sample-Barcode list (KN02 Pool) .xlsx,NA,NA
933000320046889,F,BROWNHOOD,u01_suzanne_mitchell,rat,Heterogenous stock,NA,933000320046889,u01_suzanne_mitchell,ATCCTAGG,Riptide11,1,2020-08-06-Flowcell Sample-Barcode list (KN02 Pool) .xlsx,NA,NA
933000320046893,F,BLACK,u01_suzanne_mitchell,rat,Heterogenous stock,NA,933000320046893,u01_suzanne_mitchell,CGTACGTA,Riptide11,1,2020-08-06-Flowcell Sample-Barcode list (KN02 Pool) .xlsx,NA,NA
933000320046895,F,BLACKHOOD,u01_suzanne_mitchell,rat,Heterogenous stock,NA,933000320046895,u01_suzanne_mitchell,CAACGTAC,Riptide11,1,2020-08-06-Flowcell Sample-Barcode list (KN02 Pool) .xlsx,NA,NA
933000320046894,F,BROWNHOOD,u01_suzanne_mitchell,rat,Heterogenous stock,NA,933000320046894,u01_suzanne_mitchell,GATGCATC,Riptide11,1,2020-08-06-Flowcell Sample-Barcode list (KN02 Pool) .xlsx,NA,NA
933000320046892,F,ALBINO,u01_suzanne_mitchell,rat,Heterogenous stock,NA,933000320046892,u01_suzanne_mitchell,CTCATGAG,Riptide11,1,2020-08-06-Flowcell Sample-Barcode list (KN02 Pool) .xlsx,NA,NA
933000320046888,F,BROWNHOOD,u01_suzanne_mitchell,rat,Heterogenous stock,NA,933000320046888,u01_suzanne_mitchell,AGGAACGT,Riptide11,1,2020-08-06-Flowcell Sample-Barcode list (KN02 Pool) .xlsx,NA,NA
933000320047097,F,BLACK,u01_suzanne_mitchell,rat,Heterogenous stock,NA,933000320047097,u01_suzanne_mitchell,TCGAGTTG,Riptide11,1,2020-08-06-Flowcell Sample-Barcode list (KN02 Pool) .xlsx,NA,NA
933000320047092,F,BROWN,u01_suzanne_mitchell,rat,Heterogenous stock,NA,933000320047092,u01_suzanne_mitchell,GCTTCCTA,Riptide11,1,2020-08-06-Flowcell Sample-Barcode list (KN02 Pool) .xlsx,NA,NA
933000320047082,F,ALBINO,u01_suzanne_mitchell,rat,Heterogenous stock,NA,933000320047082,u01_suzanne_mitchell,CTAGCTAG,Riptide11,1,2020-08-06-Flowcell Sample-Barcode list (KN02 Pool) .xlsx,NA,NA
933000320047089,F,BROWNHOOD,u01_suzanne_mitchell,rat,Heterogenous stock,NA,933000320047089,u01_suzanne_mitchell,GATCAGCT,Riptide11,1,2020-08-06-Flowcell Sample-Barcode list (KN02 Pool) .xlsx,NA,NA
933000320047091,F,BROWN,u01_suzanne_mitchell,rat,Heterogenous stock,NA,933000320047091,u01_suzanne_mitchell,GAGTTCTG,Riptide12,2,2020-08-06-Flowcell Sample-Barcode list (KN02 Pool) .xlsx,NA,NA
933000320047081,F,BROWNHOOD,u01_suzanne_mitchell,rat,Heterogenous stock,NA,933000320047081,u01_suzanne_mitchell,ATGCATGC,Riptide12,2,2020-08-06-Flowcell Sample-Barcode list (KN02 Pool) .xlsx,NA,NA
933000320047099,F,BLACKHOOD,u01_suzanne_mitchell,rat,Heterogenous stock,NA,933000320047099,u01_suzanne_mitchell,CAGTCAGT,Riptide11,1,2020-08-06-Flowcell Sample-Barcode list (KN02 Pool) .xlsx,NA,NA
933000320047080,F,BROWN,u01_suzanne_mitchell,rat,Heterogenous stock,NA,933000320047080,u01_suzanne_mitchell,ACCTGTTC,Riptide11,1,2020-08-06-Flowcell Sample-Barcode list (KN02 Pool) .xlsx,NA,NA
933000320047228,F,BLACK,u01_suzanne_mitchell,rat,Heterogenous stock,NA,933000320047228,u01_suzanne_mitchell,TGGTGTAC,Riptide11,1,2020-08-06-Flowcell Sample-Barcode list (KN02 Pool) .xlsx,NA,NA
933000320047249,F,BROWNHOOD,u01_suzanne_mitchell,rat,Heterogenous stock,NA,933000320047249,u01_suzanne_mitchell,CACATGTG,Riptide11,1,2020-08-06-Flowcell Sample-Barcode list (KN02 Pool) .xlsx,NA,NA
933000320047088,F,BROWNHOOD,u01_suzanne_mitchell,rat,Heterogenous stock,NA,933000320047088,u01_suzanne_mitchell,CTACCATC,Riptide11,1,2020-08-06-Flowcell Sample-Barcode list (KN02 Pool) .xlsx,NA,NA
933000320047231,F,BLACKHOOD,u01_suzanne_mitchell,rat,Heterogenous stock,NA,933000320047231,u01_suzanne_mitchell,CGATCGAT,Riptide12,2,2020-08-06-Flowcell Sample-Barcode list (KN02 Pool) .xlsx,NA,NA
933000320047229,F,BLACK,u01_suzanne_mitchell,rat,Heterogenous stock,NA,933000320047229,u01_suzanne_mitchell,TGGTCTAG,Riptide11,1,2020-08-06-Flowcell Sample-Barcode list (KN02 Pool) .xlsx,NA,NA
933000320047233,F,BROWN,u01_suzanne_mitchell,rat,Heterogenous stock,NA,933000320047233,u01_suzanne_mitchell,ATCCGGTA,Riptide11,1,2020-08-06-Flowcell Sample-Barcode list (KN02 Pool) .xlsx,NA,NA
933000320047241,F,BLACKHOOD,u01_suzanne_mitchell,rat,Heterogenous stock,NA,933000320047241,u01_suzanne_mitchell,TCCAAGGT,Riptide11,1,2020-08-06-Flowcell Sample-Barcode list (KN02 Pool) .xlsx,NA,NA
933000320047238,F,BROWNHOOD,u01_suzanne_mitchell,rat,Heterogenous stock,NA,933000320047238,u01_suzanne_mitchell,CTAGCTAG,Riptide12,2,2020-08-06-Flowcell Sample-Barcode list (KN02 Pool) .xlsx,NA,NA
933000320047243,F,BLACK,u01_suzanne_mitchell,rat,Heterogenous stock,NA,933000320047243,u01_suzanne_mitchell,ACCAACGT,Riptide11,1,2020-08-06-Flowcell Sample-Barcode list (KN02 Pool) .xlsx,NA,NA
933000320047234,F,BROWNHOOD,u01_suzanne_mitchell,rat,Heterogenous stock,NA,933000320047234,u01_suzanne_mitchell,CCAATACG,Riptide11,1,2020-08-06-Flowcell Sample-Barcode list (KN02 Pool) .xlsx,NA,NA
