"rfid","project_name","barcode","library_name","pcr_barcode","filename","comments","flag"
"0007899771","p50_hao_chen_2014","CTACCATC","Riptide30",10,"2020-08-06-Flowcell Sample-Barcode list (KN02 Pool) .xlsx","NA","NA"
"0007899931","p50_hao_chen_2014","CTTCCATG","Riptide30",10,"2020-08-06-Flowcell Sample-Barcode list (KN02 Pool) .xlsx","NA","NA"
"0007899868","p50_hao_chen_2014","TACGAACC","Riptide30",10,"2020-08-06-Flowcell Sample-Barcode list (KN02 Pool) .xlsx","NA","NA"
"0007899825","p50_hao_chen_2014","CTTCCAAC","Riptide30",10,"2020-08-06-Flowcell Sample-Barcode list (KN02 Pool) .xlsx","NA","NA"
"0007899897","p50_hao_chen_2014","ACACGTCA","Riptide30",10,"2020-08-06-Flowcell Sample-Barcode list (KN02 Pool) .xlsx","NA","NA"
"00077E99F4","p50_hao_chen_2014","GCTATTCC","Riptide30",10,"2020-08-06-Flowcell Sample-Barcode list (KN02 Pool) .xlsx","NA","NA"
"0007D2CD05","p50_hao_chen_2014","AGCTAGCT","Riptide30",10,"2020-08-06-Flowcell Sample-Barcode list (KN02 Pool) .xlsx","NA","NA"
"00077E8FAC","p50_hao_chen_2014","GCTTAACG","Riptide30",10,"2020-08-06-Flowcell Sample-Barcode list (KN02 Pool) .xlsx","NA","NA"
"0007D60ADB","p50_hao_chen_2014","ATCCGGTA","Riptide30",10,"2020-08-06-Flowcell Sample-Barcode list (KN02 Pool) .xlsx","NA","NA"
"00077E92A7","p50_hao_chen_2014","TAGGCCAT","Riptide30",10,"2020-08-06-Flowcell Sample-Barcode list (KN02 Pool) .xlsx","NA","NA"
"00077E8B25","p50_hao_chen_2014","GCTACGAT","Riptide30",10,"2020-08-06-Flowcell Sample-Barcode list (KN02 Pool) .xlsx","NA","NA"
"00077E784F","p50_hao_chen_2014","GATCAGCT","Riptide30",10,"2020-08-06-Flowcell Sample-Barcode list (KN02 Pool) .xlsx","NA","NA"
"0007D60F60","p50_hao_chen_2014","AACGTTGC","Riptide30",10,"2020-08-06-Flowcell Sample-Barcode list (KN02 Pool) .xlsx","NA","NA"
"00077E8481","p50_hao_chen_2014","GACTTCAG","Riptide30",10,"2020-08-06-Flowcell Sample-Barcode list (KN02 Pool) .xlsx","NA","NA"
"000792A3EF","p50_hao_chen_2014","GAGTTCAC","Riptide30",10,"2020-08-06-Flowcell Sample-Barcode list (KN02 Pool) .xlsx","NA","NA"
"00077E7AC5","p50_hao_chen_2014","GGATTAGG","Riptide30",10,"2020-08-06-Flowcell Sample-Barcode list (KN02 Pool) .xlsx","NA","NA"
"0007D2D146","p50_hao_chen_2014","TGGTCTAG","Riptide30",10,"2020-08-06-Flowcell Sample-Barcode list (KN02 Pool) .xlsx","NA","NA"
"0007D2DFF4","p50_hao_chen_2014","AGGAACGT","Riptide30",10,"2020-08-06-Flowcell Sample-Barcode list (KN02 Pool) .xlsx","NA","NA"
"00077E9275","p50_hao_chen_2014","AGGTAGGT","Riptide30",10,"2020-08-06-Flowcell Sample-Barcode list (KN02 Pool) .xlsx","NA","NA"
"00077E9E72","p50_hao_chen_2014","GTACCAAC","Riptide30",10,"2020-08-06-Flowcell Sample-Barcode list (KN02 Pool) .xlsx","NA","NA"
"000792A6B3","p50_hao_chen_2014","GACATCAC","Riptide30",10,"2020-08-06-Flowcell Sample-Barcode list (KN02 Pool) .xlsx","NA","NA"
"00077E922E","p50_hao_chen_2014","CTGTACAG","Riptide30",10,"2020-08-06-Flowcell Sample-Barcode list (KN02 Pool) .xlsx","NA","NA"
"0007D48080","p50_hao_chen_2014","CTAGAGCT","Riptide30",10,"2020-08-06-Flowcell Sample-Barcode list (KN02 Pool) .xlsx","NA","NA"
"00079FFEA7","p50_hao_chen_2014","CGTAGCAT","Riptide30",10,"2020-08-06-Flowcell Sample-Barcode list (KN02 Pool) .xlsx","NA","NA"
"000792A09B","p50_hao_chen_2014","TGCACAAC","Riptide30",10,"2020-08-06-Flowcell Sample-Barcode list (KN02 Pool) .xlsx","NA","NA"
"00077E828B","p50_hao_chen_2014","ACCAAGGA","Riptide30",10,"2020-08-06-Flowcell Sample-Barcode list (KN02 Pool) .xlsx","NA","NA"
"00077E920D","p50_hao_chen_2014","GCGCTATA","Riptide30",10,"2020-08-06-Flowcell Sample-Barcode list (KN02 Pool) .xlsx","NA","NA"
"00077E9152","p50_hao_chen_2014","GAACCATC","Riptide30",10,"2020-08-06-Flowcell Sample-Barcode list (KN02 Pool) .xlsx","NA","NA"
"00077E9B87","p50_hao_chen_2014","CTAGCTAG","Riptide30",10,"2020-08-06-Flowcell Sample-Barcode list (KN02 Pool) .xlsx","NA","NA"
"0007929A91","p50_hao_chen_2014","CAGTCAGT","Riptide30",10,"2020-08-06-Flowcell Sample-Barcode list (KN02 Pool) .xlsx","NA","NA"
"000792A25F","p50_hao_chen_2014","GAAGTCCT","Riptide30",10,"2020-08-06-Flowcell Sample-Barcode list (KN02 Pool) .xlsx","NA","NA"
"00077E7B77","p50_hao_chen_2014","TCGATGGT","Riptide30",10,"2020-08-06-Flowcell Sample-Barcode list (KN02 Pool) .xlsx","NA","NA"
"0007D60B77","p50_hao_chen_2014","TCGAGTTG","Riptide30",10,"2020-08-06-Flowcell Sample-Barcode list (KN02 Pool) .xlsx","NA","NA"
"000792A29D","p50_hao_chen_2014","ACTGACTG","Riptide30",10,"2020-08-06-Flowcell Sample-Barcode list (KN02 Pool) .xlsx","NA","NA"
"00077EA00B","p50_hao_chen_2014","GTGTTGAC","Riptide30",10,"2020-08-06-Flowcell Sample-Barcode list (KN02 Pool) .xlsx","NA","NA"
"00077E9DE8","p50_hao_chen_2014","CTCTACAC","Riptide30",10,"2020-08-06-Flowcell Sample-Barcode list (KN02 Pool) .xlsx","NA","NA"
"000792A0FB","p50_hao_chen_2014","GCCGTTAA","Riptide30",10,"2020-08-06-Flowcell Sample-Barcode list (KN02 Pool) .xlsx","NA","NA"
"00079FD00D","p50_hao_chen_2014","GTGAACAG","Riptide30",10,"2020-08-06-Flowcell Sample-Barcode list (KN02 Pool) .xlsx","NA","NA"
"00077E9490","p50_hao_chen_2014","ATGCATGC","Riptide30",10,"2020-08-06-Flowcell Sample-Barcode list (KN02 Pool) .xlsx","NA","NA"
"0007A01406","p50_hao_chen_2014","TCCAAGGT","Riptide30",10,"2020-08-06-Flowcell Sample-Barcode list (KN02 Pool) .xlsx","NA","NA"
"00077E93C6","p50_hao_chen_2014","CTCTCAGT","Riptide30",10,"2020-08-06-Flowcell Sample-Barcode list (KN02 Pool) .xlsx","NA","NA"
"00077E909A","p50_hao_chen_2014","CAAGCTTG","Riptide30",10,"2020-08-06-Flowcell Sample-Barcode list (KN02 Pool) .xlsx","NA","NA"
"0007D30D95","p50_hao_chen_2014","CCAATACG","Riptide30",10,"2020-08-06-Flowcell Sample-Barcode list (KN02 Pool) .xlsx","NA","NA"
"00077E7C0F","p50_hao_chen_2014","CTGTCAGA","Riptide30",10,"2020-08-06-Flowcell Sample-Barcode list (KN02 Pool) .xlsx","NA","NA"
"0007D60648","p50_hao_chen_2014","AAGGTTCC","Riptide30",10,"2020-08-06-Flowcell Sample-Barcode list (KN02 Pool) .xlsx","NA","NA"
"00078997D8","p50_hao_chen_2014","GGAAGCAT","Riptide30",10,"2020-08-06-Flowcell Sample-Barcode list (KN02 Pool) .xlsx","NA","NA"
"00077E91A4","p50_hao_chen_2014","AGTGTCTG","Riptide30",10,"2020-08-06-Flowcell Sample-Barcode list (KN02 Pool) .xlsx","NA","NA"
"000792A322","p50_hao_chen_2014","GCCGTATA","Riptide30",10,"2020-08-06-Flowcell Sample-Barcode list (KN02 Pool) .xlsx","NA","NA"
"000792A3A6","p50_hao_chen_2014","CCATATGG","Riptide30",10,"2020-08-06-Flowcell Sample-Barcode list (KN02 Pool) .xlsx","NA","NA"
"000792A2A4","p50_hao_chen_2014","TGACTGAC","Riptide30",10,"2020-08-06-Flowcell Sample-Barcode list (KN02 Pool) .xlsx","NA","NA"
"00077E8978","p50_hao_chen_2014","TGGTCATG","Riptide30",10,"2020-08-06-Flowcell Sample-Barcode list (KN02 Pool) .xlsx","NA","NA"
"00077E9968","p50_hao_chen_2014","CCTAATCC","Riptide30",10,"2020-08-06-Flowcell Sample-Barcode list (KN02 Pool) .xlsx","NA","NA"
"00077E8F53","p50_hao_chen_2014","TGGTGTAC","Riptide30",10,"2020-08-06-Flowcell Sample-Barcode list (KN02 Pool) .xlsx","NA","NA"
"00077E8410","p50_hao_chen_2014","AACCGGTT","Riptide30",10,"2020-08-06-Flowcell Sample-Barcode list (KN02 Pool) .xlsx","NA","NA"
"0007929A41","p50_hao_chen_2014","CAACGTAC","Riptide30",10,"2020-08-06-Flowcell Sample-Barcode list (KN02 Pool) .xlsx","NA","NA"
"0007D3D938","p50_hao_chen_2014","GAGACAGT","Riptide30",10,"2020-08-06-Flowcell Sample-Barcode list (KN02 Pool) .xlsx","NA","NA"
"000792A5ED","p50_hao_chen_2014","ATCGTAGC","Riptide30",10,"2020-08-06-Flowcell Sample-Barcode list (KN02 Pool) .xlsx","NA","NA"
"00077E9BF2","p50_hao_chen_2014","CGTAGCTA","Riptide30",10,"2020-08-06-Flowcell Sample-Barcode list (KN02 Pool) .xlsx","NA","NA"
"000792A2B8","p50_hao_chen_2014","GATGCATC","Riptide30",10,"2020-08-06-Flowcell Sample-Barcode list (KN02 Pool) .xlsx","NA","NA"
"00077E91EE","p50_hao_chen_2014","ACCTGTTC","Riptide30",10,"2020-08-06-Flowcell Sample-Barcode list (KN02 Pool) .xlsx","NA","NA"
"00077E8DB1","p50_hao_chen_2014","CAGTTGAC","Riptide30",10,"2020-08-06-Flowcell Sample-Barcode list (KN02 Pool) .xlsx","NA","NA"
"00077E8288","p50_hao_chen_2014","ACTGTGAC","Riptide30",10,"2020-08-06-Flowcell Sample-Barcode list (KN02 Pool) .xlsx","NA","NA"
"000792A33F","p50_hao_chen_2014","CATGCTTC","Riptide30",10,"2020-08-06-Flowcell Sample-Barcode list (KN02 Pool) .xlsx","NA","NA"
"00077E8A7D","p50_hao_chen_2014","GTACAGCT","Riptide30",10,"2020-08-06-Flowcell Sample-Barcode list (KN02 Pool) .xlsx","NA","NA"
"0007D60399","p50_hao_chen_2014","ATCCTAGG","Riptide30",10,"2020-08-06-Flowcell Sample-Barcode list (KN02 Pool) .xlsx","NA","NA"
"00077E9391","p50_hao_chen_2014","GAAGCTTC","Riptide30",10,"2020-08-06-Flowcell Sample-Barcode list (KN02 Pool) .xlsx","NA","NA"
"000789993E","p50_hao_chen_2014","GTGTCACA","Riptide30",10,"2020-08-06-Flowcell Sample-Barcode list (KN02 Pool) .xlsx","NA","NA"
"00077E9086","p50_hao_chen_2014","CACTAGAC","Riptide30",10,"2020-08-06-Flowcell Sample-Barcode list (KN02 Pool) .xlsx","NA","NA"
"000792A393","p50_hao_chen_2014","CTCTCACA","Riptide30",10,"2020-08-06-Flowcell Sample-Barcode list (KN02 Pool) .xlsx","NA","NA"
"00077E919B","p50_hao_chen_2014","ACAGTCAC","Riptide30",10,"2020-08-06-Flowcell Sample-Barcode list (KN02 Pool) .xlsx","NA","NA"
"00078996AC","p50_hao_chen_2014","CTTGTCCA","Riptide30",10,"2020-08-06-Flowcell Sample-Barcode list (KN02 Pool) .xlsx","NA","NA"
"0007D610E9","p50_hao_chen_2014","TGACGTGT","Riptide30",10,"2020-08-06-Flowcell Sample-Barcode list (KN02 Pool) .xlsx","NA","NA"
"00077E84C8","p50_hao_chen_2014","GGTTCCAA","Riptide30",10,"2020-08-06-Flowcell Sample-Barcode list (KN02 Pool) .xlsx","NA","NA"
"00077E8AE2","p50_hao_chen_2014","CAACCTAG","Riptide30",10,"2020-08-06-Flowcell Sample-Barcode list (KN02 Pool) .xlsx","NA","NA"
"00077E8C05","p50_hao_chen_2014","TAGCTACG","Riptide30",10,"2020-08-06-Flowcell Sample-Barcode list (KN02 Pool) .xlsx","NA","NA"
"0007D3138C","p50_hao_chen_2014","GACATCTG","Riptide30",10,"2020-08-06-Flowcell Sample-Barcode list (KN02 Pool) .xlsx","NA","NA"
"000792A5C9","p50_hao_chen_2014","TACCATGG","Riptide30",10,"2020-08-06-Flowcell Sample-Barcode list (KN02 Pool) .xlsx","NA","NA"
"00077E8DEE","p50_hao_chen_2014","GCTTCCTA","Riptide30",10,"2020-08-06-Flowcell Sample-Barcode list (KN02 Pool) .xlsx","NA","NA"
"00077E89DE","p50_hao_chen_2014","TGACCACA","Riptide30",10,"2020-08-06-Flowcell Sample-Barcode list (KN02 Pool) .xlsx","NA","NA"
"000792994E","p50_hao_chen_2014","ACACGTGT","Riptide30",10,"2020-08-06-Flowcell Sample-Barcode list (KN02 Pool) .xlsx","NA","NA"
"00077E9370","p50_hao_chen_2014","GAGTTCTG","Riptide30",10,"2020-08-06-Flowcell Sample-Barcode list (KN02 Pool) .xlsx","NA","NA"
"00077E8FFC","p50_hao_chen_2014","ACCAACGT","Riptide30",10,"2020-08-06-Flowcell Sample-Barcode list (KN02 Pool) .xlsx","NA","NA"
"00077E84EF","p50_hao_chen_2014","CGATCGAT","Riptide30",10,"2020-08-06-Flowcell Sample-Barcode list (KN02 Pool) .xlsx","NA","NA"
"00077E9E2F","p50_hao_chen_2014","ACCACATG","Riptide30",10,"2020-08-06-Flowcell Sample-Barcode list (KN02 Pool) .xlsx","NA","NA"
"000792A347","p50_hao_chen_2014","GAGACACA","Riptide30",10,"2020-08-06-Flowcell Sample-Barcode list (KN02 Pool) .xlsx","NA","NA"
"00077E7C6D","p50_hao_chen_2014","AGTGGTCT","Riptide30",10,"2020-08-06-Flowcell Sample-Barcode list (KN02 Pool) .xlsx","NA","NA"
"0007A0153B","p50_hao_chen_2014","GAACTGCT","Riptide30",10,"2020-08-06-Flowcell Sample-Barcode list (KN02 Pool) .xlsx","NA","NA"
"00077E9059","p50_hao_chen_2014","CACATGTG","Riptide30",10,"2020-08-06-Flowcell Sample-Barcode list (KN02 Pool) .xlsx","NA","NA"
"0007D601AF","p50_hao_chen_2014","TGCACTAG","Riptide30",10,"2020-08-06-Flowcell Sample-Barcode list (KN02 Pool) .xlsx","NA","NA"
"00079FB269","p50_hao_chen_2014","GATCCTAG","Riptide30",10,"2020-08-06-Flowcell Sample-Barcode list (KN02 Pool) .xlsx","NA","NA"
"00078997E1","p50_hao_chen_2014","CTCATGAG","Riptide30",10,"2020-08-06-Flowcell Sample-Barcode list (KN02 Pool) .xlsx","NA","NA"
"00077E83F8","p50_hao_chen_2014","GTACTGCA","Riptide30",10,"2020-08-06-Flowcell Sample-Barcode list (KN02 Pool) .xlsx","NA","NA"
"20200121-Plate2-9A","r01_su_guo","CGTACGTA","Riptide24",4,"2020-08-06-Flowcell Sample-Barcode list (KN02 Pool) .xlsx","NA","NA"
"20200121-Plate2-1B","r01_su_guo","AGCTAGCT","Riptide24",4,"2020-08-06-Flowcell Sample-Barcode list (KN02 Pool) .xlsx","NA","NA"
"20200121-Plate2-7G","r01_su_guo","GCTTAACG","Riptide24",4,"2020-08-06-Flowcell Sample-Barcode list (KN02 Pool) .xlsx","NA","NA"
"20200121-Plate2-A11","r01_su_guo","ATCCGGTA","Riptide24",4,"2020-08-06-Flowcell Sample-Barcode list (KN02 Pool) .xlsx","NA","NA"
"20200121-Plate2-5D","r01_su_guo","TAGGCCAT","Riptide24",4,"2020-08-06-Flowcell Sample-Barcode list (KN02 Pool) .xlsx","NA","NA"
"20200121-Plate2-G12","r01_su_guo","GCTACGAT","Riptide24",4,"2020-08-06-Flowcell Sample-Barcode list (KN02 Pool) .xlsx","NA","NA"
"20200121-Plate2-7H","r01_su_guo","GATCAGCT","Riptide24",4,"2020-08-06-Flowcell Sample-Barcode list (KN02 Pool) .xlsx","NA","NA"
"20200121-Plate2-9F","r01_su_guo","AACGTTGC","Riptide24",4,"2020-08-06-Flowcell Sample-Barcode list (KN02 Pool) .xlsx","NA","NA"
"20200121-Plate2-1H","r01_su_guo","GACTTCAG","Riptide24",4,"2020-08-06-Flowcell Sample-Barcode list (KN02 Pool) .xlsx","NA","NA"
"20200121-Plate2-1G","r01_su_guo","GAGTTCAC","Riptide24",4,"2020-08-06-Flowcell Sample-Barcode list (KN02 Pool) .xlsx","NA","NA"
"20200121-Plate2-7D","r01_su_guo","GGATTAGG","Riptide24",4,"2020-08-06-Flowcell Sample-Barcode list (KN02 Pool) .xlsx","NA","NA"
"20200121-Plate2-8E","r01_su_guo","TGGTCTAG","Riptide24",4,"2020-08-06-Flowcell Sample-Barcode list (KN02 Pool) .xlsx","NA","NA"
"20200121-Plate2-4E","r01_su_guo","AGGAACGT","Riptide24",4,"2020-08-06-Flowcell Sample-Barcode list (KN02 Pool) .xlsx","NA","NA"
"20200121-Plate2-G10","r01_su_guo","AGGTAGGT","Riptide24",4,"2020-08-06-Flowcell Sample-Barcode list (KN02 Pool) .xlsx","NA","NA"
"20200121-Plate2-8A","r01_su_guo","GTACCAAC","Riptide24",4,"2020-08-06-Flowcell Sample-Barcode list (KN02 Pool) .xlsx","NA","NA"
"20200121-Plate2-9C","r01_su_guo","GACATCAC","Riptide24",4,"2020-08-06-Flowcell Sample-Barcode list (KN02 Pool) .xlsx","NA","NA"
"20200121-Plate2-2D","r01_su_guo","CTGTACAG","Riptide24",4,"2020-08-06-Flowcell Sample-Barcode list (KN02 Pool) .xlsx","NA","NA"
"20200121-Plate2-1F","r01_su_guo","CTAGAGCT","Riptide24",4,"2020-08-06-Flowcell Sample-Barcode list (KN02 Pool) .xlsx","NA","NA"
"20200121-Plate2-C11","r01_su_guo","CGTAGCAT","Riptide24",4,"2020-08-06-Flowcell Sample-Barcode list (KN02 Pool) .xlsx","NA","NA"
"20200121-Plate2-5A","r01_su_guo","TGCACAAC","Riptide24",4,"2020-08-06-Flowcell Sample-Barcode list (KN02 Pool) .xlsx","NA","NA"
"20200121-Plate2-8F","r01_su_guo","ACCAAGGA","Riptide24",4,"2020-08-06-Flowcell Sample-Barcode list (KN02 Pool) .xlsx","NA","NA"
"20200121-Plate2-C12","r01_su_guo","GCGCTATA","Riptide24",4,"2020-08-06-Flowcell Sample-Barcode list (KN02 Pool) .xlsx","NA","NA"
"20200121-Plate2-8D","r01_su_guo","GAACCATC","Riptide24",4,"2020-08-06-Flowcell Sample-Barcode list (KN02 Pool) .xlsx","NA","NA"
"20200121-Plate2-4A","r01_su_guo","CTACCATC","Riptide24",4,"2020-08-06-Flowcell Sample-Barcode list (KN02 Pool) .xlsx","NA","NA"
"20200121-Plate2-3H","r01_su_guo","CTAGCTAG","Riptide24",4,"2020-08-06-Flowcell Sample-Barcode list (KN02 Pool) .xlsx","NA","NA"
"20200121-Plate2-D10","r01_su_guo","CAGTCAGT","Riptide24",4,"2020-08-06-Flowcell Sample-Barcode list (KN02 Pool) .xlsx","NA","NA"
"20200121-Plate2-G11","r01_su_guo","GAAGTCCT","Riptide24",4,"2020-08-06-Flowcell Sample-Barcode list (KN02 Pool) .xlsx","NA","NA"
"20200121-Plate2-5F","r01_su_guo","TCGATGGT","Riptide24",4,"2020-08-06-Flowcell Sample-Barcode list (KN02 Pool) .xlsx","NA","NA"
"20200121-Plate2-5E","r01_su_guo","TCGAGTTG","Riptide24",4,"2020-08-06-Flowcell Sample-Barcode list (KN02 Pool) .xlsx","NA","NA"
"20200121-Plate2-2B","r01_su_guo","ACTGACTG","Riptide24",4,"2020-08-06-Flowcell Sample-Barcode list (KN02 Pool) .xlsx","NA","NA"
"20200121-Plate2-3C","r01_su_guo","GTGTTGAC","Riptide24",4,"2020-08-06-Flowcell Sample-Barcode list (KN02 Pool) .xlsx","NA","NA"
"20200121-Plate2-6A","r01_su_guo","CTCTACAC","Riptide24",4,"2020-08-06-Flowcell Sample-Barcode list (KN02 Pool) .xlsx","NA","NA"
"20200121-Plate2-5H","r01_su_guo","GCCGTTAA","Riptide24",4,"2020-08-06-Flowcell Sample-Barcode list (KN02 Pool) .xlsx","NA","NA"
"20200121-Plate2-5C","r01_su_guo","GTGAACAG","Riptide24",4,"2020-08-06-Flowcell Sample-Barcode list (KN02 Pool) .xlsx","NA","NA"
"20200121-Plate2-6F","r01_su_guo","ATGCATGC","Riptide24",4,"2020-08-06-Flowcell Sample-Barcode list (KN02 Pool) .xlsx","NA","NA"
"20200121-Plate2-F12","r01_su_guo","TCCAAGGT","Riptide24",4,"2020-08-06-Flowcell Sample-Barcode list (KN02 Pool) .xlsx","NA","NA"
"20200121-Plate2-3A","r01_su_guo","CTCTCAGT","Riptide24",4,"2020-08-06-Flowcell Sample-Barcode list (KN02 Pool) .xlsx","NA","NA"
"20200121-Plate2-1A","r01_su_guo","CAAGCTTG","Riptide24",4,"2020-08-06-Flowcell Sample-Barcode list (KN02 Pool) .xlsx","NA","NA"
"20200121-Plate2-4H","r01_su_guo","CCAATACG","Riptide24",4,"2020-08-06-Flowcell Sample-Barcode list (KN02 Pool) .xlsx","NA","NA"
"20200121-Plate2-E11","r01_su_guo","CTGTCAGA","Riptide24",4,"2020-08-06-Flowcell Sample-Barcode list (KN02 Pool) .xlsx","NA","NA"
"20200121-Plate2-H10","r01_su_guo","AAGGTTCC","Riptide24",4,"2020-08-06-Flowcell Sample-Barcode list (KN02 Pool) .xlsx","NA","NA"
"20200121-Plate2-2A","r01_su_guo","GGAAGCAT","Riptide24",4,"2020-08-06-Flowcell Sample-Barcode list (KN02 Pool) .xlsx","NA","NA"
"20200121-Plate2-4D","r01_su_guo","AGTGTCTG","Riptide24",4,"2020-08-06-Flowcell Sample-Barcode list (KN02 Pool) .xlsx","NA","NA"
"20200121-Plate2-2G","r01_su_guo","GCTATTCC","Riptide24",4,"2020-08-06-Flowcell Sample-Barcode list (KN02 Pool) .xlsx","NA","NA"
"20200121-Plate2-2C","r01_su_guo","TGACTGAC","Riptide24",4,"2020-08-06-Flowcell Sample-Barcode list (KN02 Pool) .xlsx","NA","NA"
"20200121-Plate2-2H","r01_su_guo","TGCACTAG","Riptide24",4,"2020-08-06-Flowcell Sample-Barcode list (KN02 Pool) .xlsx","NA","NA"
"20200121-Plate2-4G","r01_su_guo","GATCCTAG","Riptide24",4,"2020-08-06-Flowcell Sample-Barcode list (KN02 Pool) .xlsx","NA","NA"
"20200121-Plate2-B11","r01_su_guo","CTCATGAG","Riptide24",4,"2020-08-06-Flowcell Sample-Barcode list (KN02 Pool) .xlsx","NA","NA"
"20200121-Plate2-B12","r01_su_guo","GTACTGCA","Riptide24",4,"2020-08-06-Flowcell Sample-Barcode list (KN02 Pool) .xlsx","NA","NA"
"20200121-Plate2-8H","r01_su_guo","AACCTTGG","Riptide24",4,"2020-08-06-Flowcell Sample-Barcode list (KN02 Pool) .xlsx","NA","NA"
"20200121-Plate2-B10","r01_su_guo","AGCTCTAG","Riptide24",4,"2020-08-06-Flowcell Sample-Barcode list (KN02 Pool) .xlsx","NA","NA"
"20200121-Plate2-7F","r01_su_guo","TGGTACGT","Riptide24",4,"2020-08-06-Flowcell Sample-Barcode list (KN02 Pool) .xlsx","NA","NA"
"20200121-Plate2-3F","r01_su_guo","GCCGTATA","Riptide24",4,"2020-08-06-Flowcell Sample-Barcode list (KN02 Pool) .xlsx","NA","NA"
"20200121-Plate2-5B","r01_su_guo","CCATATGG","Riptide24",4,"2020-08-06-Flowcell Sample-Barcode list (KN02 Pool) .xlsx","NA","NA"
"20200121-Plate2-3E","r01_su_guo","TGGTCATG","Riptide24",4,"2020-08-06-Flowcell Sample-Barcode list (KN02 Pool) .xlsx","NA","NA"
"20200121-Plate2-D12","r01_su_guo","CCTAATCC","Riptide24",4,"2020-08-06-Flowcell Sample-Barcode list (KN02 Pool) .xlsx","NA","NA"
"20200121-Plate2-A10","r01_su_guo","TGGTGTAC","Riptide24",4,"2020-08-06-Flowcell Sample-Barcode list (KN02 Pool) .xlsx","NA","NA"
"20200121-Plate2-F11","r01_su_guo","AACCGGTT","Riptide24",4,"2020-08-06-Flowcell Sample-Barcode list (KN02 Pool) .xlsx","NA","NA"
"20200121-Plate2-1C","r01_su_guo","CAACGTAC","Riptide24",4,"2020-08-06-Flowcell Sample-Barcode list (KN02 Pool) .xlsx","NA","NA"
"20200121-Plate2-3D","r01_su_guo","GAGACAGT","Riptide24",4,"2020-08-06-Flowcell Sample-Barcode list (KN02 Pool) .xlsx","NA","NA"
"20200121-Plate2-D11","r01_su_guo","CTTCCATG","Riptide24",4,"2020-08-06-Flowcell Sample-Barcode list (KN02 Pool) .xlsx","NA","NA"
"20200121-Plate2-2F","r01_su_guo","ATCGTAGC","Riptide24",4,"2020-08-06-Flowcell Sample-Barcode list (KN02 Pool) .xlsx","NA","NA"
"20200121-Plate2-6B","r01_su_guo","CGTAGCTA","Riptide24",4,"2020-08-06-Flowcell Sample-Barcode list (KN02 Pool) .xlsx","NA","NA"
"20200121-Plate2-2E","r01_su_guo","GATGCATC","Riptide24",4,"2020-08-06-Flowcell Sample-Barcode list (KN02 Pool) .xlsx","NA","NA"
"20200121-Plate2-9H","r01_su_guo","ACCTGTTC","Riptide24",4,"2020-08-06-Flowcell Sample-Barcode list (KN02 Pool) .xlsx","NA","NA"
"20200121-Plate2-3B","r01_su_guo","CAGTTGAC","Riptide24",4,"2020-08-06-Flowcell Sample-Barcode list (KN02 Pool) .xlsx","NA","NA"
"20200121-Plate2-1E","r01_su_guo","ACTGTGAC","Riptide24",4,"2020-08-06-Flowcell Sample-Barcode list (KN02 Pool) .xlsx","NA","NA"
"20200121-Plate2-7E","r01_su_guo","CATGCTTC","Riptide24",4,"2020-08-06-Flowcell Sample-Barcode list (KN02 Pool) .xlsx","NA","NA"
"20200121-Plate2-9D","r01_su_guo","GTACAGCT","Riptide24",4,"2020-08-06-Flowcell Sample-Barcode list (KN02 Pool) .xlsx","NA","NA"
"20200121-Plate2-H12","r01_su_guo","ATCCTAGG","Riptide24",4,"2020-08-06-Flowcell Sample-Barcode list (KN02 Pool) .xlsx","NA","NA"
"20200121-Plate2-4C","r01_su_guo","GAAGCTTC","Riptide24",4,"2020-08-06-Flowcell Sample-Barcode list (KN02 Pool) .xlsx","NA","NA"
"20200121-Plate2-6H","r01_su_guo","GTGTCACA","Riptide24",4,"2020-08-06-Flowcell Sample-Barcode list (KN02 Pool) .xlsx","NA","NA"
"20200121-Plate2-9B","r01_su_guo","TACGAACC","Riptide24",4,"2020-08-06-Flowcell Sample-Barcode list (KN02 Pool) .xlsx","NA","NA"
"20200121-Plate2-C10","r01_su_guo","CACTAGAC","Riptide24",4,"2020-08-06-Flowcell Sample-Barcode list (KN02 Pool) .xlsx","NA","NA"
"20200121-Plate2-1D","r01_su_guo","CTCTCACA","Riptide24",4,"2020-08-06-Flowcell Sample-Barcode list (KN02 Pool) .xlsx","NA","NA"
"20200121-Plate2-7A","r01_su_guo","CTTCCAAC","Riptide24",4,"2020-08-06-Flowcell Sample-Barcode list (KN02 Pool) .xlsx","NA","NA"
"20200121-Plate2-E12","r01_su_guo","ACAGTCAC","Riptide24",4,"2020-08-06-Flowcell Sample-Barcode list (KN02 Pool) .xlsx","NA","NA"
"20200121-Plate2-3G","r01_su_guo","ACACGTCA","Riptide24",4,"2020-08-06-Flowcell Sample-Barcode list (KN02 Pool) .xlsx","NA","NA"
"20200121-Plate2-4B","r01_su_guo","CTTGTCCA","Riptide24",4,"2020-08-06-Flowcell Sample-Barcode list (KN02 Pool) .xlsx","NA","NA"
"20200121-Plate2-A12","r01_su_guo","TGACGTGT","Riptide24",4,"2020-08-06-Flowcell Sample-Barcode list (KN02 Pool) .xlsx","NA","NA"
"20200121-Plate2-6E","r01_su_guo","GGTTCCAA","Riptide24",4,"2020-08-06-Flowcell Sample-Barcode list (KN02 Pool) .xlsx","NA","NA"
"20200121-Plate2-6C","r01_su_guo","CAACCTAG","Riptide24",4,"2020-08-06-Flowcell Sample-Barcode list (KN02 Pool) .xlsx","NA","NA"
"20200121-Plate2-8G","r01_su_guo","TAGCTACG","Riptide24",4,"2020-08-06-Flowcell Sample-Barcode list (KN02 Pool) .xlsx","NA","NA"
"20200121-Plate2-7B","r01_su_guo","GACATCTG","Riptide24",4,"2020-08-06-Flowcell Sample-Barcode list (KN02 Pool) .xlsx","NA","NA"
"20200121-Plate2-7C","r01_su_guo","TACCATGG","Riptide24",4,"2020-08-06-Flowcell Sample-Barcode list (KN02 Pool) .xlsx","NA","NA"
"20200121-Plate2-E10","r01_su_guo","GCTTCCTA","Riptide24",4,"2020-08-06-Flowcell Sample-Barcode list (KN02 Pool) .xlsx","NA","NA"
"20200121-Plate2-9G","r01_su_guo","TGACCACA","Riptide24",4,"2020-08-06-Flowcell Sample-Barcode list (KN02 Pool) .xlsx","NA","NA"
"20200121-Plate2-9E","r01_su_guo","ACACGTGT","Riptide24",4,"2020-08-06-Flowcell Sample-Barcode list (KN02 Pool) .xlsx","NA","NA"
"20200121-Plate2-F10","r01_su_guo","GAGTTCTG","Riptide24",4,"2020-08-06-Flowcell Sample-Barcode list (KN02 Pool) .xlsx","NA","NA"
"20200121-Plate2-8B","r01_su_guo","ACCAACGT","Riptide24",4,"2020-08-06-Flowcell Sample-Barcode list (KN02 Pool) .xlsx","NA","NA"
"20200121-Plate2-4F","r01_su_guo","CGATCGAT","Riptide24",4,"2020-08-06-Flowcell Sample-Barcode list (KN02 Pool) .xlsx","NA","NA"
"20200121-Plate2-5G","r01_su_guo","ACCACATG","Riptide24",4,"2020-08-06-Flowcell Sample-Barcode list (KN02 Pool) .xlsx","NA","NA"
"20200121-Plate2-6G","r01_su_guo","GAGACACA","Riptide24",4,"2020-08-06-Flowcell Sample-Barcode list (KN02 Pool) .xlsx","NA","NA"
"20200121-Plate2-8C","r01_su_guo","AGTGGTCT","Riptide24",4,"2020-08-06-Flowcell Sample-Barcode list (KN02 Pool) .xlsx","NA","NA"
"20200121-Plate2-H11","r01_su_guo","GAACTGCT","Riptide24",4,"2020-08-06-Flowcell Sample-Barcode list (KN02 Pool) .xlsx","NA","NA"
"20200121-Plate2-6D","r01_su_guo","CACATGTG","Riptide24",4,"2020-08-06-Flowcell Sample-Barcode list (KN02 Pool) .xlsx","NA","NA"
"20200128-Plate1-G11","r01_su_guo","CGTACGTA","Riptide25",5,"2020-08-06-Flowcell Sample-Barcode list (KN02 Pool) .xlsx","NA","NA"
"20200128-Plate1-8E","r01_su_guo","AGCTAGCT","Riptide25",5,"2020-08-06-Flowcell Sample-Barcode list (KN02 Pool) .xlsx","NA","NA"
"20200128-Plate1-9B","r01_su_guo","GCTTAACG","Riptide25",5,"2020-08-06-Flowcell Sample-Barcode list (KN02 Pool) .xlsx","NA","NA"
"20200128-Plate1-C10","r01_su_guo","ATCCGGTA","Riptide25",5,"2020-08-06-Flowcell Sample-Barcode list (KN02 Pool) .xlsx","NA","NA"
"20200128-Plate1-E12","r01_su_guo","TAGGCCAT","Riptide25",5,"2020-08-06-Flowcell Sample-Barcode list (KN02 Pool) .xlsx","NA","NA"
"20200128-Plate1-3C","r01_su_guo","GCTACGAT","Riptide25",5,"2020-08-06-Flowcell Sample-Barcode list (KN02 Pool) .xlsx","NA","NA"
"20200128-Plate1-7B","r01_su_guo","GATCAGCT","Riptide25",5,"2020-08-06-Flowcell Sample-Barcode list (KN02 Pool) .xlsx","NA","NA"
"20200128-Plate1-6G","r01_su_guo","AACGTTGC","Riptide25",5,"2020-08-06-Flowcell Sample-Barcode list (KN02 Pool) .xlsx","NA","NA"
"20200128-Plate1-3B","r01_su_guo","GACTTCAG","Riptide25",5,"2020-08-06-Flowcell Sample-Barcode list (KN02 Pool) .xlsx","NA","NA"
"20200128-Plate1-3H","r01_su_guo","GAGTTCAC","Riptide25",5,"2020-08-06-Flowcell Sample-Barcode list (KN02 Pool) .xlsx","NA","NA"
"20200128-Plate1-4E","r01_su_guo","GGATTAGG","Riptide25",5,"2020-08-06-Flowcell Sample-Barcode list (KN02 Pool) .xlsx","NA","NA"
"20200128-Plate1-F12","r01_su_guo","TGGTCTAG","Riptide25",5,"2020-08-06-Flowcell Sample-Barcode list (KN02 Pool) .xlsx","NA","NA"
"20200128-Plate1-9C","r01_su_guo","AGGAACGT","Riptide25",5,"2020-08-06-Flowcell Sample-Barcode list (KN02 Pool) .xlsx","NA","NA"
"20200128-Plate1-8F","r01_su_guo","AGGTAGGT","Riptide25",5,"2020-08-06-Flowcell Sample-Barcode list (KN02 Pool) .xlsx","NA","NA"
"20200128-Plate1-3E","r01_su_guo","GTACCAAC","Riptide25",5,"2020-08-06-Flowcell Sample-Barcode list (KN02 Pool) .xlsx","NA","NA"
"20200128-Plate1-3G","r01_su_guo","GACATCAC","Riptide25",5,"2020-08-06-Flowcell Sample-Barcode list (KN02 Pool) .xlsx","NA","NA"
"20200128-Plate1-D10","r01_su_guo","CTGTACAG","Riptide25",5,"2020-08-06-Flowcell Sample-Barcode list (KN02 Pool) .xlsx","NA","NA"
"20200128-Plate1-7G","r01_su_guo","CTAGAGCT","Riptide25",5,"2020-08-06-Flowcell Sample-Barcode list (KN02 Pool) .xlsx","NA","NA"
"20200128-Plate1-6D","r01_su_guo","CGTAGCAT","Riptide25",5,"2020-08-06-Flowcell Sample-Barcode list (KN02 Pool) .xlsx","NA","NA"
"20200128-Plate1-3D","r01_su_guo","TGCACAAC","Riptide25",5,"2020-08-06-Flowcell Sample-Barcode list (KN02 Pool) .xlsx","NA","NA"
"20200128-Plate1-5G","r01_su_guo","ACCAAGGA","Riptide25",5,"2020-08-06-Flowcell Sample-Barcode list (KN02 Pool) .xlsx","NA","NA"
"20200128-Plate1-5A","r01_su_guo","GCGCTATA","Riptide25",5,"2020-08-06-Flowcell Sample-Barcode list (KN02 Pool) .xlsx","NA","NA"
"20200128-Plate1-C12","r01_su_guo","GAACCATC","Riptide25",5,"2020-08-06-Flowcell Sample-Barcode list (KN02 Pool) .xlsx","NA","NA"
"20200128-Plate1-3F","r01_su_guo","CTACCATC","Riptide25",5,"2020-08-06-Flowcell Sample-Barcode list (KN02 Pool) .xlsx","NA","NA"
"20200128-Plate1-5H","r01_su_guo","CTAGCTAG","Riptide25",5,"2020-08-06-Flowcell Sample-Barcode list (KN02 Pool) .xlsx","NA","NA"
"20200128-Plate1-7F","r01_su_guo","CAGTCAGT","Riptide25",5,"2020-08-06-Flowcell Sample-Barcode list (KN02 Pool) .xlsx","NA","NA"
"20200128-Plate1-8H","r01_su_guo","GAAGTCCT","Riptide25",5,"2020-08-06-Flowcell Sample-Barcode list (KN02 Pool) .xlsx","NA","NA"
"20200128-Plate1-6A","r01_su_guo","TCGATGGT","Riptide25",5,"2020-08-06-Flowcell Sample-Barcode list (KN02 Pool) .xlsx","NA","NA"
"20200128-Plate1-7H","r01_su_guo","TCGAGTTG","Riptide25",5,"2020-08-06-Flowcell Sample-Barcode list (KN02 Pool) .xlsx","NA","NA"
"20200128-Plate1-8B","r01_su_guo","ACTGACTG","Riptide25",5,"2020-08-06-Flowcell Sample-Barcode list (KN02 Pool) .xlsx","NA","NA"
"20200128-Plate1-H10","r01_su_guo","GTGTTGAC","Riptide25",5,"2020-08-06-Flowcell Sample-Barcode list (KN02 Pool) .xlsx","NA","NA"
"20200128-Plate1-H11","r01_su_guo","CTCTACAC","Riptide25",5,"2020-08-06-Flowcell Sample-Barcode list (KN02 Pool) .xlsx","NA","NA"
"20200128-Plate1-F11","r01_su_guo","GCCGTTAA","Riptide25",5,"2020-08-06-Flowcell Sample-Barcode list (KN02 Pool) .xlsx","NA","NA"
"20200128-Plate1-1A","r01_su_guo","GTGAACAG","Riptide25",5,"2020-08-06-Flowcell Sample-Barcode list (KN02 Pool) .xlsx","NA","NA"
"20200128-Plate1-7C","r01_su_guo","ATGCATGC","Riptide25",5,"2020-08-06-Flowcell Sample-Barcode list (KN02 Pool) .xlsx","NA","NA"
"20200128-Plate1-1C","r01_su_guo","TCCAAGGT","Riptide25",5,"2020-08-06-Flowcell Sample-Barcode list (KN02 Pool) .xlsx","NA","NA"
"20200128-Plate1-6H","r01_su_guo","CTCTCAGT","Riptide25",5,"2020-08-06-Flowcell Sample-Barcode list (KN02 Pool) .xlsx","NA","NA"
"20200128-Plate1-5E","r01_su_guo","CAAGCTTG","Riptide25",5,"2020-08-06-Flowcell Sample-Barcode list (KN02 Pool) .xlsx","NA","NA"
"20200128-Plate1-G10","r01_su_guo","CCAATACG","Riptide25",5,"2020-08-06-Flowcell Sample-Barcode list (KN02 Pool) .xlsx","NA","NA"
"20200128-Plate1-2D","r01_su_guo","CTGTCAGA","Riptide25",5,"2020-08-06-Flowcell Sample-Barcode list (KN02 Pool) .xlsx","NA","NA"
"20200128-Plate1-2A","r01_su_guo","AAGGTTCC","Riptide25",5,"2020-08-06-Flowcell Sample-Barcode list (KN02 Pool) .xlsx","NA","NA"
"20200128-Plate1-8A","r01_su_guo","GGAAGCAT","Riptide25",5,"2020-08-06-Flowcell Sample-Barcode list (KN02 Pool) .xlsx","NA","NA"
"20200128-Plate1-7D","r01_su_guo","AGTGTCTG","Riptide25",5,"2020-08-06-Flowcell Sample-Barcode list (KN02 Pool) .xlsx","NA","NA"
"20200128-Plate1-A11","r01_su_guo","GCTATTCC","Riptide25",5,"2020-08-06-Flowcell Sample-Barcode list (KN02 Pool) .xlsx","NA","NA"
"20200128-Plate1-E11","r01_su_guo","TGACTGAC","Riptide25",5,"2020-08-06-Flowcell Sample-Barcode list (KN02 Pool) .xlsx","NA","NA"
"20200128-Plate1-1H","r01_su_guo","TGCACTAG","Riptide25",5,"2020-08-06-Flowcell Sample-Barcode list (KN02 Pool) .xlsx","NA","NA"
"20200128-Plate1-4C","r01_su_guo","GATCCTAG","Riptide25",5,"2020-08-06-Flowcell Sample-Barcode list (KN02 Pool) .xlsx","NA","NA"
"20200128-Plate1-8C","r01_su_guo","CTCATGAG","Riptide25",5,"2020-08-06-Flowcell Sample-Barcode list (KN02 Pool) .xlsx","NA","NA"
"20200128-Plate1-E10","r01_su_guo","GTACTGCA","Riptide25",5,"2020-08-06-Flowcell Sample-Barcode list (KN02 Pool) .xlsx","NA","NA"
"20200128-Plate1-2E","r01_su_guo","AACCTTGG","Riptide25",5,"2020-08-06-Flowcell Sample-Barcode list (KN02 Pool) .xlsx","NA","NA"
"20200128-Plate1-H12","r01_su_guo","AGCTCTAG","Riptide25",5,"2020-08-06-Flowcell Sample-Barcode list (KN02 Pool) .xlsx","NA","NA"
"20200128-Plate1-9D","r01_su_guo","TGGTACGT","Riptide25",5,"2020-08-06-Flowcell Sample-Barcode list (KN02 Pool) .xlsx","NA","NA"
"20200128-Plate1-F10","r01_su_guo","GCCGTATA","Riptide25",5,"2020-08-06-Flowcell Sample-Barcode list (KN02 Pool) .xlsx","NA","NA"
"20200128-Plate1-B12","r01_su_guo","CCATATGG","Riptide25",5,"2020-08-06-Flowcell Sample-Barcode list (KN02 Pool) .xlsx","NA","NA"
"20200128-Plate1-1B","r01_su_guo","TGGTCATG","Riptide25",5,"2020-08-06-Flowcell Sample-Barcode list (KN02 Pool) .xlsx","NA","NA"
"20200128-Plate1-9F","r01_su_guo","CCTAATCC","Riptide25",5,"2020-08-06-Flowcell Sample-Barcode list (KN02 Pool) .xlsx","NA","NA"
"20200128-Plate1-5B","r01_su_guo","TGGTGTAC","Riptide25",5,"2020-08-06-Flowcell Sample-Barcode list (KN02 Pool) .xlsx","NA","NA"
"20200128-Plate1-4H","r01_su_guo","AACCGGTT","Riptide25",5,"2020-08-06-Flowcell Sample-Barcode list (KN02 Pool) .xlsx","NA","NA"
"20200128-Plate1-4D","r01_su_guo","CAACGTAC","Riptide25",5,"2020-08-06-Flowcell Sample-Barcode list (KN02 Pool) .xlsx","NA","NA"
"20200128-Plate1-5C","r01_su_guo","GAGACAGT","Riptide25",5,"2020-08-06-Flowcell Sample-Barcode list (KN02 Pool) .xlsx","NA","NA"
"20200128-Plate1-D12","r01_su_guo","CTTCCATG","Riptide25",5,"2020-08-06-Flowcell Sample-Barcode list (KN02 Pool) .xlsx","NA","NA"
"20200128-Plate1-B10","r01_su_guo","ATCGTAGC","Riptide25",5,"2020-08-06-Flowcell Sample-Barcode list (KN02 Pool) .xlsx","NA","NA"
"20200128-Plate1-8G","r01_su_guo","CGTAGCTA","Riptide25",5,"2020-08-06-Flowcell Sample-Barcode list (KN02 Pool) .xlsx","NA","NA"
"20200128-Plate1-C11","r01_su_guo","GATGCATC","Riptide25",5,"2020-08-06-Flowcell Sample-Barcode list (KN02 Pool) .xlsx","NA","NA"
"20200128-Plate1-6F","r01_su_guo","ACCTGTTC","Riptide25",5,"2020-08-06-Flowcell Sample-Barcode list (KN02 Pool) .xlsx","NA","NA"
"20200128-Plate1-7E","r01_su_guo","CAGTTGAC","Riptide25",5,"2020-08-06-Flowcell Sample-Barcode list (KN02 Pool) .xlsx","NA","NA"
"20200128-Plate1-6C","r01_su_guo","ACTGTGAC","Riptide25",5,"2020-08-06-Flowcell Sample-Barcode list (KN02 Pool) .xlsx","NA","NA"
"20200128-Plate1-6B","r01_su_guo","CATGCTTC","Riptide25",5,"2020-08-06-Flowcell Sample-Barcode list (KN02 Pool) .xlsx","NA","NA"
"20200128-Plate1-2F","r01_su_guo","GTACAGCT","Riptide25",5,"2020-08-06-Flowcell Sample-Barcode list (KN02 Pool) .xlsx","NA","NA"
"20200128-Plate1-2H","r01_su_guo","ATCCTAGG","Riptide25",5,"2020-08-06-Flowcell Sample-Barcode list (KN02 Pool) .xlsx","NA","NA"
"20200128-Plate1-9A","r01_su_guo","GAAGCTTC","Riptide25",5,"2020-08-06-Flowcell Sample-Barcode list (KN02 Pool) .xlsx","NA","NA"
"20200128-Plate1-4B","r01_su_guo","GTGTCACA","Riptide25",5,"2020-08-06-Flowcell Sample-Barcode list (KN02 Pool) .xlsx","NA","NA"
"20200128-Plate1-5D","r01_su_guo","TACGAACC","Riptide25",5,"2020-08-06-Flowcell Sample-Barcode list (KN02 Pool) .xlsx","NA","NA"
"20200128-Plate1-D11","r01_su_guo","CACTAGAC","Riptide25",5,"2020-08-06-Flowcell Sample-Barcode list (KN02 Pool) .xlsx","NA","NA"
"20200128-Plate1-8D","r01_su_guo","CTCTCACA","Riptide25",5,"2020-08-06-Flowcell Sample-Barcode list (KN02 Pool) .xlsx","NA","NA"
"20200128-Plate1-4G","r01_su_guo","CTTCCAAC","Riptide25",5,"2020-08-06-Flowcell Sample-Barcode list (KN02 Pool) .xlsx","NA","NA"
"20200128-Plate1-G12","r01_su_guo","ACAGTCAC","Riptide25",5,"2020-08-06-Flowcell Sample-Barcode list (KN02 Pool) .xlsx","NA","NA"
"20200128-Plate1-5F","r01_su_guo","ACACGTCA","Riptide25",5,"2020-08-06-Flowcell Sample-Barcode list (KN02 Pool) .xlsx","NA","NA"
"20200128-Plate1-A10","r01_su_guo","CTTGTCCA","Riptide25",5,"2020-08-06-Flowcell Sample-Barcode list (KN02 Pool) .xlsx","NA","NA"
"20200128-Plate1-A12","r01_su_guo","TGACGTGT","Riptide25",5,"2020-08-06-Flowcell Sample-Barcode list (KN02 Pool) .xlsx","NA","NA"
"20200128-Plate1-6E","r01_su_guo","GGTTCCAA","Riptide25",5,"2020-08-06-Flowcell Sample-Barcode list (KN02 Pool) .xlsx","NA","NA"
"20200128-Plate1-9G","r01_su_guo","CAACCTAG","Riptide25",5,"2020-08-06-Flowcell Sample-Barcode list (KN02 Pool) .xlsx","NA","NA"
"20200128-Plate1-2G","r01_su_guo","TAGCTACG","Riptide25",5,"2020-08-06-Flowcell Sample-Barcode list (KN02 Pool) .xlsx","NA","NA"
"20200128-Plate1-1G","r01_su_guo","GACATCTG","Riptide25",5,"2020-08-06-Flowcell Sample-Barcode list (KN02 Pool) .xlsx","NA","NA"
"20200128-Plate1-3A","r01_su_guo","TACCATGG","Riptide25",5,"2020-08-06-Flowcell Sample-Barcode list (KN02 Pool) .xlsx","NA","NA"
"20200128-Plate1-B11","r01_su_guo","GCTTCCTA","Riptide25",5,"2020-08-06-Flowcell Sample-Barcode list (KN02 Pool) .xlsx","NA","NA"
"20200128-Plate1-2C","r01_su_guo","TGACCACA","Riptide25",5,"2020-08-06-Flowcell Sample-Barcode list (KN02 Pool) .xlsx","NA","NA"
"20200128-Plate1-9H","r01_su_guo","ACACGTGT","Riptide25",5,"2020-08-06-Flowcell Sample-Barcode list (KN02 Pool) .xlsx","NA","NA"
"20200128-Plate1-1F","r01_su_guo","GAGTTCTG","Riptide25",5,"2020-08-06-Flowcell Sample-Barcode list (KN02 Pool) .xlsx","NA","NA"
"20200128-Plate1-1E","r01_su_guo","ACCAACGT","Riptide25",5,"2020-08-06-Flowcell Sample-Barcode list (KN02 Pool) .xlsx","NA","NA"
"20200128-Plate1-4F","r01_su_guo","CGATCGAT","Riptide25",5,"2020-08-06-Flowcell Sample-Barcode list (KN02 Pool) .xlsx","NA","NA"
"20200128-Plate1-2B","r01_su_guo","ACCACATG","Riptide25",5,"2020-08-06-Flowcell Sample-Barcode list (KN02 Pool) .xlsx","NA","NA"
"20200128-Plate1-4A","r01_su_guo","GAGACACA","Riptide25",5,"2020-08-06-Flowcell Sample-Barcode list (KN02 Pool) .xlsx","NA","NA"
"20200128-Plate1-9E","r01_su_guo","AGTGGTCT","Riptide25",5,"2020-08-06-Flowcell Sample-Barcode list (KN02 Pool) .xlsx","NA","NA"
"20200128-Plate1-1D","r01_su_guo","GAACTGCT","Riptide25",5,"2020-08-06-Flowcell Sample-Barcode list (KN02 Pool) .xlsx","NA","NA"
"20200128-Plate1-7A","r01_su_guo","CACATGTG","Riptide25",5,"2020-08-06-Flowcell Sample-Barcode list (KN02 Pool) .xlsx","NA","NA"
"20200128- Plate 2-7D","r01_su_guo","CGTACGTA","Riptide26",6,"2020-08-06-Flowcell Sample-Barcode list (KN02 Pool) .xlsx","NA","NA"
"20200128- Plate 2-9E","r01_su_guo","AGCTAGCT","Riptide26",6,"2020-08-06-Flowcell Sample-Barcode list (KN02 Pool) .xlsx","NA","NA"
"20200128- Plate 2-5A","r01_su_guo","GCTTAACG","Riptide26",6,"2020-08-06-Flowcell Sample-Barcode list (KN02 Pool) .xlsx","NA","NA"
"20200128- Plate 2-2E","r01_su_guo","ATCCGGTA","Riptide26",6,"2020-08-06-Flowcell Sample-Barcode list (KN02 Pool) .xlsx","NA","NA"
"20200128- Plate 2-E11","r01_su_guo","TAGGCCAT","Riptide26",6,"2020-08-06-Flowcell Sample-Barcode list (KN02 Pool) .xlsx","NA","NA"
"20200128- Plate 2-6A","r01_su_guo","GCTACGAT","Riptide26",6,"2020-08-06-Flowcell Sample-Barcode list (KN02 Pool) .xlsx","NA","NA"
"20200128- Plate 2-1A","r01_su_guo","GATCAGCT","Riptide26",6,"2020-08-06-Flowcell Sample-Barcode list (KN02 Pool) .xlsx","NA","NA"
"20200128- Plate 2-4B","r01_su_guo","AACGTTGC","Riptide26",6,"2020-08-06-Flowcell Sample-Barcode list (KN02 Pool) .xlsx","NA","NA"
"20200128- Plate 2-5C","r01_su_guo","GACTTCAG","Riptide26",6,"2020-08-06-Flowcell Sample-Barcode list (KN02 Pool) .xlsx","NA","NA"
"20200128- Plate 2-6D","r01_su_guo","GAGTTCAC","Riptide26",6,"2020-08-06-Flowcell Sample-Barcode list (KN02 Pool) .xlsx","NA","NA"
"20200128- Plate 2-1F","r01_su_guo","GGATTAGG","Riptide26",6,"2020-08-06-Flowcell Sample-Barcode list (KN02 Pool) .xlsx","NA","NA"
"20200128- Plate 2-8F","r01_su_guo","TGGTCTAG","Riptide26",6,"2020-08-06-Flowcell Sample-Barcode list (KN02 Pool) .xlsx","NA","NA"
"20200128- Plate 2-8G","r01_su_guo","AGGAACGT","Riptide26",6,"2020-08-06-Flowcell Sample-Barcode list (KN02 Pool) .xlsx","NA","NA"
"20200128- Plate 2-4E","r01_su_guo","AGGTAGGT","Riptide26",6,"2020-08-06-Flowcell Sample-Barcode list (KN02 Pool) .xlsx","NA","NA"
"20200128- Plate 2-A11","r01_su_guo","GTACCAAC","Riptide26",6,"2020-08-06-Flowcell Sample-Barcode list (KN02 Pool) .xlsx","NA","NA"
"20200128- Plate 2-7E","r01_su_guo","GACATCAC","Riptide26",6,"2020-08-06-Flowcell Sample-Barcode list (KN02 Pool) .xlsx","NA","NA"
"20200128- Plate 2-9F","r01_su_guo","CTGTACAG","Riptide26",6,"2020-08-06-Flowcell Sample-Barcode list (KN02 Pool) .xlsx","NA","NA"
"20200128- Plate 2-1D","r01_su_guo","CTAGAGCT","Riptide26",6,"2020-08-06-Flowcell Sample-Barcode list (KN02 Pool) .xlsx","NA","NA"
"20200128- Plate 2-3C","r01_su_guo","CGTAGCAT","Riptide26",6,"2020-08-06-Flowcell Sample-Barcode list (KN02 Pool) .xlsx","NA","NA"
"20200128- Plate 2-5G","r01_su_guo","TGCACAAC","Riptide26",6,"2020-08-06-Flowcell Sample-Barcode list (KN02 Pool) .xlsx","NA","NA"
"20200128- Plate 2-B10","r01_su_guo","ACCAAGGA","Riptide26",6,"2020-08-06-Flowcell Sample-Barcode list (KN02 Pool) .xlsx","NA","NA"
"20200128- Plate 2-1E","r01_su_guo","GCGCTATA","Riptide26",6,"2020-08-06-Flowcell Sample-Barcode list (KN02 Pool) .xlsx","NA","NA"
"20200128- Plate 2-G12","r01_su_guo","GAACCATC","Riptide26",6,"2020-08-06-Flowcell Sample-Barcode list (KN02 Pool) .xlsx","NA","NA"
"20200128- Plate 2-F12","r01_su_guo","CTACCATC","Riptide26",6,"2020-08-06-Flowcell Sample-Barcode list (KN02 Pool) .xlsx","NA","NA"
"20200128- Plate 2-3A","r01_su_guo","CTAGCTAG","Riptide26",6,"2020-08-06-Flowcell Sample-Barcode list (KN02 Pool) .xlsx","NA","NA"
"20200128- Plate 2-G11","r01_su_guo","CAGTCAGT","Riptide26",6,"2020-08-06-Flowcell Sample-Barcode list (KN02 Pool) .xlsx","NA","NA"
"20200128- Plate 2-5D","r01_su_guo","GAAGTCCT","Riptide26",6,"2020-08-06-Flowcell Sample-Barcode list (KN02 Pool) .xlsx","NA","NA"
"20200128- Plate 2-9A","r01_su_guo","TCGATGGT","Riptide26",6,"2020-08-06-Flowcell Sample-Barcode list (KN02 Pool) .xlsx","NA","NA"
"20200128- Plate 2-1B","r01_su_guo","TCGAGTTG","Riptide26",6,"2020-08-06-Flowcell Sample-Barcode list (KN02 Pool) .xlsx","NA","NA"
"20200128- Plate 2-8A","r01_su_guo","ACTGACTG","Riptide26",6,"2020-08-06-Flowcell Sample-Barcode list (KN02 Pool) .xlsx","NA","NA"
"20200128- Plate 2-9D","r01_su_guo","GTGTTGAC","Riptide26",6,"2020-08-06-Flowcell Sample-Barcode list (KN02 Pool) .xlsx","NA","NA"
"20200128- Plate 2-7A","r01_su_guo","CTCTACAC","Riptide26",6,"2020-08-06-Flowcell Sample-Barcode list (KN02 Pool) .xlsx","NA","NA"
"20200128- Plate 2-6F","r01_su_guo","GCCGTTAA","Riptide26",6,"2020-08-06-Flowcell Sample-Barcode list (KN02 Pool) .xlsx","NA","NA"
"20200128- Plate 2-9C","r01_su_guo","GTGAACAG","Riptide26",6,"2020-08-06-Flowcell Sample-Barcode list (KN02 Pool) .xlsx","NA","NA"
"20200128- Plate 2-2B","r01_su_guo","ATGCATGC","Riptide26",6,"2020-08-06-Flowcell Sample-Barcode list (KN02 Pool) .xlsx","NA","NA"
"20200128- Plate 2-4H","r01_su_guo","TCCAAGGT","Riptide26",6,"2020-08-06-Flowcell Sample-Barcode list (KN02 Pool) .xlsx","NA","NA"
"20200128- Plate 2-C12","r01_su_guo","CTCTCAGT","Riptide26",6,"2020-08-06-Flowcell Sample-Barcode list (KN02 Pool) .xlsx","NA","NA"
"20200128- Plate 2-A12","r01_su_guo","CAAGCTTG","Riptide26",6,"2020-08-06-Flowcell Sample-Barcode list (KN02 Pool) .xlsx","NA","NA"
"20200128- Plate 2-7B","r01_su_guo","CCAATACG","Riptide26",6,"2020-08-06-Flowcell Sample-Barcode list (KN02 Pool) .xlsx","NA","NA"
"20200128- Plate 2-8D","r01_su_guo","CTGTCAGA","Riptide26",6,"2020-08-06-Flowcell Sample-Barcode list (KN02 Pool) .xlsx","NA","NA"
"20200128- Plate 2-1C","r01_su_guo","AAGGTTCC","Riptide26",6,"2020-08-06-Flowcell Sample-Barcode list (KN02 Pool) .xlsx","NA","NA"
"20200128- Plate 2-7G","r01_su_guo","GGAAGCAT","Riptide26",6,"2020-08-06-Flowcell Sample-Barcode list (KN02 Pool) .xlsx","NA","NA"
"20200128- Plate 2-H11","r01_su_guo","AGTGTCTG","Riptide26",6,"2020-08-06-Flowcell Sample-Barcode list (KN02 Pool) .xlsx","NA","NA"
"20200128- Plate 2-3D","r01_su_guo","GCTATTCC","Riptide26",6,"2020-08-06-Flowcell Sample-Barcode list (KN02 Pool) .xlsx","NA","NA"
"20200128- Plate 2-G10","r01_su_guo","TGACTGAC","Riptide26",6,"2020-08-06-Flowcell Sample-Barcode list (KN02 Pool) .xlsx","NA","NA"
"20200128- Plate 2-6C","r01_su_guo","TGCACTAG","Riptide26",6,"2020-08-06-Flowcell Sample-Barcode list (KN02 Pool) .xlsx","NA","NA"
"20200128- Plate 2-4C","r01_su_guo","GATCCTAG","Riptide26",6,"2020-08-06-Flowcell Sample-Barcode list (KN02 Pool) .xlsx","NA","NA"
"20200128- Plate 2-2H","r01_su_guo","CTCATGAG","Riptide26",6,"2020-08-06-Flowcell Sample-Barcode list (KN02 Pool) .xlsx","NA","NA"
"20200128- Plate 2-B12","r01_su_guo","GTACTGCA","Riptide26",6,"2020-08-06-Flowcell Sample-Barcode list (KN02 Pool) .xlsx","NA","NA"
"20200128- Plate 2-8H","r01_su_guo","AACCTTGG","Riptide26",6,"2020-08-06-Flowcell Sample-Barcode list (KN02 Pool) .xlsx","NA","NA"
"20200128- Plate 2-3G","r01_su_guo","AGCTCTAG","Riptide26",6,"2020-08-06-Flowcell Sample-Barcode list (KN02 Pool) .xlsx","NA","NA"
"20200128- Plate 2-5E","r01_su_guo","TGGTACGT","Riptide26",6,"2020-08-06-Flowcell Sample-Barcode list (KN02 Pool) .xlsx","NA","NA"
"20200128- Plate 2-9B","r01_su_guo","GCCGTATA","Riptide26",6,"2020-08-06-Flowcell Sample-Barcode list (KN02 Pool) .xlsx","NA","NA"
"20200128- Plate 2-2D","r01_su_guo","CCATATGG","Riptide26",6,"2020-08-06-Flowcell Sample-Barcode list (KN02 Pool) .xlsx","NA","NA"
"20200128- Plate 2-4G","r01_su_guo","TGGTCATG","Riptide26",6,"2020-08-06-Flowcell Sample-Barcode list (KN02 Pool) .xlsx","NA","NA"
"20200128- Plate 2-D11","r01_su_guo","CCTAATCC","Riptide26",6,"2020-08-06-Flowcell Sample-Barcode list (KN02 Pool) .xlsx","NA","NA"
"20200128- Plate 2-H12","r01_su_guo","TGGTGTAC","Riptide26",6,"2020-08-06-Flowcell Sample-Barcode list (KN02 Pool) .xlsx","NA","NA"
"20200128- Plate 2-C10","r01_su_guo","AACCGGTT","Riptide26",6,"2020-08-06-Flowcell Sample-Barcode list (KN02 Pool) .xlsx","NA","NA"
"20200128- Plate 2-2G","r01_su_guo","CAACGTAC","Riptide26",6,"2020-08-06-Flowcell Sample-Barcode list (KN02 Pool) .xlsx","NA","NA"
"20200128- Plate 2-A10","r01_su_guo","GAGACAGT","Riptide26",6,"2020-08-06-Flowcell Sample-Barcode list (KN02 Pool) .xlsx","NA","NA"
"20200128- Plate 2-3F","r01_su_guo","CTTCCATG","Riptide26",6,"2020-08-06-Flowcell Sample-Barcode list (KN02 Pool) .xlsx","NA","NA"
"20200128- Plate 2-6E","r01_su_guo","ATCGTAGC","Riptide26",6,"2020-08-06-Flowcell Sample-Barcode list (KN02 Pool) .xlsx","NA","NA"
"20200128- Plate 2-C11","r01_su_guo","CGTAGCTA","Riptide26",6,"2020-08-06-Flowcell Sample-Barcode list (KN02 Pool) .xlsx","NA","NA"
"20200128- Plate 2-2F","r01_su_guo","GATGCATC","Riptide26",6,"2020-08-06-Flowcell Sample-Barcode list (KN02 Pool) .xlsx","NA","NA"
"20200128- Plate 2-H10","r01_su_guo","ACCTGTTC","Riptide26",6,"2020-08-06-Flowcell Sample-Barcode list (KN02 Pool) .xlsx","NA","NA"
"20200128- Plate 2-9G","r01_su_guo","CAGTTGAC","Riptide26",6,"2020-08-06-Flowcell Sample-Barcode list (KN02 Pool) .xlsx","NA","NA"
"20200128- Plate 2-5F","r01_su_guo","ACTGTGAC","Riptide26",6,"2020-08-06-Flowcell Sample-Barcode list (KN02 Pool) .xlsx","NA","NA"
"20200128- Plate 2-3H","r01_su_guo","CATGCTTC","Riptide26",6,"2020-08-06-Flowcell Sample-Barcode list (KN02 Pool) .xlsx","NA","NA"
"20200128- Plate 2-E10","r01_su_guo","GTACAGCT","Riptide26",6,"2020-08-06-Flowcell Sample-Barcode list (KN02 Pool) .xlsx","NA","NA"
"20200128- Plate 2-F11","r01_su_guo","ATCCTAGG","Riptide26",6,"2020-08-06-Flowcell Sample-Barcode list (KN02 Pool) .xlsx","NA","NA"
"20200128- Plate 2-1H","r01_su_guo","GAAGCTTC","Riptide26",6,"2020-08-06-Flowcell Sample-Barcode list (KN02 Pool) .xlsx","NA","NA"
"20200128- Plate 2-F10","r01_su_guo","GTGTCACA","Riptide26",6,"2020-08-06-Flowcell Sample-Barcode list (KN02 Pool) .xlsx","NA","NA"
"20200128- Plate 2-7H","r01_su_guo","TACGAACC","Riptide26",6,"2020-08-06-Flowcell Sample-Barcode list (KN02 Pool) .xlsx","NA","NA"
"20200128- Plate 2-3B","r01_su_guo","CACTAGAC","Riptide26",6,"2020-08-06-Flowcell Sample-Barcode list (KN02 Pool) .xlsx","NA","NA"
"20200128- Plate 2-6G","r01_su_guo","CTCTCACA","Riptide26",6,"2020-08-06-Flowcell Sample-Barcode list (KN02 Pool) .xlsx","NA","NA"
"20200128- Plate 2-5H","r01_su_guo","CTTCCAAC","Riptide26",6,"2020-08-06-Flowcell Sample-Barcode list (KN02 Pool) .xlsx","NA","NA"
"20200128- Plate 2-6H","r01_su_guo","ACAGTCAC","Riptide26",6,"2020-08-06-Flowcell Sample-Barcode list (KN02 Pool) .xlsx","NA","NA"
"20200128- Plate 2-2C","r01_su_guo","ACACGTCA","Riptide26",6,"2020-08-06-Flowcell Sample-Barcode list (KN02 Pool) .xlsx","NA","NA"
"20200128- Plate 2-4F","r01_su_guo","CTTGTCCA","Riptide26",6,"2020-08-06-Flowcell Sample-Barcode list (KN02 Pool) .xlsx","NA","NA"
"20200128- Plate 2-6B","r01_su_guo","TGACGTGT","Riptide26",6,"2020-08-06-Flowcell Sample-Barcode list (KN02 Pool) .xlsx","NA","NA"
"20200128- Plate 2-B11","r01_su_guo","GGTTCCAA","Riptide26",6,"2020-08-06-Flowcell Sample-Barcode list (KN02 Pool) .xlsx","NA","NA"
"20200128- Plate 2-7F","r01_su_guo","CAACCTAG","Riptide26",6,"2020-08-06-Flowcell Sample-Barcode list (KN02 Pool) .xlsx","NA","NA"
"20200128- Plate 2-8E","r01_su_guo","TAGCTACG","Riptide26",6,"2020-08-06-Flowcell Sample-Barcode list (KN02 Pool) .xlsx","NA","NA"
"20200128- Plate 2-2A","r01_su_guo","GACATCTG","Riptide26",6,"2020-08-06-Flowcell Sample-Barcode list (KN02 Pool) .xlsx","NA","NA"
"20200128- Plate 2-8C","r01_su_guo","TACCATGG","Riptide26",6,"2020-08-06-Flowcell Sample-Barcode list (KN02 Pool) .xlsx","NA","NA"
"20200128- Plate 2-4D","r01_su_guo","GCTTCCTA","Riptide26",6,"2020-08-06-Flowcell Sample-Barcode list (KN02 Pool) .xlsx","NA","NA"
"20200128- Plate 2-9H","r01_su_guo","TGACCACA","Riptide26",6,"2020-08-06-Flowcell Sample-Barcode list (KN02 Pool) .xlsx","NA","NA"
"20200128- Plate 2-8B","r01_su_guo","ACACGTGT","Riptide26",6,"2020-08-06-Flowcell Sample-Barcode list (KN02 Pool) .xlsx","NA","NA"
"20200128- Plate 2-7C","r01_su_guo","GAGTTCTG","Riptide26",6,"2020-08-06-Flowcell Sample-Barcode list (KN02 Pool) .xlsx","NA","NA"
"20200128- Plate 2-4A","r01_su_guo","ACCAACGT","Riptide26",6,"2020-08-06-Flowcell Sample-Barcode list (KN02 Pool) .xlsx","NA","NA"
"20200128- Plate 2-3E","r01_su_guo","CGATCGAT","Riptide26",6,"2020-08-06-Flowcell Sample-Barcode list (KN02 Pool) .xlsx","NA","NA"
"20200128- Plate 2-D10","r01_su_guo","ACCACATG","Riptide26",6,"2020-08-06-Flowcell Sample-Barcode list (KN02 Pool) .xlsx","NA","NA"
"20200128- Plate 2-D12","r01_su_guo","GAGACACA","Riptide26",6,"2020-08-06-Flowcell Sample-Barcode list (KN02 Pool) .xlsx","NA","NA"
"20200128- Plate 2-E12","r01_su_guo","AGTGGTCT","Riptide26",6,"2020-08-06-Flowcell Sample-Barcode list (KN02 Pool) .xlsx","NA","NA"
"20200128- Plate 2-1G","r01_su_guo","GAACTGCT","Riptide26",6,"2020-08-06-Flowcell Sample-Barcode list (KN02 Pool) .xlsx","NA","NA"
"20200128- Plate 2-5B","r01_su_guo","CACATGTG","Riptide26",6,"2020-08-06-Flowcell Sample-Barcode list (KN02 Pool) .xlsx","NA","NA"
"20200204-Plate2-4A","r01_su_guo","CGTACGTA","Riptide27",7,"2020-08-06-Flowcell Sample-Barcode list (KN02 Pool) .xlsx","NA","NA"
"20200204-Plate2-6E","r01_su_guo","AGCTAGCT","Riptide27",7,"2020-08-06-Flowcell Sample-Barcode list (KN02 Pool) .xlsx","NA","NA"
"20200204-Plate2-1B","r01_su_guo","GCTTAACG","Riptide27",7,"2020-08-06-Flowcell Sample-Barcode list (KN02 Pool) .xlsx","NA","NA"
"20200204-Plate2-9B","r01_su_guo","ATCCGGTA","Riptide27",7,"2020-08-06-Flowcell Sample-Barcode list (KN02 Pool) .xlsx","NA","NA"
"20200204-Plate2-A11","r01_su_guo","TAGGCCAT","Riptide27",7,"2020-08-06-Flowcell Sample-Barcode list (KN02 Pool) .xlsx","NA","NA"
"20200204-Plate2-8D","r01_su_guo","GCTACGAT","Riptide27",7,"2020-08-06-Flowcell Sample-Barcode list (KN02 Pool) .xlsx","NA","NA"
"20200204-Plate2-6H","r01_su_guo","GATCAGCT","Riptide27",7,"2020-08-06-Flowcell Sample-Barcode list (KN02 Pool) .xlsx","NA","NA"
"20200204-Plate2-G11","r01_su_guo","AACGTTGC","Riptide27",7,"2020-08-06-Flowcell Sample-Barcode list (KN02 Pool) .xlsx","NA","NA"
"20200204-Plate2-A12","r01_su_guo","GACTTCAG","Riptide27",7,"2020-08-06-Flowcell Sample-Barcode list (KN02 Pool) .xlsx","NA","NA"
"20200204-Plate2-2D","r01_su_guo","GAGTTCAC","Riptide27",7,"2020-08-06-Flowcell Sample-Barcode list (KN02 Pool) .xlsx","NA","NA"
"20200204-Plate2-4C","r01_su_guo","GGATTAGG","Riptide27",7,"2020-08-06-Flowcell Sample-Barcode list (KN02 Pool) .xlsx","NA","NA"
"20200204-Plate2-5C","r01_su_guo","TGGTCTAG","Riptide27",7,"2020-08-06-Flowcell Sample-Barcode list (KN02 Pool) .xlsx","NA","NA"
"20200204-Plate2-B11","r01_su_guo","AGGAACGT","Riptide27",7,"2020-08-06-Flowcell Sample-Barcode list (KN02 Pool) .xlsx","NA","NA"
"20200204-Plate2-E10","r01_su_guo","AGGTAGGT","Riptide27",7,"2020-08-06-Flowcell Sample-Barcode list (KN02 Pool) .xlsx","NA","NA"
"20200204-Plate2-6B","r01_su_guo","GTACCAAC","Riptide27",7,"2020-08-06-Flowcell Sample-Barcode list (KN02 Pool) .xlsx","NA","NA"
"20200204-Plate2-7A","r01_su_guo","GACATCAC","Riptide27",7,"2020-08-06-Flowcell Sample-Barcode list (KN02 Pool) .xlsx","NA","NA"
"20200204-Plate2-7G","r01_su_guo","CTGTACAG","Riptide27",7,"2020-08-06-Flowcell Sample-Barcode list (KN02 Pool) .xlsx","NA","NA"
"20200204-Plate2-6F","r01_su_guo","CTAGAGCT","Riptide27",7,"2020-08-06-Flowcell Sample-Barcode list (KN02 Pool) .xlsx","NA","NA"
"20200204-Plate2-8G","r01_su_guo","CGTAGCAT","Riptide27",7,"2020-08-06-Flowcell Sample-Barcode list (KN02 Pool) .xlsx","NA","NA"
"20200204-Plate2-7F","r01_su_guo","TGCACAAC","Riptide27",7,"2020-08-06-Flowcell Sample-Barcode list (KN02 Pool) .xlsx","NA","NA"
"20200204-Plate2-3D","r01_su_guo","ACCAAGGA","Riptide27",7,"2020-08-06-Flowcell Sample-Barcode list (KN02 Pool) .xlsx","NA","NA"
"20200204-Plate2-5E","r01_su_guo","GCGCTATA","Riptide27",7,"2020-08-06-Flowcell Sample-Barcode list (KN02 Pool) .xlsx","NA","NA"
"20200204-Plate2-8F","r01_su_guo","GAACCATC","Riptide27",7,"2020-08-06-Flowcell Sample-Barcode list (KN02 Pool) .xlsx","NA","NA"
"20200204-Plate2-1G","r01_su_guo","CTACCATC","Riptide27",7,"2020-08-06-Flowcell Sample-Barcode list (KN02 Pool) .xlsx","NA","NA"
"20200204-Plate2-1A","r01_su_guo","CTAGCTAG","Riptide27",7,"2020-08-06-Flowcell Sample-Barcode list (KN02 Pool) .xlsx","NA","NA"
"20200204-Plate2-3F","r01_su_guo","CAGTCAGT","Riptide27",7,"2020-08-06-Flowcell Sample-Barcode list (KN02 Pool) .xlsx","NA","NA"
"20200204-Plate2-5F","r01_su_guo","GAAGTCCT","Riptide27",7,"2020-08-06-Flowcell Sample-Barcode list (KN02 Pool) .xlsx","NA","NA"
"20200204-Plate2-6D","r01_su_guo","TCGATGGT","Riptide27",7,"2020-08-06-Flowcell Sample-Barcode list (KN02 Pool) .xlsx","NA","NA"
"20200204-Plate2-2C","r01_su_guo","TCGAGTTG","Riptide27",7,"2020-08-06-Flowcell Sample-Barcode list (KN02 Pool) .xlsx","NA","NA"
"20200204-Plate2-2G","r01_su_guo","ACTGACTG","Riptide27",7,"2020-08-06-Flowcell Sample-Barcode list (KN02 Pool) .xlsx","NA","NA"
"20200204-Plate2-1C","r01_su_guo","GTGTTGAC","Riptide27",7,"2020-08-06-Flowcell Sample-Barcode list (KN02 Pool) .xlsx","NA","NA"
"20200204-Plate2-3E","r01_su_guo","CTCTACAC","Riptide27",7,"2020-08-06-Flowcell Sample-Barcode list (KN02 Pool) .xlsx","NA","NA"
"20200204-Plate2-1E","r01_su_guo","GCCGTTAA","Riptide27",7,"2020-08-06-Flowcell Sample-Barcode list (KN02 Pool) .xlsx","NA","NA"
"20200204-Plate2-1H","r01_su_guo","GTGAACAG","Riptide27",7,"2020-08-06-Flowcell Sample-Barcode list (KN02 Pool) .xlsx","NA","NA"
"20200204-Plate2-9D","r01_su_guo","ATGCATGC","Riptide27",7,"2020-08-06-Flowcell Sample-Barcode list (KN02 Pool) .xlsx","NA","NA"
"20200204-Plate2-C12","r01_su_guo","TCCAAGGT","Riptide27",7,"2020-08-06-Flowcell Sample-Barcode list (KN02 Pool) .xlsx","NA","NA"
"20200204-Plate2-4B","r01_su_guo","CTCTCAGT","Riptide27",7,"2020-08-06-Flowcell Sample-Barcode list (KN02 Pool) .xlsx","NA","NA"
"20200204-Plate2-8B","r01_su_guo","CAAGCTTG","Riptide27",7,"2020-08-06-Flowcell Sample-Barcode list (KN02 Pool) .xlsx","NA","NA"
"20200204-Plate2-7E","r01_su_guo","CCAATACG","Riptide27",7,"2020-08-06-Flowcell Sample-Barcode list (KN02 Pool) .xlsx","NA","NA"
"20200204-Plate2-D11","r01_su_guo","CTGTCAGA","Riptide27",7,"2020-08-06-Flowcell Sample-Barcode list (KN02 Pool) .xlsx","NA","NA"
"20200204-Plate2-2B","r01_su_guo","AAGGTTCC","Riptide27",7,"2020-08-06-Flowcell Sample-Barcode list (KN02 Pool) .xlsx","NA","NA"
"20200204-Plate2-3H","r01_su_guo","GGAAGCAT","Riptide27",7,"2020-08-06-Flowcell Sample-Barcode list (KN02 Pool) .xlsx","NA","NA"
"20200204-Plate2-4F","r01_su_guo","AGTGTCTG","Riptide27",7,"2020-08-06-Flowcell Sample-Barcode list (KN02 Pool) .xlsx","NA","NA"
"20200204-Plate2-9E","r01_su_guo","GCTATTCC","Riptide27",7,"2020-08-06-Flowcell Sample-Barcode list (KN02 Pool) .xlsx","NA","NA"
"20200204-Plate2-3G","r01_su_guo","TGACTGAC","Riptide27",7,"2020-08-06-Flowcell Sample-Barcode list (KN02 Pool) .xlsx","NA","NA"
"20200204-Plate2-F10","r01_su_guo","TGCACTAG","Riptide27",7,"2020-08-06-Flowcell Sample-Barcode list (KN02 Pool) .xlsx","NA","NA"
"20200204-Plate2-7H","r01_su_guo","GATCCTAG","Riptide27",7,"2020-08-06-Flowcell Sample-Barcode list (KN02 Pool) .xlsx","NA","NA"
"20200204-Plate2-8C","r01_su_guo","CTCATGAG","Riptide27",7,"2020-08-06-Flowcell Sample-Barcode list (KN02 Pool) .xlsx","NA","NA"
"20200204-Plate2-G12","r01_su_guo","GTACTGCA","Riptide27",7,"2020-08-06-Flowcell Sample-Barcode list (KN02 Pool) .xlsx","NA","NA"
"20200204-Plate2-D10","r01_su_guo","AACCTTGG","Riptide27",7,"2020-08-06-Flowcell Sample-Barcode list (KN02 Pool) .xlsx","NA","NA"
"20200204-Plate2-E11","r01_su_guo","AGCTCTAG","Riptide27",7,"2020-08-06-Flowcell Sample-Barcode list (KN02 Pool) .xlsx","NA","NA"
"20200204-Plate2-F11","r01_su_guo","TGGTACGT","Riptide27",7,"2020-08-06-Flowcell Sample-Barcode list (KN02 Pool) .xlsx","NA","NA"
"20200204-Plate2-A10","r01_su_guo","GCCGTATA","Riptide27",7,"2020-08-06-Flowcell Sample-Barcode list (KN02 Pool) .xlsx","NA","NA"
"20200204-Plate2-5A","r01_su_guo","CCATATGG","Riptide27",7,"2020-08-06-Flowcell Sample-Barcode list (KN02 Pool) .xlsx","NA","NA"
"20200204-Plate2-4G","r01_su_guo","TGGTCATG","Riptide27",7,"2020-08-06-Flowcell Sample-Barcode list (KN02 Pool) .xlsx","NA","NA"
"20200204-Plate2-B12","r01_su_guo","CCTAATCC","Riptide27",7,"2020-08-06-Flowcell Sample-Barcode list (KN02 Pool) .xlsx","NA","NA"
"20200204-Plate2-6C","r01_su_guo","TGGTGTAC","Riptide27",7,"2020-08-06-Flowcell Sample-Barcode list (KN02 Pool) .xlsx","NA","NA"
"20200204-Plate2-9H","r01_su_guo","AACCGGTT","Riptide27",7,"2020-08-06-Flowcell Sample-Barcode list (KN02 Pool) .xlsx","NA","NA"
"20200204-Plate2-7B","r01_su_guo","CAACGTAC","Riptide27",7,"2020-08-06-Flowcell Sample-Barcode list (KN02 Pool) .xlsx","NA","NA"
"20200204-Plate2-4H","r01_su_guo","GAGACAGT","Riptide27",7,"2020-08-06-Flowcell Sample-Barcode list (KN02 Pool) .xlsx","NA","NA"
"20200204-Plate2-9A","r01_su_guo","CTTCCATG","Riptide27",7,"2020-08-06-Flowcell Sample-Barcode list (KN02 Pool) .xlsx","NA","NA"
"20200204-Plate2-6G","r01_su_guo","ATCGTAGC","Riptide27",7,"2020-08-06-Flowcell Sample-Barcode list (KN02 Pool) .xlsx","NA","NA"
"20200204-Plate2-5G","r01_su_guo","CGTAGCTA","Riptide27",7,"2020-08-06-Flowcell Sample-Barcode list (KN02 Pool) .xlsx","NA","NA"
"20200204-Plate2-H10","r01_su_guo","GATGCATC","Riptide27",7,"2020-08-06-Flowcell Sample-Barcode list (KN02 Pool) .xlsx","NA","NA"
"20200204-Plate2-8H","r01_su_guo","ACCTGTTC","Riptide27",7,"2020-08-06-Flowcell Sample-Barcode list (KN02 Pool) .xlsx","NA","NA"
"20200204-Plate2-2F","r01_su_guo","CAGTTGAC","Riptide27",7,"2020-08-06-Flowcell Sample-Barcode list (KN02 Pool) .xlsx","NA","NA"
"20200204-Plate2-5D","r01_su_guo","ACTGTGAC","Riptide27",7,"2020-08-06-Flowcell Sample-Barcode list (KN02 Pool) .xlsx","NA","NA"
"20200204-Plate2-1D","r01_su_guo","CATGCTTC","Riptide27",7,"2020-08-06-Flowcell Sample-Barcode list (KN02 Pool) .xlsx","NA","NA"
"20200204-Plate2-9C","r01_su_guo","GTACAGCT","Riptide27",7,"2020-08-06-Flowcell Sample-Barcode list (KN02 Pool) .xlsx","NA","NA"
"20200204-Plate2-2E","r01_su_guo","ATCCTAGG","Riptide27",7,"2020-08-06-Flowcell Sample-Barcode list (KN02 Pool) .xlsx","NA","NA"
"20200204-Plate2-7D","r01_su_guo","GAAGCTTC","Riptide27",7,"2020-08-06-Flowcell Sample-Barcode list (KN02 Pool) .xlsx","NA","NA"
"20200204-Plate2-3C","r01_su_guo","GTGTCACA","Riptide27",7,"2020-08-06-Flowcell Sample-Barcode list (KN02 Pool) .xlsx","NA","NA"
"20200204-Plate2-G10","r01_su_guo","TACGAACC","Riptide27",7,"2020-08-06-Flowcell Sample-Barcode list (KN02 Pool) .xlsx","NA","NA"
"20200204-Plate2-7C","r01_su_guo","CACTAGAC","Riptide27",7,"2020-08-06-Flowcell Sample-Barcode list (KN02 Pool) .xlsx","NA","NA"
"20200204-Plate2-5B","r01_su_guo","CTCTCACA","Riptide27",7,"2020-08-06-Flowcell Sample-Barcode list (KN02 Pool) .xlsx","NA","NA"
"20200204-Plate2-B10","r01_su_guo","CTTCCAAC","Riptide27",7,"2020-08-06-Flowcell Sample-Barcode list (KN02 Pool) .xlsx","NA","NA"
"20200204-Plate2-2A","r01_su_guo","ACAGTCAC","Riptide27",7,"2020-08-06-Flowcell Sample-Barcode list (KN02 Pool) .xlsx","NA","NA"
"20200204-Plate2-E12","r01_su_guo","ACACGTCA","Riptide27",7,"2020-08-06-Flowcell Sample-Barcode list (KN02 Pool) .xlsx","NA","NA"
"20200204-Plate2-2H","r01_su_guo","CTTGTCCA","Riptide27",7,"2020-08-06-Flowcell Sample-Barcode list (KN02 Pool) .xlsx","NA","NA"
"20200204-Plate2-C11","r01_su_guo","TGACGTGT","Riptide27",7,"2020-08-06-Flowcell Sample-Barcode list (KN02 Pool) .xlsx","NA","NA"
"20200204-Plate2-3B","r01_su_guo","GGTTCCAA","Riptide27",7,"2020-08-06-Flowcell Sample-Barcode list (KN02 Pool) .xlsx","NA","NA"
"20200204-Plate2-3A","r01_su_guo","CAACCTAG","Riptide27",7,"2020-08-06-Flowcell Sample-Barcode list (KN02 Pool) .xlsx","NA","NA"
"20200204-Plate2-4E","r01_su_guo","TAGCTACG","Riptide27",7,"2020-08-06-Flowcell Sample-Barcode list (KN02 Pool) .xlsx","NA","NA"
"20200204-Plate2-8A","r01_su_guo","GACATCTG","Riptide27",7,"2020-08-06-Flowcell Sample-Barcode list (KN02 Pool) .xlsx","NA","NA"
"20200204-Plate2-C10","r01_su_guo","TACCATGG","Riptide27",7,"2020-08-06-Flowcell Sample-Barcode list (KN02 Pool) .xlsx","NA","NA"
"20200204-Plate2-9G","r01_su_guo","GCTTCCTA","Riptide27",7,"2020-08-06-Flowcell Sample-Barcode list (KN02 Pool) .xlsx","NA","NA"
"20200204-Plate2-9F","r01_su_guo","TGACCACA","Riptide27",7,"2020-08-06-Flowcell Sample-Barcode list (KN02 Pool) .xlsx","NA","NA"
"20200204-Plate2-H11","r01_su_guo","ACACGTGT","Riptide27",7,"2020-08-06-Flowcell Sample-Barcode list (KN02 Pool) .xlsx","NA","NA"
"20200204-Plate2-4D","r01_su_guo","GAGTTCTG","Riptide27",7,"2020-08-06-Flowcell Sample-Barcode list (KN02 Pool) .xlsx","NA","NA"
"20200204-Plate2-5H","r01_su_guo","ACCAACGT","Riptide27",7,"2020-08-06-Flowcell Sample-Barcode list (KN02 Pool) .xlsx","NA","NA"
"20200204-Plate2-H12","r01_su_guo","CGATCGAT","Riptide27",7,"2020-08-06-Flowcell Sample-Barcode list (KN02 Pool) .xlsx","NA","NA"
"20200204-Plate2-1F","r01_su_guo","ACCACATG","Riptide27",7,"2020-08-06-Flowcell Sample-Barcode list (KN02 Pool) .xlsx","NA","NA"
"20200204-Plate2-6A","r01_su_guo","GAGACACA","Riptide27",7,"2020-08-06-Flowcell Sample-Barcode list (KN02 Pool) .xlsx","NA","NA"
"20200204-Plate2-D12","r01_su_guo","AGTGGTCT","Riptide27",7,"2020-08-06-Flowcell Sample-Barcode list (KN02 Pool) .xlsx","NA","NA"
"20200204-Plate2-F12","r01_su_guo","GAACTGCT","Riptide27",7,"2020-08-06-Flowcell Sample-Barcode list (KN02 Pool) .xlsx","NA","NA"
"20200204-Plate2-8E","r01_su_guo","CACATGTG","Riptide27",7,"2020-08-06-Flowcell Sample-Barcode list (KN02 Pool) .xlsx","NA","NA"
"20200211-Plate1-1F","r01_su_guo","CGTACGTA","Riptide28",8,"2020-08-06-Flowcell Sample-Barcode list (KN02 Pool) .xlsx","NA","NA"
"20200211-Plate1-2E","r01_su_guo","AGCTAGCT","Riptide28",8,"2020-08-06-Flowcell Sample-Barcode list (KN02 Pool) .xlsx","NA","NA"
"20200211-Plate1-C12","r01_su_guo","GCTTAACG","Riptide28",8,"2020-08-06-Flowcell Sample-Barcode list (KN02 Pool) .xlsx","NA","NA"
"20200211-Plate1-6D","r01_su_guo","ATCCGGTA","Riptide28",8,"2020-08-06-Flowcell Sample-Barcode list (KN02 Pool) .xlsx","NA","NA"
"20200211-Plate1-4H","r01_su_guo","TAGGCCAT","Riptide28",8,"2020-08-06-Flowcell Sample-Barcode list (KN02 Pool) .xlsx","NA","NA"
"20200211-Plate1-D12","r01_su_guo","GCTACGAT","Riptide28",8,"2020-08-06-Flowcell Sample-Barcode list (KN02 Pool) .xlsx","NA","NA"
"20200211-Plate1-9B","r01_su_guo","GATCAGCT","Riptide28",8,"2020-08-06-Flowcell Sample-Barcode list (KN02 Pool) .xlsx","NA","NA"
"20200211-Plate1-5B","r01_su_guo","AACGTTGC","Riptide28",8,"2020-08-06-Flowcell Sample-Barcode list (KN02 Pool) .xlsx","NA","NA"
"20200211-Plate1-9E","r01_su_guo","GACTTCAG","Riptide28",8,"2020-08-06-Flowcell Sample-Barcode list (KN02 Pool) .xlsx","NA","NA"
"20200211-Plate1-7H","r01_su_guo","GAGTTCAC","Riptide28",8,"2020-08-06-Flowcell Sample-Barcode list (KN02 Pool) .xlsx","NA","NA"
"20200211-Plate1-2A","r01_su_guo","GGATTAGG","Riptide28",8,"2020-08-06-Flowcell Sample-Barcode list (KN02 Pool) .xlsx","NA","NA"
"20200211-Plate1-5C","r01_su_guo","TGGTCTAG","Riptide28",8,"2020-08-06-Flowcell Sample-Barcode list (KN02 Pool) .xlsx","NA","NA"
"20200211-Plate1-4B","r01_su_guo","AGGAACGT","Riptide28",8,"2020-08-06-Flowcell Sample-Barcode list (KN02 Pool) .xlsx","NA","NA"
"20200211-Plate1-8G","r01_su_guo","AGGTAGGT","Riptide28",8,"2020-08-06-Flowcell Sample-Barcode list (KN02 Pool) .xlsx","NA","NA"
"20200211-Plate1-7G","r01_su_guo","GTACCAAC","Riptide28",8,"2020-08-06-Flowcell Sample-Barcode list (KN02 Pool) .xlsx","NA","NA"
"20200211-Plate1-D11","r01_su_guo","GACATCAC","Riptide28",8,"2020-08-06-Flowcell Sample-Barcode list (KN02 Pool) .xlsx","NA","NA"
"20200211-Plate1-3D","r01_su_guo","CTGTACAG","Riptide28",8,"2020-08-06-Flowcell Sample-Barcode list (KN02 Pool) .xlsx","NA","NA"
"20200211-Plate1-2C","r01_su_guo","CTAGAGCT","Riptide28",8,"2020-08-06-Flowcell Sample-Barcode list (KN02 Pool) .xlsx","NA","NA"
"20200211-Plate1-3F","r01_su_guo","CGTAGCAT","Riptide28",8,"2020-08-06-Flowcell Sample-Barcode list (KN02 Pool) .xlsx","NA","NA"
"20200211-Plate1-2G","r01_su_guo","TGCACAAC","Riptide28",8,"2020-08-06-Flowcell Sample-Barcode list (KN02 Pool) .xlsx","NA","NA"
"20200211-Plate1-7F","r01_su_guo","ACCAAGGA","Riptide28",8,"2020-08-06-Flowcell Sample-Barcode list (KN02 Pool) .xlsx","NA","NA"
"20200211-Plate1-6F","r01_su_guo","GCGCTATA","Riptide28",8,"2020-08-06-Flowcell Sample-Barcode list (KN02 Pool) .xlsx","NA","NA"
"20200211-Plate1-6A","r01_su_guo","GAACCATC","Riptide28",8,"2020-08-06-Flowcell Sample-Barcode list (KN02 Pool) .xlsx","NA","NA"
"20200211-Plate1-8A","r01_su_guo","CTACCATC","Riptide28",8,"2020-08-06-Flowcell Sample-Barcode list (KN02 Pool) .xlsx","NA","NA"
"20200211-Plate1-1C","r01_su_guo","CTAGCTAG","Riptide28",8,"2020-08-06-Flowcell Sample-Barcode list (KN02 Pool) .xlsx","NA","NA"
"20200211-Plate1-7A","r01_su_guo","CAGTCAGT","Riptide28",8,"2020-08-06-Flowcell Sample-Barcode list (KN02 Pool) .xlsx","NA","NA"
"20200211-Plate1-E11","r01_su_guo","GAAGTCCT","Riptide28",8,"2020-08-06-Flowcell Sample-Barcode list (KN02 Pool) .xlsx","NA","NA"
"20200211-Plate1-9A","r01_su_guo","TCGATGGT","Riptide28",8,"2020-08-06-Flowcell Sample-Barcode list (KN02 Pool) .xlsx","NA","NA"
"20200211-Plate1-8H","r01_su_guo","TCGAGTTG","Riptide28",8,"2020-08-06-Flowcell Sample-Barcode list (KN02 Pool) .xlsx","NA","NA"
"20200211-Plate1-4G","r01_su_guo","ACTGACTG","Riptide28",8,"2020-08-06-Flowcell Sample-Barcode list (KN02 Pool) .xlsx","NA","NA"
"20200211-Plate1-9C","r01_su_guo","GTGTTGAC","Riptide28",8,"2020-08-06-Flowcell Sample-Barcode list (KN02 Pool) .xlsx","NA","NA"
"20200211-Plate1-A12","r01_su_guo","CTCTACAC","Riptide28",8,"2020-08-06-Flowcell Sample-Barcode list (KN02 Pool) .xlsx","NA","NA"
"20200211-Plate1-D10","r01_su_guo","GCCGTTAA","Riptide28",8,"2020-08-06-Flowcell Sample-Barcode list (KN02 Pool) .xlsx","NA","NA"
"20200211-Plate1-5D","r01_su_guo","GTGAACAG","Riptide28",8,"2020-08-06-Flowcell Sample-Barcode list (KN02 Pool) .xlsx","NA","NA"
"20200211-Plate1-C10","r01_su_guo","ATGCATGC","Riptide28",8,"2020-08-06-Flowcell Sample-Barcode list (KN02 Pool) .xlsx","NA","NA"
"20200211-Plate1-5A","r01_su_guo","TCCAAGGT","Riptide28",8,"2020-08-06-Flowcell Sample-Barcode list (KN02 Pool) .xlsx","NA","NA"
"20200211-Plate1-4A","r01_su_guo","CTCTCAGT","Riptide28",8,"2020-08-06-Flowcell Sample-Barcode list (KN02 Pool) .xlsx","NA","NA"
"20200211-Plate1-9D","r01_su_guo","CAAGCTTG","Riptide28",8,"2020-08-06-Flowcell Sample-Barcode list (KN02 Pool) .xlsx","NA","NA"
"20200211-Plate1-3G","r01_su_guo","CCAATACG","Riptide28",8,"2020-08-06-Flowcell Sample-Barcode list (KN02 Pool) .xlsx","NA","NA"
"20200211-Plate1-1B","r01_su_guo","CTGTCAGA","Riptide28",8,"2020-08-06-Flowcell Sample-Barcode list (KN02 Pool) .xlsx","NA","NA"
"20200211-Plate1-5G","r01_su_guo","AAGGTTCC","Riptide28",8,"2020-08-06-Flowcell Sample-Barcode list (KN02 Pool) .xlsx","NA","NA"
"20200211-Plate1-1H","r01_su_guo","GGAAGCAT","Riptide28",8,"2020-08-06-Flowcell Sample-Barcode list (KN02 Pool) .xlsx","NA","NA"
"20200211-Plate1-5H","r01_su_guo","AGTGTCTG","Riptide28",8,"2020-08-06-Flowcell Sample-Barcode list (KN02 Pool) .xlsx","NA","NA"
"20200211-Plate1-8B","r01_su_guo","GCTATTCC","Riptide28",8,"2020-08-06-Flowcell Sample-Barcode list (KN02 Pool) .xlsx","NA","NA"
"20200211-Plate1-4C","r01_su_guo","TGACTGAC","Riptide28",8,"2020-08-06-Flowcell Sample-Barcode list (KN02 Pool) .xlsx","NA","NA"
"20200211-Plate1-6E","r01_su_guo","TGCACTAG","Riptide28",8,"2020-08-06-Flowcell Sample-Barcode list (KN02 Pool) .xlsx","NA","NA"
"20200211-Plate1-G11","r01_su_guo","GATCCTAG","Riptide28",8,"2020-08-06-Flowcell Sample-Barcode list (KN02 Pool) .xlsx","NA","NA"
"20200211-Plate1-8C","r01_su_guo","CTCATGAG","Riptide28",8,"2020-08-06-Flowcell Sample-Barcode list (KN02 Pool) .xlsx","NA","NA"
"20200211-Plate1-H10","r01_su_guo","GTACTGCA","Riptide28",8,"2020-08-06-Flowcell Sample-Barcode list (KN02 Pool) .xlsx","NA","NA"
"20200211-Plate1-1E","r01_su_guo","AACCTTGG","Riptide28",8,"2020-08-06-Flowcell Sample-Barcode list (KN02 Pool) .xlsx","NA","NA"
"20200211-Plate1-B10","r01_su_guo","AGCTCTAG","Riptide28",8,"2020-08-06-Flowcell Sample-Barcode list (KN02 Pool) .xlsx","NA","NA"
"20200211-Plate1-3B","r01_su_guo","TGGTACGT","Riptide28",8,"2020-08-06-Flowcell Sample-Barcode list (KN02 Pool) .xlsx","NA","NA"
"20200211-Plate1-3H","r01_su_guo","GCCGTATA","Riptide28",8,"2020-08-06-Flowcell Sample-Barcode list (KN02 Pool) .xlsx","NA","NA"
"20200211-Plate1-8D","r01_su_guo","CCATATGG","Riptide28",8,"2020-08-06-Flowcell Sample-Barcode list (KN02 Pool) .xlsx","NA","NA"
"20200211-Plate1-G10","r01_su_guo","TGGTCATG","Riptide28",8,"2020-08-06-Flowcell Sample-Barcode list (KN02 Pool) .xlsx","NA","NA"
"20200211-Plate1-5F","r01_su_guo","CCTAATCC","Riptide28",8,"2020-08-06-Flowcell Sample-Barcode list (KN02 Pool) .xlsx","NA","NA"
"20200211-Plate1-7D","r01_su_guo","TGGTGTAC","Riptide28",8,"2020-08-06-Flowcell Sample-Barcode list (KN02 Pool) .xlsx","NA","NA"
"20200211-Plate1-1A","r01_su_guo","AACCGGTT","Riptide28",8,"2020-08-06-Flowcell Sample-Barcode list (KN02 Pool) .xlsx","NA","NA"
"20200211-Plate1-E12","r01_su_guo","CAACGTAC","Riptide28",8,"2020-08-06-Flowcell Sample-Barcode list (KN02 Pool) .xlsx","NA","NA"
"20200211-Plate1-A11","r01_su_guo","GAGACAGT","Riptide28",8,"2020-08-06-Flowcell Sample-Barcode list (KN02 Pool) .xlsx","NA","NA"
"20200211-Plate1-F11","r01_su_guo","CTTCCATG","Riptide28",8,"2020-08-06-Flowcell Sample-Barcode list (KN02 Pool) .xlsx","NA","NA"
"20200211-Plate1-2D","r01_su_guo","ATCGTAGC","Riptide28",8,"2020-08-06-Flowcell Sample-Barcode list (KN02 Pool) .xlsx","NA","NA"
"20200211-Plate1-4E","r01_su_guo","CGTAGCTA","Riptide28",8,"2020-08-06-Flowcell Sample-Barcode list (KN02 Pool) .xlsx","NA","NA"
"20200211-Plate1-1G","r01_su_guo","GATGCATC","Riptide28",8,"2020-08-06-Flowcell Sample-Barcode list (KN02 Pool) .xlsx","NA","NA"
"20200211-Plate1-6H","r01_su_guo","ACCTGTTC","Riptide28",8,"2020-08-06-Flowcell Sample-Barcode list (KN02 Pool) .xlsx","NA","NA"
"20200211-Plate1-9F","r01_su_guo","CAGTTGAC","Riptide28",8,"2020-08-06-Flowcell Sample-Barcode list (KN02 Pool) .xlsx","NA","NA"
"20200211-Plate1-F12","r01_su_guo","ACTGTGAC","Riptide28",8,"2020-08-06-Flowcell Sample-Barcode list (KN02 Pool) .xlsx","NA","NA"
"20200211-Plate1-6C","r01_su_guo","CATGCTTC","Riptide28",8,"2020-08-06-Flowcell Sample-Barcode list (KN02 Pool) .xlsx","NA","NA"
"20200211-Plate1-2H","r01_su_guo","GTACAGCT","Riptide28",8,"2020-08-06-Flowcell Sample-Barcode list (KN02 Pool) .xlsx","NA","NA"
"20200211-Plate1-4D","r01_su_guo","ATCCTAGG","Riptide28",8,"2020-08-06-Flowcell Sample-Barcode list (KN02 Pool) .xlsx","NA","NA"
"20200211-Plate1-3C","r01_su_guo","GAAGCTTC","Riptide28",8,"2020-08-06-Flowcell Sample-Barcode list (KN02 Pool) .xlsx","NA","NA"
"20200211-Plate1-7C","r01_su_guo","GTGTCACA","Riptide28",8,"2020-08-06-Flowcell Sample-Barcode list (KN02 Pool) .xlsx","NA","NA"
"20200211-Plate1-G12","r01_su_guo","TACGAACC","Riptide28",8,"2020-08-06-Flowcell Sample-Barcode list (KN02 Pool) .xlsx","NA","NA"
"20200211-Plate1-3A","r01_su_guo","CACTAGAC","Riptide28",8,"2020-08-06-Flowcell Sample-Barcode list (KN02 Pool) .xlsx","NA","NA"
"20200211-Plate1-H12","r01_su_guo","CTCTCACA","Riptide28",8,"2020-08-06-Flowcell Sample-Barcode list (KN02 Pool) .xlsx","NA","NA"
"20200211-Plate1-1D","r01_su_guo","CTTCCAAC","Riptide28",8,"2020-08-06-Flowcell Sample-Barcode list (KN02 Pool) .xlsx","NA","NA"
"20200211-Plate1-9G","r01_su_guo","ACAGTCAC","Riptide28",8,"2020-08-06-Flowcell Sample-Barcode list (KN02 Pool) .xlsx","NA","NA"
"20200211-Plate1-7B","r01_su_guo","ACACGTCA","Riptide28",8,"2020-08-06-Flowcell Sample-Barcode list (KN02 Pool) .xlsx","NA","NA"
"20200211-Plate1-4F","r01_su_guo","CTTGTCCA","Riptide28",8,"2020-08-06-Flowcell Sample-Barcode list (KN02 Pool) .xlsx","NA","NA"
"20200211-Plate1-B11","r01_su_guo","TGACGTGT","Riptide28",8,"2020-08-06-Flowcell Sample-Barcode list (KN02 Pool) .xlsx","NA","NA"
"20200211-Plate1-7E","r01_su_guo","GGTTCCAA","Riptide28",8,"2020-08-06-Flowcell Sample-Barcode list (KN02 Pool) .xlsx","NA","NA"
"20200211-Plate1-9H","r01_su_guo","CAACCTAG","Riptide28",8,"2020-08-06-Flowcell Sample-Barcode list (KN02 Pool) .xlsx","NA","NA"
"20200211-Plate1-8E","r01_su_guo","TAGCTACG","Riptide28",8,"2020-08-06-Flowcell Sample-Barcode list (KN02 Pool) .xlsx","NA","NA"
"20200211-Plate1-2F","r01_su_guo","GACATCTG","Riptide28",8,"2020-08-06-Flowcell Sample-Barcode list (KN02 Pool) .xlsx","NA","NA"
"20200211-Plate1-6B","r01_su_guo","TACCATGG","Riptide28",8,"2020-08-06-Flowcell Sample-Barcode list (KN02 Pool) .xlsx","NA","NA"
"20200211-Plate1-C11","r01_su_guo","GCTTCCTA","Riptide28",8,"2020-08-06-Flowcell Sample-Barcode list (KN02 Pool) .xlsx","NA","NA"
"20200211-Plate1-8F","r01_su_guo","TGACCACA","Riptide28",8,"2020-08-06-Flowcell Sample-Barcode list (KN02 Pool) .xlsx","NA","NA"
"20200211-Plate1-H11","r01_su_guo","ACACGTGT","Riptide28",8,"2020-08-06-Flowcell Sample-Barcode list (KN02 Pool) .xlsx","NA","NA"
"20200211-Plate1-A10","r01_su_guo","GAGTTCTG","Riptide28",8,"2020-08-06-Flowcell Sample-Barcode list (KN02 Pool) .xlsx","NA","NA"
"20200211-Plate1-2B","r01_su_guo","ACCAACGT","Riptide28",8,"2020-08-06-Flowcell Sample-Barcode list (KN02 Pool) .xlsx","NA","NA"
"20200211-Plate1-6G","r01_su_guo","CGATCGAT","Riptide28",8,"2020-08-06-Flowcell Sample-Barcode list (KN02 Pool) .xlsx","NA","NA"
"20200211-Plate1-B12","r01_su_guo","ACCACATG","Riptide28",8,"2020-08-06-Flowcell Sample-Barcode list (KN02 Pool) .xlsx","NA","NA"
"20200211-Plate1-3E","r01_su_guo","GAGACACA","Riptide28",8,"2020-08-06-Flowcell Sample-Barcode list (KN02 Pool) .xlsx","NA","NA"
"20200211-Plate1-5E","r01_su_guo","AGTGGTCT","Riptide28",8,"2020-08-06-Flowcell Sample-Barcode list (KN02 Pool) .xlsx","NA","NA"
"20200211-Plate1-F10","r01_su_guo","GAACTGCT","Riptide28",8,"2020-08-06-Flowcell Sample-Barcode list (KN02 Pool) .xlsx","NA","NA"
"20200211-Plate1-E10","r01_su_guo","CACATGTG","Riptide28",8,"2020-08-06-Flowcell Sample-Barcode list (KN02 Pool) .xlsx","NA","NA"
"20200211-Plate2-9D","r01_su_guo","CGTACGTA","Riptide29",9,"2020-08-06-Flowcell Sample-Barcode list (KN02 Pool) .xlsx","NA","NA"
"20200211-Plate2-7E","r01_su_guo","AGCTAGCT","Riptide29",9,"2020-08-06-Flowcell Sample-Barcode list (KN02 Pool) .xlsx","NA","NA"
"20200211-Plate2-F11","r01_su_guo","GCTTAACG","Riptide29",9,"2020-08-06-Flowcell Sample-Barcode list (KN02 Pool) .xlsx","NA","NA"
"20200211-Plate2-B10","r01_su_guo","ATCCGGTA","Riptide29",9,"2020-08-06-Flowcell Sample-Barcode list (KN02 Pool) .xlsx","NA","NA"
"20200211-Plate2-4A","r01_su_guo","TAGGCCAT","Riptide29",9,"2020-08-06-Flowcell Sample-Barcode list (KN02 Pool) .xlsx","NA","NA"
"20200211-Plate2-1F","r01_su_guo","GCTACGAT","Riptide29",9,"2020-08-06-Flowcell Sample-Barcode list (KN02 Pool) .xlsx","NA","NA"
"20200211-Plate2-9F","r01_su_guo","GATCAGCT","Riptide29",9,"2020-08-06-Flowcell Sample-Barcode list (KN02 Pool) .xlsx","NA","NA"
"20200211-Plate2-D11","r01_su_guo","AACGTTGC","Riptide29",9,"2020-08-06-Flowcell Sample-Barcode list (KN02 Pool) .xlsx","NA","NA"
"20200211-Plate2-1E","r01_su_guo","GACTTCAG","Riptide29",9,"2020-08-06-Flowcell Sample-Barcode list (KN02 Pool) .xlsx","NA","NA"
"20200211-Plate2-3F","r01_su_guo","GAGTTCAC","Riptide29",9,"2020-08-06-Flowcell Sample-Barcode list (KN02 Pool) .xlsx","NA","NA"
"20200211-Plate2-9H","r01_su_guo","GGATTAGG","Riptide29",9,"2020-08-06-Flowcell Sample-Barcode list (KN02 Pool) .xlsx","NA","NA"
"20200211-Plate2-H12","r01_su_guo","TGGTCTAG","Riptide29",9,"2020-08-06-Flowcell Sample-Barcode list (KN02 Pool) .xlsx","NA","NA"
"20200211-Plate2-4G","r01_su_guo","AGGAACGT","Riptide29",9,"2020-08-06-Flowcell Sample-Barcode list (KN02 Pool) .xlsx","NA","NA"
"20200211-Plate2-8G","r01_su_guo","AGGTAGGT","Riptide29",9,"2020-08-06-Flowcell Sample-Barcode list (KN02 Pool) .xlsx","NA","NA"
"20200211-Plate2-6B","r01_su_guo","GTACCAAC","Riptide29",9,"2020-08-06-Flowcell Sample-Barcode list (KN02 Pool) .xlsx","NA","NA"
"20200211-Plate2-C11","r01_su_guo","GACATCAC","Riptide29",9,"2020-08-06-Flowcell Sample-Barcode list (KN02 Pool) .xlsx","NA","NA"
"20200211-Plate2-7H","r01_su_guo","CTGTACAG","Riptide29",9,"2020-08-06-Flowcell Sample-Barcode list (KN02 Pool) .xlsx","NA","NA"
"20200211-Plate2-H11","r01_su_guo","CTAGAGCT","Riptide29",9,"2020-08-06-Flowcell Sample-Barcode list (KN02 Pool) .xlsx","NA","NA"
"20200211-Plate2-8F","r01_su_guo","CGTAGCAT","Riptide29",9,"2020-08-06-Flowcell Sample-Barcode list (KN02 Pool) .xlsx","NA","NA"
"20200211-Plate2-1B","r01_su_guo","TGCACAAC","Riptide29",9,"2020-08-06-Flowcell Sample-Barcode list (KN02 Pool) .xlsx","NA","NA"
"20200211-Plate2-5D","r01_su_guo","ACCAAGGA","Riptide29",9,"2020-08-06-Flowcell Sample-Barcode list (KN02 Pool) .xlsx","NA","NA"
"20200211-Plate2-2A","r01_su_guo","GCGCTATA","Riptide29",9,"2020-08-06-Flowcell Sample-Barcode list (KN02 Pool) .xlsx","NA","NA"
"20200211-Plate2-7C","r01_su_guo","GAACCATC","Riptide29",9,"2020-08-06-Flowcell Sample-Barcode list (KN02 Pool) .xlsx","NA","NA"
"20200211-Plate2-5E","r01_su_guo","CTACCATC","Riptide29",9,"2020-08-06-Flowcell Sample-Barcode list (KN02 Pool) .xlsx","NA","NA"
"20200211-Plate2-7F","r01_su_guo","CTAGCTAG","Riptide29",9,"2020-08-06-Flowcell Sample-Barcode list (KN02 Pool) .xlsx","NA","NA"
"20200211-Plate2-6G","r01_su_guo","CAGTCAGT","Riptide29",9,"2020-08-06-Flowcell Sample-Barcode list (KN02 Pool) .xlsx","NA","NA"
"20200211-Plate2-A12","r01_su_guo","GAAGTCCT","Riptide29",9,"2020-08-06-Flowcell Sample-Barcode list (KN02 Pool) .xlsx","NA","NA"
"20200211-Plate2-7D","r01_su_guo","TCGATGGT","Riptide29",9,"2020-08-06-Flowcell Sample-Barcode list (KN02 Pool) .xlsx","NA","NA"
"20200211-Plate2-C12","r01_su_guo","TCGAGTTG","Riptide29",9,"2020-08-06-Flowcell Sample-Barcode list (KN02 Pool) .xlsx","NA","NA"
"20200211-Plate2-B11","r01_su_guo","ACTGACTG","Riptide29",9,"2020-08-06-Flowcell Sample-Barcode list (KN02 Pool) .xlsx","NA","NA"
"20200211-Plate2-G11","r01_su_guo","GTGTTGAC","Riptide29",9,"2020-08-06-Flowcell Sample-Barcode list (KN02 Pool) .xlsx","NA","NA"
"20200211-Plate2-5F","r01_su_guo","CTCTACAC","Riptide29",9,"2020-08-06-Flowcell Sample-Barcode list (KN02 Pool) .xlsx","NA","NA"
"20200211-Plate2-4E","r01_su_guo","GCCGTTAA","Riptide29",9,"2020-08-06-Flowcell Sample-Barcode list (KN02 Pool) .xlsx","NA","NA"
"20200211-Plate2-A10","r01_su_guo","GTGAACAG","Riptide29",9,"2020-08-06-Flowcell Sample-Barcode list (KN02 Pool) .xlsx","NA","NA"
"20200211-Plate2-E11","r01_su_guo","ATGCATGC","Riptide29",9,"2020-08-06-Flowcell Sample-Barcode list (KN02 Pool) .xlsx","NA","NA"
"20200211-Plate2-9G","r01_su_guo","TCCAAGGT","Riptide29",9,"2020-08-06-Flowcell Sample-Barcode list (KN02 Pool) .xlsx","NA","NA"
"20200211-Plate2-9B","r01_su_guo","CTCTCAGT","Riptide29",9,"2020-08-06-Flowcell Sample-Barcode list (KN02 Pool) .xlsx","NA","NA"
"20200211-Plate2-B12","r01_su_guo","CAAGCTTG","Riptide29",9,"2020-08-06-Flowcell Sample-Barcode list (KN02 Pool) .xlsx","NA","NA"
"20200211-Plate2-3D","r01_su_guo","CCAATACG","Riptide29",9,"2020-08-06-Flowcell Sample-Barcode list (KN02 Pool) .xlsx","NA","NA"
"20200211-Plate2-1G","r01_su_guo","CTGTCAGA","Riptide29",9,"2020-08-06-Flowcell Sample-Barcode list (KN02 Pool) .xlsx","NA","NA"
"20200211-Plate2-5H","r01_su_guo","AAGGTTCC","Riptide29",9,"2020-08-06-Flowcell Sample-Barcode list (KN02 Pool) .xlsx","NA","NA"
"20200211-Plate2-6H","r01_su_guo","GGAAGCAT","Riptide29",9,"2020-08-06-Flowcell Sample-Barcode list (KN02 Pool) .xlsx","NA","NA"
"20200211-Plate2-2H","r01_su_guo","AGTGTCTG","Riptide29",9,"2020-08-06-Flowcell Sample-Barcode list (KN02 Pool) .xlsx","NA","NA"
"20200211-Plate2-4C","r01_su_guo","GCTATTCC","Riptide29",9,"2020-08-06-Flowcell Sample-Barcode list (KN02 Pool) .xlsx","NA","NA"
"20200211-Plate2-4D","r01_su_guo","TGACTGAC","Riptide29",9,"2020-08-06-Flowcell Sample-Barcode list (KN02 Pool) .xlsx","NA","NA"
"20200211-Plate2-4B","r01_su_guo","TGCACTAG","Riptide29",9,"2020-08-06-Flowcell Sample-Barcode list (KN02 Pool) .xlsx","NA","NA"
"20200211-Plate2-2F","r01_su_guo","GATCCTAG","Riptide29",9,"2020-08-06-Flowcell Sample-Barcode list (KN02 Pool) .xlsx","NA","NA"
"20200211-Plate2-1C","r01_su_guo","CTCATGAG","Riptide29",9,"2020-08-06-Flowcell Sample-Barcode list (KN02 Pool) .xlsx","NA","NA"
"20200211-Plate2-7B","r01_su_guo","GTACTGCA","Riptide29",9,"2020-08-06-Flowcell Sample-Barcode list (KN02 Pool) .xlsx","NA","NA"
"20200211-Plate2-D10","r01_su_guo","AACCTTGG","Riptide29",9,"2020-08-06-Flowcell Sample-Barcode list (KN02 Pool) .xlsx","NA","NA"
"20200211-Plate2-G10","r01_su_guo","AGCTCTAG","Riptide29",9,"2020-08-06-Flowcell Sample-Barcode list (KN02 Pool) .xlsx","NA","NA"
"20200211-Plate2-6A","r01_su_guo","TGGTACGT","Riptide29",9,"2020-08-06-Flowcell Sample-Barcode list (KN02 Pool) .xlsx","NA","NA"
"20200211-Plate2-5G","r01_su_guo","GCCGTATA","Riptide29",9,"2020-08-06-Flowcell Sample-Barcode list (KN02 Pool) .xlsx","NA","NA"
"20200211-Plate2-H10","r01_su_guo","CCATATGG","Riptide29",9,"2020-08-06-Flowcell Sample-Barcode list (KN02 Pool) .xlsx","NA","NA"
"20200211-Plate2-4H","r01_su_guo","TGGTCATG","Riptide29",9,"2020-08-06-Flowcell Sample-Barcode list (KN02 Pool) .xlsx","NA","NA"
"20200211-Plate2-4F","r01_su_guo","CCTAATCC","Riptide29",9,"2020-08-06-Flowcell Sample-Barcode list (KN02 Pool) .xlsx","NA","NA"
"20200211-Plate2-2D","r01_su_guo","TGGTGTAC","Riptide29",9,"2020-08-06-Flowcell Sample-Barcode list (KN02 Pool) .xlsx","NA","NA"
"20200211-Plate2-3C","r01_su_guo","AACCGGTT","Riptide29",9,"2020-08-06-Flowcell Sample-Barcode list (KN02 Pool) .xlsx","NA","NA"
"20200211-Plate2-G12","r01_su_guo","CAACGTAC","Riptide29",9,"2020-08-06-Flowcell Sample-Barcode list (KN02 Pool) .xlsx","NA","NA"
"20200211-Plate2-5A","r01_su_guo","GAGACAGT","Riptide29",9,"2020-08-06-Flowcell Sample-Barcode list (KN02 Pool) .xlsx","NA","NA"
"20200211-Plate2-5B","r01_su_guo","CTTCCATG","Riptide29",9,"2020-08-06-Flowcell Sample-Barcode list (KN02 Pool) .xlsx","NA","NA"
"20200211-Plate2-C10","r01_su_guo","ATCGTAGC","Riptide29",9,"2020-08-06-Flowcell Sample-Barcode list (KN02 Pool) .xlsx","NA","NA"
"20200211-Plate2-1D","r01_su_guo","CGTAGCTA","Riptide29",9,"2020-08-06-Flowcell Sample-Barcode list (KN02 Pool) .xlsx","NA","NA"
"20200211-Plate2-7A","r01_su_guo","GATGCATC","Riptide29",9,"2020-08-06-Flowcell Sample-Barcode list (KN02 Pool) .xlsx","NA","NA"
"20200211-Plate2-5C","r01_su_guo","ACCTGTTC","Riptide29",9,"2020-08-06-Flowcell Sample-Barcode list (KN02 Pool) .xlsx","NA","NA"
"20200211-Plate2-6F","r01_su_guo","CAGTTGAC","Riptide29",9,"2020-08-06-Flowcell Sample-Barcode list (KN02 Pool) .xlsx","NA","NA"
"20200211-Plate2-2E","r01_su_guo","ACTGTGAC","Riptide29",9,"2020-08-06-Flowcell Sample-Barcode list (KN02 Pool) .xlsx","NA","NA"
"20200211-Plate2-3G","r01_su_guo","CATGCTTC","Riptide29",9,"2020-08-06-Flowcell Sample-Barcode list (KN02 Pool) .xlsx","NA","NA"
"20200211-Plate2-3A","r01_su_guo","GTACAGCT","Riptide29",9,"2020-08-06-Flowcell Sample-Barcode list (KN02 Pool) .xlsx","NA","NA"
"20200211-Plate2-8A","r01_su_guo","ATCCTAGG","Riptide29",9,"2020-08-06-Flowcell Sample-Barcode list (KN02 Pool) .xlsx","NA","NA"
"20200211-Plate2-9C","r01_su_guo","GAAGCTTC","Riptide29",9,"2020-08-06-Flowcell Sample-Barcode list (KN02 Pool) .xlsx","NA","NA"
"20200211-Plate2-F12","r01_su_guo","GTGTCACA","Riptide29",9,"2020-08-06-Flowcell Sample-Barcode list (KN02 Pool) .xlsx","NA","NA"
"20200211-Plate2-2C","r01_su_guo","TACGAACC","Riptide29",9,"2020-08-06-Flowcell Sample-Barcode list (KN02 Pool) .xlsx","NA","NA"
"20200211-Plate2-7G","r01_su_guo","CACTAGAC","Riptide29",9,"2020-08-06-Flowcell Sample-Barcode list (KN02 Pool) .xlsx","NA","NA"
"20200211-Plate2-9A","r01_su_guo","CTCTCACA","Riptide29",9,"2020-08-06-Flowcell Sample-Barcode list (KN02 Pool) .xlsx","NA","NA"
"20200211-Plate2-3B","r01_su_guo","CTTCCAAC","Riptide29",9,"2020-08-06-Flowcell Sample-Barcode list (KN02 Pool) .xlsx","NA","NA"
"20200211-Plate2-8B","r01_su_guo","ACAGTCAC","Riptide29",9,"2020-08-06-Flowcell Sample-Barcode list (KN02 Pool) .xlsx","NA","NA"
"20200211-Plate2-2B","r01_su_guo","ACACGTCA","Riptide29",9,"2020-08-06-Flowcell Sample-Barcode list (KN02 Pool) .xlsx","NA","NA"
"20200211-Plate2-E12","r01_su_guo","CTTGTCCA","Riptide29",9,"2020-08-06-Flowcell Sample-Barcode list (KN02 Pool) .xlsx","NA","NA"
"20200211-Plate2-8C","r01_su_guo","TGACGTGT","Riptide29",9,"2020-08-06-Flowcell Sample-Barcode list (KN02 Pool) .xlsx","NA","NA"
"20200211-Plate2-8E","r01_su_guo","GGTTCCAA","Riptide29",9,"2020-08-06-Flowcell Sample-Barcode list (KN02 Pool) .xlsx","NA","NA"
"20200211-Plate2-6C","r01_su_guo","CAACCTAG","Riptide29",9,"2020-08-06-Flowcell Sample-Barcode list (KN02 Pool) .xlsx","NA","NA"
"20200211-Plate2-A11","r01_su_guo","TAGCTACG","Riptide29",9,"2020-08-06-Flowcell Sample-Barcode list (KN02 Pool) .xlsx","NA","NA"
"20200211-Plate2-1A","r01_su_guo","GACATCTG","Riptide29",9,"2020-08-06-Flowcell Sample-Barcode list (KN02 Pool) .xlsx","NA","NA"
"20200211-Plate2-9E","r01_su_guo","TACCATGG","Riptide29",9,"2020-08-06-Flowcell Sample-Barcode list (KN02 Pool) .xlsx","NA","NA"
"20200211-Plate2-E10","r01_su_guo","GCTTCCTA","Riptide29",9,"2020-08-06-Flowcell Sample-Barcode list (KN02 Pool) .xlsx","NA","NA"
"20200211-Plate2-3H","r01_su_guo","TGACCACA","Riptide29",9,"2020-08-06-Flowcell Sample-Barcode list (KN02 Pool) .xlsx","NA","NA"
"20200211-Plate2-1H","r01_su_guo","ACACGTGT","Riptide29",9,"2020-08-06-Flowcell Sample-Barcode list (KN02 Pool) .xlsx","NA","NA"
"20200211-Plate2-F10","r01_su_guo","GAGTTCTG","Riptide29",9,"2020-08-06-Flowcell Sample-Barcode list (KN02 Pool) .xlsx","NA","NA"
"20200211-Plate2-D12","r01_su_guo","ACCAACGT","Riptide29",9,"2020-08-06-Flowcell Sample-Barcode list (KN02 Pool) .xlsx","NA","NA"
"20200211-Plate2-2G","r01_su_guo","CGATCGAT","Riptide29",9,"2020-08-06-Flowcell Sample-Barcode list (KN02 Pool) .xlsx","NA","NA"
"20200211-Plate2-3E","r01_su_guo","ACCACATG","Riptide29",9,"2020-08-06-Flowcell Sample-Barcode list (KN02 Pool) .xlsx","NA","NA"
"20200211-Plate2-8H","r01_su_guo","GAGACACA","Riptide29",9,"2020-08-06-Flowcell Sample-Barcode list (KN02 Pool) .xlsx","NA","NA"
"20200211-Plate2-8D","r01_su_guo","AGTGGTCT","Riptide29",9,"2020-08-06-Flowcell Sample-Barcode list (KN02 Pool) .xlsx","NA","NA"
"20200211-Plate2-6D","r01_su_guo","GAACTGCT","Riptide29",9,"2020-08-06-Flowcell Sample-Barcode list (KN02 Pool) .xlsx","NA","NA"
"20200211-Plate2-6E","r01_su_guo","CACATGTG","Riptide29",9,"2020-08-06-Flowcell Sample-Barcode list (KN02 Pool) .xlsx","NA","NA"
"00077E8BA6","p50_hao_chen_2014","CGTACGTA","Riptide30",10,"2020-08-06-Flowcell Sample-Barcode list (KN02 Pool) .xlsx","NA","NA"
"000792A391","p50_hao_chen_2014","AACCTTGG","Riptide30",10,"2020-08-06-Flowcell Sample-Barcode list (KN02 Pool) .xlsx","NA","NA"
"00077E9095","p50_hao_chen_2014","AGCTCTAG","Riptide30",10,"2020-08-06-Flowcell Sample-Barcode list (KN02 Pool) .xlsx","NA","NA"
"00079FE64A","p50_hao_chen_2014","TGGTACGT","Riptide30",10,"2020-08-06-Flowcell Sample-Barcode list (KN02 Pool) .xlsx","NA","NA"
