"schema","rfid","sires","dames","accessid","sex","rfid-2","project_name","barcode","library_name","pcr_barcode","filename","comments","flag"
"u01_tom_jhou","933000320047414","73874_1","73737_2","74624_2","M","933000320047414","u01_tom_jhou","CAACCTAG","Riptide31",1,"2020-10-29-Flowcell Sample-Barcode list (KN04 Pool).xlsx","NA","NA"
"u01_tom_jhou","933000320047412","73726_1","73720_2","74636_1","M","933000320047412","u01_tom_jhou","AGTGTCTG","Riptide31",1,"2020-10-29-Flowcell Sample-Barcode list (KN04 Pool).xlsx","NA","NA"
"u01_tom_jhou","933000320047413","73874_1","73737_2","74624_3","F","933000320047413","u01_tom_jhou","AAGGTTCC","Riptide31",1,"2020-10-29-Flowcell Sample-Barcode list (KN04 Pool).xlsx","NA","NA"
"u01_tom_jhou","933000320047420","73874_1","73737_2","74624_4","F","933000320047420","u01_tom_jhou","ACACGTCA","Riptide31",1,"2020-10-29-Flowcell Sample-Barcode list (KN04 Pool).xlsx","NA","NA"
"u01_tom_jhou","933000320047687","74134_1","74187_2","74811_4","M","933000320047687","u01_tom_jhou","ATCCGGTA","Riptide31",1,"2020-10-29-Flowcell Sample-Barcode list (KN04 Pool).xlsx","NA","NA"
"u01_suzanne_mitchell","933000320047367","73731_1","73733_2","74798_2","F","933000320047367","u01_suzanne_mitchell","ACAGTCAC","Riptide31",1,"2020-10-29-Flowcell Sample-Barcode list (KN04 Pool).xlsx","NA","NA"
"u01_suzanne_mitchell","933000320047544","74194_1","74167_2","74783_2","M","933000320047544","u01_suzanne_mitchell","GAAGCTTC","Riptide31",1,"2020-10-29-Flowcell Sample-Barcode list (KN04 Pool).xlsx","NA","NA"
"u01_suzanne_mitchell","933000320047698","73690_1","73701_2","74799_2","F","933000320047698","u01_suzanne_mitchell","AGCTAGCT","Riptide31",1,"2020-10-29-Flowcell Sample-Barcode list (KN04 Pool).xlsx","NA","NA"
"u01_olivier_george_cocaine","933000320047104","73379_2","73187_2","74244_1","M","933000320047104","u01_olivier_george_cocaine","CTGTCAGA","Riptide31",1,"2020-10-29-Flowcell Sample-Barcode list (KN04 Pool).xlsx","No transponder","NA"
"u01_olivier_george_cocaine","933000320047912","74128_1","74193_2","74944_2","M","933000320047912","u01_olivier_george_cocaine","GGTTCCAA","Riptide32",2,"2020-10-29-Flowcell Sample-Barcode list (KN04 Pool).xlsx","NA","NA"
"u01_olivier_george_cocaine","933000320047658","74128_1","74193_2","74943_3","M","933000320047658","u01_olivier_george_cocaine","GCTACGAT","Riptide32",2,"2020-10-29-Flowcell Sample-Barcode list (KN04 Pool).xlsx","NA","NA"
"u01_olivier_george_cocaine","933000320047667","74128_1","74193_2","74959_3","M","933000320047667","u01_olivier_george_cocaine","GAAGCTTC","Riptide32",2,"2020-10-29-Flowcell Sample-Barcode list (KN04 Pool).xlsx","NA","NA"
"u01_olivier_george_cocaine","933000320047862","73733_1","73675_2","74949_4","M","933000320047862","u01_olivier_george_cocaine","CAACCTAG","Riptide32",2,"2020-10-29-Flowcell Sample-Barcode list (KN04 Pool).xlsx","NA","NA"
"u01_olivier_george_cocaine","933000320047864","73733_1","73675_2","74954_1","M","933000320047864","u01_olivier_george_cocaine","GACATCAC","Riptide32",2,"2020-10-29-Flowcell Sample-Barcode list (KN04 Pool).xlsx","NA","NA"
"u01_olivier_george_cocaine","933000320047857","73733_1","73675_2","74954_2","M","933000320047857","u01_olivier_george_cocaine","AACCGGTT","Riptide32",2,"2020-10-29-Flowcell Sample-Barcode list (KN04 Pool).xlsx","NA","NA"
"u01_olivier_george_cocaine","933000320047928","73733_1","73675_2","74928_3","M","933000320047928","u01_olivier_george_cocaine","GAGACACA","Riptide32",2,"2020-10-29-Flowcell Sample-Barcode list (KN04 Pool).xlsx","NA","NA"
"u01_olivier_george_cocaine","933000320047947","73767_1","73740_2","74928_4","M","933000320047947","u01_olivier_george_cocaine","GAGTTCAC","Riptide32",2,"2020-10-29-Flowcell Sample-Barcode list (KN04 Pool).xlsx","NA","NA"
"u01_olivier_george_cocaine","933000320186803","73767_1","73740_2","74955_3","M","933000320186803","u01_olivier_george_cocaine","CTAGAGCT","Riptide32",2,"2020-10-29-Flowcell Sample-Barcode list (KN04 Pool).xlsx","NA","NA"
"u01_olivier_george_cocaine","933000320047940","73767_1","73740_2","74955_4","M","933000320047940","u01_olivier_george_cocaine","TGGTCATG","Riptide32",2,"2020-10-29-Flowcell Sample-Barcode list (KN04 Pool).xlsx","NA","NA"
"u01_olivier_george_cocaine","933000320047660","73767_1","73740_2","74956_3","M","933000320047660","u01_olivier_george_cocaine","GATCAGCT","Riptide32",2,"2020-10-29-Flowcell Sample-Barcode list (KN04 Pool).xlsx","NA","NA"
"u01_olivier_george_cocaine","933000320047885","73689_1","73785_2","74958_1","M","933000320047885","u01_olivier_george_cocaine","GTACCAAC","Riptide32",2,"2020-10-29-Flowcell Sample-Barcode list (KN04 Pool).xlsx","NA","NA"
"u01_olivier_george_cocaine","933000320047888","73689_1","73785_2","74958_2","M","933000320047888","u01_olivier_george_cocaine","CTGTCAGA","Riptide32",2,"2020-10-29-Flowcell Sample-Barcode list (KN04 Pool).xlsx","NA","NA"
"u01_olivier_george_cocaine","933000320047889","73689_1","73785_2","74961_3","M","933000320047889","u01_olivier_george_cocaine","CTCTCAGT","Riptide32",2,"2020-10-29-Flowcell Sample-Barcode list (KN04 Pool).xlsx","NA","NA"
"u01_olivier_george_cocaine","933000320047892","74164_1","74200_2","74961_4","M","933000320047892","u01_olivier_george_cocaine","CGTAGCAT","Riptide32",2,"2020-10-29-Flowcell Sample-Barcode list (KN04 Pool).xlsx","NA","NA"
"u01_olivier_george_cocaine","933000320047880","74164_1","74200_2","74970_2","M","933000320047880","u01_olivier_george_cocaine","AGCTCTAG","Riptide32",2,"2020-10-29-Flowcell Sample-Barcode list (KN04 Pool).xlsx","NA","NA"
"u01_olivier_george_cocaine","933000320186781","74164_1","74200_2","74972_1","M","933000320186781","u01_olivier_george_cocaine","CTTCCATG","Riptide32",2,"2020-10-29-Flowcell Sample-Barcode list (KN04 Pool).xlsx","NA","NA"
"u01_olivier_george_cocaine","933000320186800","74127_1","74202_2","74974_1","M","933000320186800","u01_olivier_george_cocaine","GTGTCACA","Riptide32",2,"2020-10-29-Flowcell Sample-Barcode list (KN04 Pool).xlsx","NA","NA"
"u01_olivier_george_cocaine","933000320186802","74127_1","74202_2","74977_1","M","933000320186802","u01_olivier_george_cocaine","GCCGTTAA","Riptide32",2,"2020-10-29-Flowcell Sample-Barcode list (KN04 Pool).xlsx","NA","NA"
"u01_olivier_george_cocaine","933000320186831","74127_1","74202_2","74973_1","M","933000320186831","u01_olivier_george_cocaine","TACGAACC","Riptide32",2,"2020-10-29-Flowcell Sample-Barcode list (KN04 Pool).xlsx","NA","NA"
"u01_olivier_george_cocaine","933000320186811","74116_1","74191_2","74971_1","M","933000320186811","u01_olivier_george_cocaine","AACGTTGC","Riptide32",2,"2020-10-29-Flowcell Sample-Barcode list (KN04 Pool).xlsx","NA","NA"
"u01_olivier_george_cocaine","933000320186819","74116_1","74191_2","74979_1","M","933000320186819","u01_olivier_george_cocaine","GGAAGCAT","Riptide32",2,"2020-10-29-Flowcell Sample-Barcode list (KN04 Pool).xlsx","NA","NA"
"u01_olivier_george_cocaine","933000320047914","74125_1","74177_2","74944_3","F","933000320047914","u01_olivier_george_cocaine","GAACCATC","Riptide32",2,"2020-10-29-Flowcell Sample-Barcode list (KN04 Pool).xlsx","NA","NA"
"u01_olivier_george_cocaine","933000320047909","74125_1","74177_2","74944_4","F","933000320047909","u01_olivier_george_cocaine","ACCACATG","Riptide32",2,"2020-10-29-Flowcell Sample-Barcode list (KN04 Pool).xlsx","NA","NA"
"u01_olivier_george_cocaine","933000320047907","73874_1","73737_2","74941_3","F","933000320047907","u01_olivier_george_cocaine","TGACTGAC","Riptide32",2,"2020-10-29-Flowcell Sample-Barcode list (KN04 Pool).xlsx","NA","NA"
"u01_olivier_george_cocaine","933000320047904","73874_1","73737_2","74941_4","F","933000320047904","u01_olivier_george_cocaine","GTACTGCA","Riptide32",2,"2020-10-29-Flowcell Sample-Barcode list (KN04 Pool).xlsx","NA","NA"
"u01_olivier_george_cocaine","933000320047853","73874_1","73737_2","74949_5","F","933000320047853","u01_olivier_george_cocaine","ATCCTAGG","Riptide32",2,"2020-10-29-Flowcell Sample-Barcode list (KN04 Pool).xlsx","NA","NA"
"u01_olivier_george_cocaine","933000320047863","74207_1","74961_1","74954_4","F","933000320047863","u01_olivier_george_cocaine","TGGTCTAG","Riptide32",2,"2020-10-29-Flowcell Sample-Barcode list (KN04 Pool).xlsx","NA","NA"
"u01_olivier_george_cocaine","933000320047942","74207_1","74961_1","74928_5","F","933000320047942","u01_olivier_george_cocaine","CTACCATC","Riptide32",2,"2020-10-29-Flowcell Sample-Barcode list (KN04 Pool).xlsx","NA","NA"
"u01_olivier_george_cocaine","933000320047936","74207_1","74961_1","74928_6","F","933000320047936","u01_olivier_george_cocaine","ACCAAGGA","Riptide32",2,"2020-10-29-Flowcell Sample-Barcode list (KN04 Pool).xlsx","NA","NA"
"u01_olivier_george_cocaine","933000320047949","73667_1","73723_2","74955_5","F","933000320047949","u01_olivier_george_cocaine","AGGAACGT","Riptide32",2,"2020-10-29-Flowcell Sample-Barcode list (KN04 Pool).xlsx","NA","NA"
"u01_olivier_george_cocaine","933000320047935","73667_1","73723_2","74955_6","F","933000320047935","u01_olivier_george_cocaine","CCTAATCC","Riptide32",2,"2020-10-29-Flowcell Sample-Barcode list (KN04 Pool).xlsx","NA","NA"
"u01_olivier_george_cocaine","933000320047673","73667_1","73723_2","74959_4","F","933000320047673","u01_olivier_george_cocaine","TGCACTAG","Riptide32",2,"2020-10-29-Flowcell Sample-Barcode list (KN04 Pool).xlsx","NA","NA"
"u01_olivier_george_cocaine","933000320047670","73667_1","73723_2","74959_5","F","933000320047670","u01_olivier_george_cocaine","ACAGTCAC","Riptide32",2,"2020-10-29-Flowcell Sample-Barcode list (KN04 Pool).xlsx","NA","NA"
"u01_olivier_george_cocaine","933000320047665","74117_1","74135_2","74956_5","F","933000320047665","u01_olivier_george_cocaine","TGACCACA","Riptide32",2,"2020-10-29-Flowcell Sample-Barcode list (KN04 Pool).xlsx","NA","NA"
"u01_olivier_george_cocaine","933000320047666","74117_1","74135_2","74956_6","F","933000320047666","u01_olivier_george_cocaine","ACACGTCA","Riptide32",2,"2020-10-29-Flowcell Sample-Barcode list (KN04 Pool).xlsx","NA","NA"
"u01_olivier_george_cocaine","933000320047897","74115_1","74123_2","74958_3","F","933000320047897","u01_olivier_george_cocaine","TACCATGG","Riptide32",2,"2020-10-29-Flowcell Sample-Barcode list (KN04 Pool).xlsx","NA","NA"
"u01_olivier_george_cocaine","933000320047900","74115_1","74123_2","74958_4","F","933000320047900","u01_olivier_george_cocaine","GAAGTCCT","Riptide32",2,"2020-10-29-Flowcell Sample-Barcode list (KN04 Pool).xlsx","NA","NA"
"u01_olivier_george_cocaine","933000320047899","74123_1","74197_2","74961_5","F","933000320047899","u01_olivier_george_cocaine","GCGCTATA","Riptide32",2,"2020-10-29-Flowcell Sample-Barcode list (KN04 Pool).xlsx","NA","NA"
"u01_olivier_george_cocaine","933000320047878","74123_1","74197_2","74961_6","F","933000320047878","u01_olivier_george_cocaine","GACTTCAG","Riptide32",2,"2020-10-29-Flowcell Sample-Barcode list (KN04 Pool).xlsx","NA","NA"
"u01_olivier_george_cocaine","933000320047884","74236_1","74127_2","74970_3","F","933000320047884","u01_olivier_george_cocaine","CTTGTCCA","Riptide32",2,"2020-10-29-Flowcell Sample-Barcode list (KN04 Pool).xlsx","NA","NA"
"u01_olivier_george_cocaine","933000320047887","74236_1","74127_2","74970_4","F","933000320047887","u01_olivier_george_cocaine","GTACAGCT","Riptide32",2,"2020-10-29-Flowcell Sample-Barcode list (KN04 Pool).xlsx","NA","NA"
"u01_olivier_george_cocaine","933000320186839","73784_1","73676_2","74977_2","F","933000320186839","u01_olivier_george_cocaine","CCATATGG","Riptide32",2,"2020-10-29-Flowcell Sample-Barcode list (KN04 Pool).xlsx","NA","NA"
"u01_olivier_george_cocaine","933000320186829","74112_1","74111_2","74973_2","F","933000320186829","u01_olivier_george_cocaine","GAGTTCTG","Riptide32",2,"2020-10-29-Flowcell Sample-Barcode list (KN04 Pool).xlsx","NA","NA"
"u01_olivier_george_cocaine","933000320186805","73698_1","73689_2","74998_3","F","933000320186805","u01_olivier_george_cocaine","CGTAGCTA","Riptide32",2,"2020-10-29-Flowcell Sample-Barcode list (KN04 Pool).xlsx","NA","NA"
"u01_olivier_george_cocaine","933000320047941","73689_1","73785_2","74954_11","M","933000320047941","u01_olivier_george_scrub","CAACGTAC","Riptide32",2,"2020-10-29-Flowcell Sample-Barcode list (KN04 Pool).xlsx","NA","NA"
"u01_olivier_george_cocaine","933000320047950","74164_1","74200_2","74928_12","M","933000320047950","u01_olivier_george_scrub","GTGAACAG","Riptide32",2,"2020-10-29-Flowcell Sample-Barcode list (KN04 Pool).xlsx","NA","NA"
"u01_olivier_george_cocaine","933000320047859","73742_1","73671_2","74950_7","F","933000320047859","u01_olivier_george_scrub","CGTACGTA","Riptide32",2,"2020-10-29-Flowcell Sample-Barcode list (KN04 Pool).xlsx","NA","NA"
"u01_olivier_george_cocaine","933000320186919","73667_1","73723_2","74970_7","F","933000320186919","u01_olivier_george_scrub","GAACCATC","Riptide31",1,"2020-10-29-Flowcell Sample-Barcode list (KN04 Pool).xlsx","NA","NA"
"u01_olivier_george_cocaine","933000320186784","74117_1","74135_2","74972_9","F","933000320186784","u01_olivier_george_scrub","GATCCTAG","Riptide31",1,"2020-10-29-Flowcell Sample-Barcode list (KN04 Pool).xlsx","NA","NA"
"u01_olivier_george_cocaine","933000320186975","74763_2","74528_2","75334_1","M","933000320186975","u01_olivier_george_cocaine","ATCCGGTA","Riptide32",2,"2020-10-29-Flowcell Sample-Barcode list (KN04 Pool).xlsx","NA","NA"
"u01_olivier_george_cocaine","933000320186964","74528_1","74531_2","75357_1","M","933000320186964","u01_olivier_george_cocaine","CACTAGAC","Riptide32",2,"2020-10-29-Flowcell Sample-Barcode list (KN04 Pool).xlsx","NA","NA"
"u01_olivier_george_cocaine","933000320186955","74574_1","74551_2","75339_1","M","933000320186955","u01_olivier_george_cocaine","TCGAGTTG","Riptide32",2,"2020-10-29-Flowcell Sample-Barcode list (KN04 Pool).xlsx","NA","NA"
"u01_olivier_george_cocaine","933000320186956","74574_1","74551_2","75339_2","M","933000320186956","u01_olivier_george_cocaine","GACATCTG","Riptide32",2,"2020-10-29-Flowcell Sample-Barcode list (KN04 Pool).xlsx","NA","NA"
"u01_olivier_george_cocaine","933000320187244","74862_3","74718_1","75332_1","M","933000320187244","u01_olivier_george_cocaine","ACCTGTTC","Riptide32",2,"2020-10-29-Flowcell Sample-Barcode list (KN04 Pool).xlsx","NA","NA"
"u01_olivier_george_cocaine","933000320187247","74781_1","74542_2","75340_1","M","933000320187247","u01_olivier_george_cocaine","GATCCTAG","Riptide32",2,"2020-10-29-Flowcell Sample-Barcode list (KN04 Pool).xlsx","NA","NA"
"u01_olivier_george_cocaine","933000320186987","74509_1","74794_1","75350_1","M","933000320186987","u01_olivier_george_cocaine","GCCGTATA","Riptide32",2,"2020-10-29-Flowcell Sample-Barcode list (KN04 Pool).xlsx","NA","NA"
"u01_olivier_george_cocaine","933000320187172","74842_1","74541_2","75352_1","M","933000320187172","u01_olivier_george_cocaine","AGTGGTCT","Riptide32",2,"2020-10-29-Flowcell Sample-Barcode list (KN04 Pool).xlsx","NA","NA"
"u01_olivier_george_cocaine","933000320187158","74584_1","74563_2","75359_1","M","933000320187158","u01_olivier_george_cocaine","CACATGTG","Riptide32",2,"2020-10-29-Flowcell Sample-Barcode list (KN04 Pool).xlsx","NA","NA"
"u01_olivier_george_cocaine","933000320187167","74814_1","74773_1","75360_1","M","933000320187167","u01_olivier_george_cocaine","CCAATACG","Riptide32",2,"2020-10-29-Flowcell Sample-Barcode list (KN04 Pool).xlsx","NA","NA"
"u01_olivier_george_cocaine","933000320187098","74561_1","74850_1","75347_1","M","933000320187098","u01_olivier_george_cocaine","GAGACAGT","Riptide32",2,"2020-10-29-Flowcell Sample-Barcode list (KN04 Pool).xlsx","NA","NA"
"u01_olivier_george_cocaine","933000320187093","74187_1","74179_2","75346_1","M","933000320187093","u01_olivier_george_cocaine","CTAGCTAG","Riptide32",2,"2020-10-29-Flowcell Sample-Barcode list (KN04 Pool).xlsx","NA","NA"
"u01_olivier_george_cocaine","933000320187092","74187_1","74179_2","75346_3","M","933000320187092","u01_olivier_george_cocaine","AACCTTGG","Riptide32",2,"2020-10-29-Flowcell Sample-Barcode list (KN04 Pool).xlsx","NA","NA"
"u01_olivier_george_cocaine","933000320187088","74791_1","74689_2","75355_1","M","933000320187088","u01_olivier_george_cocaine","GAACTGCT","Riptide32",2,"2020-10-29-Flowcell Sample-Barcode list (KN04 Pool).xlsx","NA","NA"
"u01_olivier_george_cocaine","933000320187077","74595_1","74575_2","75365_1","M","933000320187077","u01_olivier_george_cocaine","TAGCTACG","Riptide32",2,"2020-10-29-Flowcell Sample-Barcode list (KN04 Pool).xlsx","NA","NA"
"u01_olivier_george_cocaine","933000320187081","74753_1","74708_1","75364_1","M","933000320187081","u01_olivier_george_cocaine","ATGCATGC","Riptide32",2,"2020-10-29-Flowcell Sample-Barcode list (KN04 Pool).xlsx","NA","NA"
"u01_olivier_george_cocaine","933000320186888","74566_1","74599_2","75366_1","M","933000320186888","u01_olivier_george_cocaine","TGGTACGT","Riptide32",2,"2020-10-29-Flowcell Sample-Barcode list (KN04 Pool).xlsx","NA","NA"
"u01_olivier_george_cocaine","933000320186883","74536_1","74539_2","75363_1","M","933000320186883","u01_olivier_george_cocaine","AAGGTTCC","Riptide32",2,"2020-10-29-Flowcell Sample-Barcode list (KN04 Pool).xlsx","NA","NA"
"u01_olivier_george_cocaine","933000320187222","74205_1","74148_2","75367_1","M","933000320187222","u01_olivier_george_cocaine","AGGTAGGT","Riptide32",2,"2020-10-29-Flowcell Sample-Barcode list (KN04 Pool).xlsx","NA","NA"
"u01_olivier_george_cocaine","933000320187225","74543_1","74564_2","75368_1","M","933000320187225","u01_olivier_george_cocaine","TGACGTGT","Riptide32",2,"2020-10-29-Flowcell Sample-Barcode list (KN04 Pool).xlsx","NA","NA"
"u01_olivier_george_cocaine","933000320187204","74512_1","74562_2","75380_1","M","933000320187204","u01_olivier_george_cocaine","ACCAACGT","Riptide32",2,"2020-10-29-Flowcell Sample-Barcode list (KN04 Pool).xlsx","NA","NA"
"u01_olivier_george_cocaine","933000320187319","74591_1","74595_2","75371_1","M","933000320187319","u01_olivier_george_cocaine","GGATTAGG","Riptide32",2,"2020-10-29-Flowcell Sample-Barcode list (KN04 Pool).xlsx","NA","NA"
"u01_olivier_george_cocaine","933000320187311","74541_1","74506_2","75374_1","M","933000320187311","u01_olivier_george_cocaine","CTTCCAAC","Riptide32",2,"2020-10-29-Flowcell Sample-Barcode list (KN04 Pool).xlsx","NA","NA"
"u01_olivier_george_cocaine","933000320186959","74763_2","74528_2","75334_2","F","933000320186959","u01_olivier_george_cocaine","CTCATGAG","Riptide32",2,"2020-10-29-Flowcell Sample-Barcode list (KN04 Pool).xlsx","NA","NA"
"u01_olivier_george_cocaine","933000320186957","74528_1","74531_2","75357_2","F","933000320186957","u01_olivier_george_cocaine","GCTTCCTA","Riptide32",2,"2020-10-29-Flowcell Sample-Barcode list (KN04 Pool).xlsx","NA","NA"
"u01_olivier_george_cocaine","933000320186953","74574_1","74551_2","75339_3","F","933000320186953","u01_olivier_george_cocaine","CTGTACAG","Riptide32",2,"2020-10-29-Flowcell Sample-Barcode list (KN04 Pool).xlsx","NA","NA"
"u01_olivier_george_cocaine","933000320187246","74862_3","74718_1","75332_2","F","933000320187246","u01_olivier_george_cocaine","CAGTTGAC","Riptide32",2,"2020-10-29-Flowcell Sample-Barcode list (KN04 Pool).xlsx","NA","NA"
"u01_olivier_george_cocaine","933000320187235","74781_1","74542_2","75340_2","F","933000320187235","u01_olivier_george_cocaine","TGGTGTAC","Riptide32",2,"2020-10-29-Flowcell Sample-Barcode list (KN04 Pool).xlsx","NA","NA"
"u01_olivier_george_cocaine","933000320187227","74752_1","74508_2","75337_4","F","933000320187227","u01_olivier_george_cocaine","CTCTACAC","Riptide32",2,"2020-10-29-Flowcell Sample-Barcode list (KN04 Pool).xlsx","NA","NA"
"u01_olivier_george_cocaine","933000320186989","74609_1","74703_5","75353_2","F","933000320186989","u01_olivier_george_cocaine","GCTATTCC","Riptide32",2,"2020-10-29-Flowcell Sample-Barcode list (KN04 Pool).xlsx","NA","NA"
"u01_olivier_george_cocaine","933000320186980","74842_1","74541_2","75352_2","F","933000320186980","u01_olivier_george_cocaine","GCTTAACG","Riptide32",2,"2020-10-29-Flowcell Sample-Barcode list (KN04 Pool).xlsx","NA","NA"
"u01_olivier_george_cocaine","933000320187151","74584_1","74563_2","75359_2","F","933000320187151","u01_olivier_george_cocaine","CAGTCAGT","Riptide32",2,"2020-10-29-Flowcell Sample-Barcode list (KN04 Pool).xlsx","NA","NA"
"u01_olivier_george_cocaine","933000320187163","74814_1","74773_1","75360_2","F","933000320187163","u01_olivier_george_cocaine","ATCGTAGC","Riptide32",2,"2020-10-29-Flowcell Sample-Barcode list (KN04 Pool).xlsx","NA","NA"
"u01_olivier_george_cocaine","933000320187156","74561_1","74850_1","75347_2","F","933000320187156","u01_olivier_george_cocaine","TAGGCCAT","Riptide32",2,"2020-10-29-Flowcell Sample-Barcode list (KN04 Pool).xlsx","NA","NA"
"u01_olivier_george_cocaine","933000320187095","74187_1","74179_2","75346_2","F","933000320187095","u01_olivier_george_cocaine","ACTGTGAC","Riptide32",2,"2020-10-29-Flowcell Sample-Barcode list (KN04 Pool).xlsx","NA","NA"
"u01_olivier_george_cocaine","933000320187089","74791_1","74689_2","75355_2","F","933000320187089","u01_olivier_george_cocaine","GTGTTGAC","Riptide32",2,"2020-10-29-Flowcell Sample-Barcode list (KN04 Pool).xlsx","NA","NA"
"u01_olivier_george_cocaine","933000320187078","74595_1","74575_2","75365_2","F","933000320187078","u01_olivier_george_cocaine","CATGCTTC","Riptide32",2,"2020-10-29-Flowcell Sample-Barcode list (KN04 Pool).xlsx","NA","NA"
"u01_olivier_george_cocaine","933000320187080","74753_1","74708_1","75364_2","F","933000320187080","u01_olivier_george_cocaine","AGCTAGCT","Riptide32",2,"2020-10-29-Flowcell Sample-Barcode list (KN04 Pool).xlsx","NA","NA"
"u01_olivier_george_cocaine","933000320186877","74566_1","74599_2","75366_2","F","933000320186877","u01_olivier_george_cocaine","CTCTCACA","Riptide32",2,"2020-10-29-Flowcell Sample-Barcode list (KN04 Pool).xlsx","NA","NA"
"u01_olivier_george_cocaine","933000320186898","74536_1","74539_2","75363_2","F","933000320186898","u01_olivier_george_cocaine","AGTGTCTG","Riptide32",2,"2020-10-29-Flowcell Sample-Barcode list (KN04 Pool).xlsx","NA","NA"
"u01_olivier_george_cocaine","933000320186895","74599_1","74566_2","75358_2","F","933000320186895","u01_olivier_george_cocaine","TCGATGGT","Riptide32",2,"2020-10-29-Flowcell Sample-Barcode list (KN04 Pool).xlsx","NA","NA"
"u01_olivier_george_cocaine","933000320187201","74577_1","74593_2","75361_2","F","933000320187201","u01_olivier_george_cocaine","ACACGTGT","Riptide32",2,"2020-10-29-Flowcell Sample-Barcode list (KN04 Pool).xlsx","NA","NA"
"u01_olivier_george_cocaine","933000320187224","74205_1","74148_2","75367_4","F","933000320187224","u01_olivier_george_cocaine","TCCAAGGT","Riptide32",2,"2020-10-29-Flowcell Sample-Barcode list (KN04 Pool).xlsx","NA","NA"
"u01_olivier_george_cocaine","933000320187215","74543_1","74564_2","75368_2","F","933000320187215","u01_olivier_george_cocaine","TGCACAAC","Riptide32",2,"2020-10-29-Flowcell Sample-Barcode list (KN04 Pool).xlsx","NA","NA"
"u01_olivier_george_cocaine","933000320187196","74512_1","74562_2","75380_2","F","933000320187196","u01_olivier_george_cocaine","CAAGCTTG","Riptide32",2,"2020-10-29-Flowcell Sample-Barcode list (KN04 Pool).xlsx","NA","NA"
"u01_olivier_george_cocaine","933000320187320","74541_1","74506_2","75374_2","F","933000320187320","u01_olivier_george_cocaine","ACTGACTG","Riptide32",2,"2020-10-29-Flowcell Sample-Barcode list (KN04 Pool).xlsx","NA","NA"
"u01_olivier_george_cocaine","933000320186952","74207_1","74155_2","75341_10","F","933000320186952","u01_olivier_george_scrub","CGATCGAT","Riptide32",2,"2020-10-29-Flowcell Sample-Barcode list (KN04 Pool).xlsx","NA","NA"
"u01_olivier_george_cocaine","933000320187183","74127_1","74202_2","75378_10","F","933000320187183","u01_olivier_george_scrub","GATGCATC","Riptide32",2,"2020-10-29-Flowcell Sample-Barcode list (KN04 Pool).xlsx","NA","NA"
"u01_olivier_george_cocaine","933000320187314","74564_1","74543_2","75375_2","F","933000320187314","u01_olivier_george_scrub","TAGGCCAT","Riptide31",1,"2020-10-29-Flowcell Sample-Barcode list (KN04 Pool).xlsx","NA","NA"
"u01_olivier_george_cocaine","933000320187305","74564_1","74543_2","75375_9","F","933000320187305","u01_olivier_george_scrub","GATGCATC","Riptide31",1,"2020-10-29-Flowcell Sample-Barcode list (KN04 Pool).xlsx","NA","NA"
"u01_olivier_george_oxycodone","933000320047902","74128_1","74193_2","74944_5","M","933000320047902","u01_olivier_george_oxycodone","GTACCAAC","Riptide31",1,"2020-10-29-Flowcell Sample-Barcode list (KN04 Pool).xlsx","NA","NA"
"u01_olivier_george_oxycodone","933000320047903","74128_1","74193_2","74944_6","M","933000320047903","u01_olivier_george_oxycodone","GACATCTG","Riptide31",1,"2020-10-29-Flowcell Sample-Barcode list (KN04 Pool).xlsx","NA","NA"
"u01_olivier_george_oxycodone","933000320047656","74196_1","74121_2","74943_5","M","933000320047656","u01_olivier_george_oxycodone","GAACTGCT","Riptide31",1,"2020-10-29-Flowcell Sample-Barcode list (KN04 Pool).xlsx","NA","NA"
"u01_olivier_george_oxycodone","933000320047668","74116_1","74191_2","74959_6","M","933000320047668","u01_olivier_george_oxycodone","TCGATGGT","Riptide31",1,"2020-10-29-Flowcell Sample-Barcode list (KN04 Pool).xlsx","NA","NA"
"u01_olivier_george_oxycodone","933000320047905","73733_1","73675_2","74941_5","M","933000320047905","u01_olivier_george_oxycodone","ATGCATGC","Riptide31",1,"2020-10-29-Flowcell Sample-Barcode list (KN04 Pool).xlsx","NA","NA"
"u01_olivier_george_oxycodone","933000320047925","73733_1","73675_2","74941_6","M","933000320047925","u01_olivier_george_oxycodone","AACCTTGG","Riptide31",1,"2020-10-29-Flowcell Sample-Barcode list (KN04 Pool).xlsx","NA","NA"
"u01_olivier_george_oxycodone","933000320047866","73689_1","73785_2","74954_5","M","933000320047866","u01_olivier_george_oxycodone","CTCTACAC","Riptide31",1,"2020-10-29-Flowcell Sample-Barcode list (KN04 Pool).xlsx","NA","NA"
"u01_olivier_george_oxycodone","933000320047943","74164_1","74200_2","74928_8","M","933000320047943","u01_olivier_george_oxycodone","GTACTGCA","Riptide31",1,"2020-10-29-Flowcell Sample-Barcode list (KN04 Pool).xlsx","NA","NA"
"u01_olivier_george_oxycodone","933000320047661","74127_1","74202_2","74955_7","M","933000320047661","u01_olivier_george_oxycodone","CATGCTTC","Riptide31",1,"2020-10-29-Flowcell Sample-Barcode list (KN04 Pool).xlsx","NA","NA"
"u01_olivier_george_oxycodone","933000320047669","74125_1","74177_2","74956_7","M","933000320047669","u01_olivier_george_oxycodone","TGGTCTAG","Riptide31",1,"2020-10-29-Flowcell Sample-Barcode list (KN04 Pool).xlsx","NA","NA"
"u01_olivier_george_oxycodone","933000320047672","74125_1","74177_2","74956_8","M","933000320047672","u01_olivier_george_oxycodone","TGCACTAG","Riptide31",1,"2020-10-29-Flowcell Sample-Barcode list (KN04 Pool).xlsx","NA","NA"
"u01_olivier_george_oxycodone","933000320047881","73727_1","73782_2","74957_1","M","933000320047881","u01_olivier_george_oxycodone","GACTTCAG","Riptide31",1,"2020-10-29-Flowcell Sample-Barcode list (KN04 Pool).xlsx","NA","NA"
"u01_olivier_george_oxycodone","933000320047876","73727_1","73782_2","74957_2","M","933000320047876","u01_olivier_george_oxycodone","CTCTCAGT","Riptide31",1,"2020-10-29-Flowcell Sample-Barcode list (KN04 Pool).xlsx","NA","NA"
"u01_olivier_george_oxycodone","933000320047894","73874_1","73737_2","74958_5","M","933000320047894","u01_olivier_george_oxycodone","CTCATGAG","Riptide31",1,"2020-10-29-Flowcell Sample-Barcode list (KN04 Pool).xlsx","NA","NA"
"u01_olivier_george_oxycodone","933000320047890","73874_1","73737_2","74958_6","M","933000320047890","u01_olivier_george_oxycodone","TGACTGAC","Riptide31",1,"2020-10-29-Flowcell Sample-Barcode list (KN04 Pool).xlsx","NA","NA"
"u01_olivier_george_oxycodone","933000320047896","74207_1","74961_1","74961_8","M","933000320047896","u01_olivier_george_oxycodone","CTGTACAG","Riptide31",1,"2020-10-29-Flowcell Sample-Barcode list (KN04 Pool).xlsx","NA","NA"
"u01_olivier_george_oxycodone","933000320047895","74117_1","74135_2","74972_3","M","933000320047895","u01_olivier_george_oxycodone","TGACCACA","Riptide31",1,"2020-10-29-Flowcell Sample-Barcode list (KN04 Pool).xlsx","NA","NA"
"u01_olivier_george_oxycodone","933000320186911","74115_1","74123_2","74974_3","M","933000320186911","u01_olivier_george_oxycodone","TACCATGG","Riptide31",1,"2020-10-29-Flowcell Sample-Barcode list (KN04 Pool).xlsx","NA","NA"
"u01_olivier_george_oxycodone","933000320186847","74123_1","74197_2","74977_3","M","933000320186847","u01_olivier_george_oxycodone","CTTCCATG","Riptide31",1,"2020-10-29-Flowcell Sample-Barcode list (KN04 Pool).xlsx","NA","NA"
"u01_olivier_george_oxycodone","933000320186845","74236_1","74127_2","74976_3","M","933000320186845","u01_olivier_george_oxycodone","GCCGTTAA","Riptide31",1,"2020-10-29-Flowcell Sample-Barcode list (KN04 Pool).xlsx","NA","NA"
"u01_olivier_george_oxycodone","933000320186835","73770_1","73670_2","74973_3","M","933000320186835","u01_olivier_george_oxycodone","CCATATGG","Riptide31",1,"2020-10-29-Flowcell Sample-Barcode list (KN04 Pool).xlsx","NA","NA"
"u01_olivier_george_oxycodone","933000320186865","73784_1","73676_2","74975_3","M","933000320186865","u01_olivier_george_oxycodone","CGTACGTA","Riptide31",1,"2020-10-29-Flowcell Sample-Barcode list (KN04 Pool).xlsx","NA","NA"
"u01_olivier_george_oxycodone","933000320186856","74112_1","74111_2","74971_3","M","933000320186856","u01_olivier_george_oxycodone","TGCACAAC","Riptide31",1,"2020-10-29-Flowcell Sample-Barcode list (KN04 Pool).xlsx","NA","NA"
"u01_olivier_george_oxycodone","933000320186809","73698_1","73689_2","74979_3","M","933000320186809","u01_olivier_george_oxycodone","CGTAGCTA","Riptide31",1,"2020-10-29-Flowcell Sample-Barcode list (KN04 Pool).xlsx","NA","NA"
"u01_olivier_george_oxycodone","933000320047917","74128_1","74193_2","74944_7","F","933000320047917","u01_olivier_george_oxycodone","AACCGGTT","Riptide31",1,"2020-10-29-Flowcell Sample-Barcode list (KN04 Pool).xlsx","NA","NA"
"u01_olivier_george_oxycodone","933000320047916","74128_1","74193_2","74944_8","F","933000320047916","u01_olivier_george_oxycodone","GAGACAGT","Riptide31",1,"2020-10-29-Flowcell Sample-Barcode list (KN04 Pool).xlsx","NA","NA"
"u01_olivier_george_oxycodone","933000320047908","73783_1","73725_2","74942_6","F","933000320047908","u01_olivier_george_oxycodone","ACTGACTG","Riptide31",1,"2020-10-29-Flowcell Sample-Barcode list (KN04 Pool).xlsx","NA","NA"
"u01_olivier_george_oxycodone","933000320047901","73733_1","73675_2","74941_7","F","933000320047901","u01_olivier_george_oxycodone","ATCGTAGC","Riptide31",1,"2020-10-29-Flowcell Sample-Barcode list (KN04 Pool).xlsx","NA","NA"
"u01_olivier_george_oxycodone","933000320047856","74179_1","74164_2","74953_3","F","933000320047856","u01_olivier_george_oxycodone","ACTGTGAC","Riptide31",1,"2020-10-29-Flowcell Sample-Barcode list (KN04 Pool).xlsx","NA","NA"
"u01_olivier_george_oxycodone","933000320047868","73689_1","73785_2","74954_7","F","933000320047868","u01_olivier_george_oxycodone","CTACCATC","Riptide31",1,"2020-10-29-Flowcell Sample-Barcode list (KN04 Pool).xlsx","NA","NA"
"u01_olivier_george_oxycodone","933000320047858","73689_1","73785_2","74954_8","F","933000320047858","u01_olivier_george_oxycodone","CAGTCAGT","Riptide31",1,"2020-10-29-Flowcell Sample-Barcode list (KN04 Pool).xlsx","NA","NA"
"u01_olivier_george_oxycodone","933000320047938","74164_1","74200_2","74928_10","F","933000320047938","u01_olivier_george_oxycodone","TGGTCATG","Riptide31",1,"2020-10-29-Flowcell Sample-Barcode list (KN04 Pool).xlsx","NA","NA"
"u01_olivier_george_oxycodone","933000320047671","74127_1","74202_2","74955_9","F","933000320047671","u01_olivier_george_oxycodone","ACCACATG","Riptide31",1,"2020-10-29-Flowcell Sample-Barcode list (KN04 Pool).xlsx","NA","NA"
"u01_olivier_george_oxycodone","933000320047675","74127_1","74202_2","74955_10","F","933000320047675","u01_olivier_george_oxycodone","TACGAACC","Riptide31",1,"2020-10-29-Flowcell Sample-Barcode list (KN04 Pool).xlsx","NA","NA"
"u01_olivier_george_oxycodone","933000320047891","73874_1","73737_2","74958_8","F","933000320047891","u01_olivier_george_oxycodone","CGTAGCAT","Riptide31",1,"2020-10-29-Flowcell Sample-Barcode list (KN04 Pool).xlsx","NA","NA"
"u01_olivier_george_oxycodone","933000320047877","74116_1","74191_2","74959_7","F","933000320047877","u01_olivier_george_oxycodone","CCTAATCC","Riptide31",1,"2020-10-29-Flowcell Sample-Barcode list (KN04 Pool).xlsx","NA","NA"
"u01_olivier_george_oxycodone","933000320047886","74207_1","74961_1","74961_9","F","933000320047886","u01_olivier_george_oxycodone","TAGCTACG","Riptide31",1,"2020-10-29-Flowcell Sample-Barcode list (KN04 Pool).xlsx","NA","NA"
"u01_olivier_george_oxycodone","933000320186794","73667_1","73723_2","74970_6","F","933000320186794","u01_olivier_george_oxycodone","GCTATTCC","Riptide31",1,"2020-10-29-Flowcell Sample-Barcode list (KN04 Pool).xlsx","NA","NA"
"u01_olivier_george_oxycodone","933000320186795","74117_1","74135_2","74972_4","F","933000320186795","u01_olivier_george_oxycodone","AACGTTGC","Riptide31",1,"2020-10-29-Flowcell Sample-Barcode list (KN04 Pool).xlsx","NA","NA"
"u01_olivier_george_oxycodone","933000320186920","74123_1","74197_2","74977_4","F","933000320186920","u01_olivier_george_oxycodone","GATCAGCT","Riptide31",1,"2020-10-29-Flowcell Sample-Barcode list (KN04 Pool).xlsx","NA","NA"
"u01_olivier_george_oxycodone","933000320186841","73770_1","73670_2","74973_4","F","933000320186841","u01_olivier_george_oxycodone","AGTGGTCT","Riptide31",1,"2020-10-29-Flowcell Sample-Barcode list (KN04 Pool).xlsx","NA","NA"
"u01_olivier_george_oxycodone","933000320186853","73784_1","73676_2","74975_4","F","933000320186853","u01_olivier_george_oxycodone","CTTGTCCA","Riptide31",1,"2020-10-29-Flowcell Sample-Barcode list (KN04 Pool).xlsx","NA","NA"
"u01_olivier_george_oxycodone","933000320186859","74112_1","74111_2","74971_4","F","933000320186859","u01_olivier_george_oxycodone","GGTTCCAA","Riptide31",1,"2020-10-29-Flowcell Sample-Barcode list (KN04 Pool).xlsx","NA","NA"
"u01_olivier_george_oxycodone","933000320186820","73698_1","73689_2","74979_4","F","933000320186820","u01_olivier_george_oxycodone","GCTTCCTA","Riptide31",1,"2020-10-29-Flowcell Sample-Barcode list (KN04 Pool).xlsx","NA","NA"
"u01_olivier_george_oxycodone","933000320186823","73698_1","73689_2","74979_5","F","933000320186823","u01_olivier_george_oxycodone","AGGAACGT","Riptide31",1,"2020-10-29-Flowcell Sample-Barcode list (KN04 Pool).xlsx","NA","NA"
"u01_olivier_george_oxycodone","933000320186817","74195_1","74228_2","74994_5","F","933000320186817","u01_olivier_george_oxycodone","ATCCTAGG","Riptide31",1,"2020-10-29-Flowcell Sample-Barcode list (KN04 Pool).xlsx","NA","NA"
"u01_olivier_george_oxycodone","933000320186818","74195_1","74228_2","74994_6","F","933000320186818","u01_olivier_george_oxycodone","CTAGAGCT","Riptide31",1,"2020-10-29-Flowcell Sample-Barcode list (KN04 Pool).xlsx","NA","NA"
"u01_olivier_george_oxycodone","933000320186965","74528_1","74531_2","75357_3","M","933000320186965","u01_olivier_george_oxycodone","GGATTAGG","Riptide31",1,"2020-10-29-Flowcell Sample-Barcode list (KN04 Pool).xlsx","NA","NA"
"u01_olivier_george_oxycodone","933000320187243","74574_1","74551_2","75339_5","M","933000320187243","u01_olivier_george_oxycodone","CCAATACG","Riptide31",1,"2020-10-29-Flowcell Sample-Barcode list (KN04 Pool).xlsx","NA","NA"
"u01_olivier_george_oxycodone","933000320187226","74781_1","74542_2","75340_3","M","933000320187226","u01_olivier_george_oxycodone","GTGTTGAC","Riptide31",1,"2020-10-29-Flowcell Sample-Barcode list (KN04 Pool).xlsx","NA","NA"
"u01_olivier_george_oxycodone","933000320187359","74752_1","74508_2","75337_5","M","933000320187359","u01_olivier_george_oxycodone","CTAGCTAG","Riptide31",1,"2020-10-29-Flowcell Sample-Barcode list (KN04 Pool).xlsx","NA","NA"
"u01_olivier_george_oxycodone","933000320186998","74156_1","74134_2","75351_3","M","933000320186998","u01_olivier_george_oxycodone","TGGTACGT","Riptide31",1,"2020-10-29-Flowcell Sample-Barcode list (KN04 Pool).xlsx","NA","NA"
"u01_olivier_george_oxycodone","933000320186990","74509_1","74794_1","75350_3","M","933000320186990","u01_olivier_george_oxycodone","GAAGTCCT","Riptide31",1,"2020-10-29-Flowcell Sample-Barcode list (KN04 Pool).xlsx","NA","NA"
"u01_olivier_george_oxycodone","933000320186977","74609_1","74703_5","75353_3","M","933000320186977","u01_olivier_george_oxycodone","TCGAGTTG","Riptide31",1,"2020-10-29-Flowcell Sample-Barcode list (KN04 Pool).xlsx","NA","NA"
"u01_olivier_george_oxycodone","933000320187169","74689_1","74692_2","75362_3","M","933000320187169","u01_olivier_george_oxycodone","ACCAACGT","Riptide31",1,"2020-10-29-Flowcell Sample-Barcode list (KN04 Pool).xlsx","NA","NA"
"u01_olivier_george_oxycodone","933000320187170","74842_1","74541_2","75352_3","M","933000320187170","u01_olivier_george_oxycodone","GACATCAC","Riptide31",1,"2020-10-29-Flowcell Sample-Barcode list (KN04 Pool).xlsx","NA","NA"
"u01_olivier_george_oxycodone","933000320187152","74584_1","74563_2","75359_3","M","933000320187152","u01_olivier_george_oxycodone","GTGTCACA","Riptide31",1,"2020-10-29-Flowcell Sample-Barcode list (KN04 Pool).xlsx","NA","NA"
"u01_olivier_george_oxycodone","933000320187086","74561_1","74850_1","75347_3","M","933000320187086","u01_olivier_george_oxycodone","TGACGTGT","Riptide31",1,"2020-10-29-Flowcell Sample-Barcode list (KN04 Pool).xlsx","NA","NA"
"u01_olivier_george_oxycodone","933000320187094","74187_1","74179_2","75346_5","M","933000320187094","u01_olivier_george_oxycodone","AAGGTTCC","Riptide39",9,"2020-10-29-Flowcell Sample-Barcode list (KN04 Pool).xlsx","NA","NA"
"u01_olivier_george_oxycodone","933000320187100","74187_1","74179_2","75346_7","M","933000320187100","u01_olivier_george_oxycodone","GCTACGAT","Riptide31",1,"2020-10-29-Flowcell Sample-Barcode list (KN04 Pool).xlsx","NA","NA"
"u01_olivier_george_oxycodone","933000320187084","74791_1","74689_2","75355_3","M","933000320187084","u01_olivier_george_oxycodone","TGGTGTAC","Riptide31",1,"2020-10-29-Flowcell Sample-Barcode list (KN04 Pool).xlsx","NA","NA"
"u01_olivier_george_oxycodone","933000320186899","74595_1","74575_2","75365_3","M","933000320186899","u01_olivier_george_oxycodone","GGATTAGG","Riptide39",9,"2020-10-29-Flowcell Sample-Barcode list (KN04 Pool).xlsx","NA","NA"
"u01_olivier_george_oxycodone","933000320186890","74753_1","74708_1","75364_3","M","933000320186890","u01_olivier_george_oxycodone","ACACGTGT","Riptide31",1,"2020-10-29-Flowcell Sample-Barcode list (KN04 Pool).xlsx","NA","NA"
"u01_olivier_george_oxycodone","933000320186886","74536_1","74539_2","75363_3","M","933000320186886","u01_olivier_george_oxycodone","TGCACAAC","Riptide39",9,"2020-10-29-Flowcell Sample-Barcode list (KN04 Pool).xlsx","NA","NA"
"u01_olivier_george_oxycodone","933000320187221","74599_1","74566_2","75358_3","M","933000320187221","u01_olivier_george_oxycodone","CAACCTAG","Riptide39",9,"2020-10-29-Flowcell Sample-Barcode list (KN04 Pool).xlsx","NA","NA"
"u01_olivier_george_oxycodone","933000320187206","74205_1","74148_2","75367_5","M","933000320187206","u01_olivier_george_oxycodone","CACTAGAC","Riptide39",9,"2020-10-29-Flowcell Sample-Barcode list (KN04 Pool).xlsx","NA","NA"
"u01_olivier_george_oxycodone","933000320187218","74205_1","74148_2","75367_6","M","933000320187218","u01_olivier_george_oxycodone","CGTACGTA","Riptide39",9,"2020-10-29-Flowcell Sample-Barcode list (KN04 Pool).xlsx","NA","NA"
"u01_olivier_george_oxycodone","933000320187323","74591_1","74595_2","75371_3","M","933000320187323","u01_olivier_george_oxycodone","GTGTCACA","Riptide39",9,"2020-10-29-Flowcell Sample-Barcode list (KN04 Pool).xlsx","NA","NA"
"u01_olivier_george_oxycodone","933000320187324","74541_1","74506_2","75374_3","M","933000320187324","u01_olivier_george_oxycodone","CAGTCAGT","Riptide39",9,"2020-10-29-Flowcell Sample-Barcode list (KN04 Pool).xlsx","NA","NA"
"u01_olivier_george_oxycodone","933000320186974","74528_1","74531_2","75357_4","F","933000320186974","u01_olivier_george_oxycodone","TCCAAGGT","Riptide31",1,"2020-10-29-Flowcell Sample-Barcode list (KN04 Pool).xlsx","NA","NA"
"u01_olivier_george_oxycodone","933000320186967","74763_2","74528_2","75334_4","F","933000320186967","u01_olivier_george_oxycodone","GCGCTATA","Riptide31",1,"2020-10-29-Flowcell Sample-Barcode list (KN04 Pool).xlsx","NA","NA"
"u01_olivier_george_oxycodone","933000320187237","74574_1","74551_2","75339_6","F","933000320187237","u01_olivier_george_oxycodone","GCTTAACG","Riptide31",1,"2020-10-29-Flowcell Sample-Barcode list (KN04 Pool).xlsx","NA","NA"
"u01_olivier_george_oxycodone","933000320187248","74862_3","74718_1","75332_5","F","933000320187248","u01_olivier_george_oxycodone","CACTAGAC","Riptide31",1,"2020-10-29-Flowcell Sample-Barcode list (KN04 Pool).xlsx","NA","NA"
"u01_olivier_george_oxycodone","933000320187231","74862_3","74718_1","75332_6","F","933000320187231","u01_olivier_george_oxycodone","CAACGTAC","Riptide31",1,"2020-10-29-Flowcell Sample-Barcode list (KN04 Pool).xlsx","NA","NA"
"u01_olivier_george_oxycodone","933000320187241","74781_1","74542_2","75340_4","F","933000320187241","u01_olivier_george_oxycodone","CAGTTGAC","Riptide31",1,"2020-10-29-Flowcell Sample-Barcode list (KN04 Pool).xlsx","NA","NA"
"u01_olivier_george_oxycodone","933000320186995","74752_1","74508_2","75337_6","F","933000320186995","u01_olivier_george_oxycodone","GGAAGCAT","Riptide31",1,"2020-10-29-Flowcell Sample-Barcode list (KN04 Pool).xlsx","NA","NA"
"u01_olivier_george_oxycodone","933000320186993","74156_1","74134_2","75351_4","F","933000320186993","u01_olivier_george_oxycodone","ACCTGTTC","Riptide31",1,"2020-10-29-Flowcell Sample-Barcode list (KN04 Pool).xlsx","NA","NA"
"u01_olivier_george_oxycodone","933000320186991","74509_1","74794_1","75350_4","F","933000320186991","u01_olivier_george_oxycodone","GTACAGCT","Riptide31",1,"2020-10-29-Flowcell Sample-Barcode list (KN04 Pool).xlsx","NA","NA"
"u01_olivier_george_oxycodone","933000320187230","74609_1","74703_5","75353_4","F","933000320187230","u01_olivier_george_oxycodone","CTTCCAAC","Riptide31",1,"2020-10-29-Flowcell Sample-Barcode list (KN04 Pool).xlsx","NA","NA"
"u01_olivier_george_oxycodone","933000320187161","74689_1","74692_2","75362_4","F","933000320187161","u01_olivier_george_oxycodone","GTGAACAG","Riptide31",1,"2020-10-29-Flowcell Sample-Barcode list (KN04 Pool).xlsx","NA","NA"
"u01_olivier_george_oxycodone","933000320187166","74814_1","74773_1","75360_4","F","933000320187166","u01_olivier_george_oxycodone","CACATGTG","Riptide31",1,"2020-10-29-Flowcell Sample-Barcode list (KN04 Pool).xlsx","NA","NA"
"u01_olivier_george_oxycodone","933000320187357","74187_1","74179_2","75346_6","F","933000320187357","u01_olivier_george_oxycodone","AGCTCTAG","Riptide31",1,"2020-10-29-Flowcell Sample-Barcode list (KN04 Pool).xlsx","NA","NA"
"u01_olivier_george_oxycodone","933000320187083","74187_1","74179_2","75346_8","F","933000320187083","u01_olivier_george_oxycodone","ACCAAGGA","Riptide31",1,"2020-10-29-Flowcell Sample-Barcode list (KN04 Pool).xlsx","NA","NA"
"u01_olivier_george_oxycodone","933000320187082","74791_1","74689_2","75355_4","F","933000320187082","u01_olivier_george_oxycodone","CTCTCACA","Riptide31",1,"2020-10-29-Flowcell Sample-Barcode list (KN04 Pool).xlsx","NA","NA"
"u01_olivier_george_oxycodone","933000320186885","74753_1","74708_1","75364_4","F","933000320186885","u01_olivier_george_oxycodone","GCCGTATA","Riptide31",1,"2020-10-29-Flowcell Sample-Barcode list (KN04 Pool).xlsx","NA","NA"
"u01_olivier_george_oxycodone","933000320186897","74566_1","74599_2","75366_4","F","933000320186897","u01_olivier_george_oxycodone","CAAGCTTG","Riptide31",1,"2020-10-29-Flowcell Sample-Barcode list (KN04 Pool).xlsx","NA","NA"
"u01_olivier_george_oxycodone","933000320186878","74536_1","74539_2","75363_4","F","933000320186878","u01_olivier_george_oxycodone","GAGTTCAC","Riptide31",1,"2020-10-29-Flowcell Sample-Barcode list (KN04 Pool).xlsx","NA","NA"
"u01_olivier_george_oxycodone","933000320187210","74599_1","74566_2","75358_4","F","933000320187210","u01_olivier_george_oxycodone","GAGTTCTG","Riptide31",1,"2020-10-29-Flowcell Sample-Barcode list (KN04 Pool).xlsx","NA","NA"
"u01_olivier_george_oxycodone","933000320187213","74205_1","74148_2","75367_8","F","933000320187213","u01_olivier_george_oxycodone","CGATCGAT","Riptide31",1,"2020-10-29-Flowcell Sample-Barcode list (KN04 Pool).xlsx","NA","NA"
"u01_olivier_george_oxycodone","933000320187197","74512_1","74562_2","75380_4","F","933000320187197","u01_olivier_george_oxycodone","AGGTAGGT","Riptide31",1,"2020-10-29-Flowcell Sample-Barcode list (KN04 Pool).xlsx","NA","NA"
"u01_olivier_george_oxycodone","933000320187316","74541_1","74506_2","75374_4","F","933000320187316","u01_olivier_george_oxycodone","GAGACACA","Riptide31",1,"2020-10-29-Flowcell Sample-Barcode list (KN04 Pool).xlsx","NA","NA"
"u01_olivier_george_oxycodone","933000320186952","74207_1","74155_2","75341_10","F","933000320186952","u01_olivier_george_scrub","CGATCGAT","Riptide32",2,"2020-10-29-Flowcell Sample-Barcode list (KN04 Pool).xlsx","NA","NA"
"u01_olivier_george_oxycodone","933000320187183","74127_1","74202_2","75378_10","F","933000320187183","u01_olivier_george_scrub","GATGCATC","Riptide32",2,"2020-10-29-Flowcell Sample-Barcode list (KN04 Pool).xlsx","NA","NA"
"u01_olivier_george_oxycodone","933000320187314","74564_1","74543_2","75375_2","F","933000320187314","u01_olivier_george_scrub","TAGGCCAT","Riptide31",1,"2020-10-29-Flowcell Sample-Barcode list (KN04 Pool).xlsx","NA","NA"
"u01_olivier_george_oxycodone","933000320187305","74564_1","74543_2","75375_9","F","933000320187305","u01_olivier_george_scrub","GATGCATC","Riptide31",1,"2020-10-29-Flowcell Sample-Barcode list (KN04 Pool).xlsx","NA","NA"
"u01_peter_kalivas_italy","933000320046158","73171_2","73182_1","73769_1","M","933000320046158","u01_peter_kalivas_italy","AACCTTGG","Riptide39",9,"2020-10-29-Flowcell Sample-Barcode list (KN04 Pool).xlsx","NA","NA"
"u01_peter_kalivas_italy","933000320046172","73190_2","73425_2","73768_3","M","933000320046172","u01_peter_kalivas_italy","GCCGTATA","Riptide39",9,"2020-10-29-Flowcell Sample-Barcode list (KN04 Pool).xlsx","NA","NA"
"u01_peter_kalivas_italy","933000320046152","72778_4","72782_3","73777_1","M","933000320046152","u01_peter_kalivas_italy","GTGAACAG","Riptide39",9,"2020-10-29-Flowcell Sample-Barcode list (KN04 Pool).xlsx","NA","NA"
"u01_peter_kalivas_italy","933000320045969","72790_2","72805_1","73774_1","M","933000320045969","u01_peter_kalivas_italy","GAGTTCTG","Riptide39",9,"2020-10-29-Flowcell Sample-Barcode list (KN04 Pool).xlsx","NA","NA"
"u01_peter_kalivas_italy","933000320045965","73192_2","73167_1","73780_1","M","933000320045965","u01_peter_kalivas_italy","TAGCTACG","Riptide39",9,"2020-10-29-Flowcell Sample-Barcode list (KN04 Pool).xlsx","NA","NA"
"u01_peter_kalivas_italy","933000320045956","73165_2","73168_1","73778_1","M","933000320045956","u01_peter_kalivas_italy","AGGTAGGT","Riptide39",9,"2020-10-29-Flowcell Sample-Barcode list (KN04 Pool).xlsx","NA","NA"
"u01_peter_kalivas_italy","933000320045962","73425_1","73194_1","73785_3","M","933000320045962","u01_peter_kalivas_italy","ACCTGTTC","Riptide39",9,"2020-10-29-Flowcell Sample-Barcode list (KN04 Pool).xlsx","NA","NA"
"u01_peter_kalivas_italy","933000320046239","72785_2","72787_1","73779_1","M","933000320046239","u01_peter_kalivas_italy","GTGTTGAC","Riptide39",9,"2020-10-29-Flowcell Sample-Barcode list (KN04 Pool).xlsx","NA","NA"
"u01_peter_kalivas_italy","933000320046228","73504_4","73505_1","73783_3","M","933000320046228","u01_peter_kalivas_italy","TGGTCTAG","Riptide39",9,"2020-10-29-Flowcell Sample-Barcode list (KN04 Pool).xlsx","NA","NA"
"u01_peter_kalivas_italy","933000320046250","73174_2","73188_1","73790_1","M","933000320046250","u01_peter_kalivas_italy","CATGCTTC","Riptide39",9,"2020-10-29-Flowcell Sample-Barcode list (KN04 Pool).xlsx","NA","NA"
"u01_peter_kalivas_italy","933000320045625","72807_2","72935_1","73789_1","M","933000320045625","u01_peter_kalivas_italy","TGCACTAG","Riptide39",9,"2020-10-29-Flowcell Sample-Barcode list (KN04 Pool).xlsx","NA","NA"
"u01_peter_kalivas_italy","933000320046151","73171_2","73182_1","73769_2","F","933000320046151","u01_peter_kalivas_italy","CGTAGCAT","Riptide39",9,"2020-10-29-Flowcell Sample-Barcode list (KN04 Pool).xlsx","NA","NA"
"u01_peter_kalivas_italy","933000320046169","73190_2","73425_2","73768_4","F","933000320046169","u01_peter_kalivas_italy","TAGGCCAT","Riptide39",9,"2020-10-29-Flowcell Sample-Barcode list (KN04 Pool).xlsx","NA","NA"
"u01_peter_kalivas_italy","933000320046161","73412_1","73169_1","73767_4","F","933000320046161","u01_peter_kalivas_italy","TCCAAGGT","Riptide39",9,"2020-10-29-Flowcell Sample-Barcode list (KN04 Pool).xlsx","NA","NA"
"u01_peter_kalivas_italy","933000320046175","72802_2","72784_1","73775_2","F","933000320046175","u01_peter_kalivas_italy","GAAGTCCT","Riptide39",9,"2020-10-29-Flowcell Sample-Barcode list (KN04 Pool).xlsx","NA","NA"
"u01_peter_kalivas_italy","933000320045974","72790_2","72805_1","73774_2","F","933000320045974","u01_peter_kalivas_italy","GTACAGCT","Riptide39",9,"2020-10-29-Flowcell Sample-Barcode list (KN04 Pool).xlsx","NA","NA"
"u01_peter_kalivas_italy","933000320045959","73169_2","73398_2","73781_2","F","933000320045959","u01_peter_kalivas_italy","AACGTTGC","Riptide39",9,"2020-10-29-Flowcell Sample-Barcode list (KN04 Pool).xlsx","NA","NA"
"u01_peter_kalivas_italy","933000320046230","73425_1","73194_1","73785_4","F","933000320046230","u01_peter_kalivas_italy","CTTGTCCA","Riptide39",9,"2020-10-29-Flowcell Sample-Barcode list (KN04 Pool).xlsx","NA","NA"
"u01_peter_kalivas_italy","933000320046232","72785_2","72787_1","73779_2","F","933000320046232","u01_peter_kalivas_italy","CTAGCTAG","Riptide39",9,"2020-10-29-Flowcell Sample-Barcode list (KN04 Pool).xlsx","NA","NA"
"u01_peter_kalivas_italy","933000320046241","73325_2","73342_2","73788_2","F","933000320046241","u01_peter_kalivas_italy","ATCCTAGG","Riptide39",9,"2020-10-29-Flowcell Sample-Barcode list (KN04 Pool).xlsx","NA","NA"
"u01_peter_kalivas_italy","933000320046226","73504_4","73505_1","73783_4","F","933000320046226","u01_peter_kalivas_italy","ACCAACGT","Riptide39",9,"2020-10-29-Flowcell Sample-Barcode list (KN04 Pool).xlsx","NA","NA"
"u01_peter_kalivas_italy","933000320046236","73174_2","73188_1","73790_2","F","933000320046236","u01_peter_kalivas_italy","GTACTGCA","Riptide39",9,"2020-10-29-Flowcell Sample-Barcode list (KN04 Pool).xlsx","NA","NA"
"u01_peter_kalivas_italy","933000320046249","73398_1","73151_1","73782_4","F","933000320046249","u01_peter_kalivas_italy","AGTGTCTG","Riptide39",9,"2020-10-29-Flowcell Sample-Barcode list (KN04 Pool).xlsx","NA","NA"
"u01_peter_kalivas_italy","933000320045601","72807_2","72935_1","73789_2","F","933000320045601","u01_peter_kalivas_italy","AGGAACGT","Riptide39",9,"2020-10-29-Flowcell Sample-Barcode list (KN04 Pool).xlsx","NA","NA"
"u01_peter_kalivas_italy","933000320045604","73020_2","72789_1","73787_2","F","933000320045604","u01_peter_kalivas_italy","TGGTGTAC","Riptide39",9,"2020-10-29-Flowcell Sample-Barcode list (KN04 Pool).xlsx","NA","NA"
"u01_peter_kalivas_italy","933000320045605","73319_1","73317_1","73786_2","F","933000320045605","u01_peter_kalivas_italy","TCGAGTTG","Riptide39",9,"2020-10-29-Flowcell Sample-Barcode list (KN04 Pool).xlsx","NA","NA"
"u01_peter_kalivas_italy","933000320046655","73411_1","73198_1","74130_1","M","933000320046655","u01_peter_kalivas_italy","TGACTGAC","Riptide39",9,"2020-10-29-Flowcell Sample-Barcode list (KN04 Pool).xlsx","NA","NA"
"u01_peter_kalivas_italy","933000320046657","73734_3","73741_1","74122_3","M","933000320046657","u01_peter_kalivas_italy","CTGTCAGA","Riptide40",10,"2020-10-29-Flowcell Sample-Barcode list (KN04 Pool).xlsx","NA","NA"
"u01_peter_kalivas_italy","933000320046668","73411_1","73198_1","74130_2","F","933000320046668","u01_peter_kalivas_italy","TGGTCTAG","Riptide40",10,"2020-10-29-Flowcell Sample-Barcode list (KN04 Pool).xlsx","NA","NA"
"u01_peter_kalivas_italy","933000320046652","73734_3","73741_1","74122_4","F","933000320046652","u01_peter_kalivas_italy","TGGTACGT","Riptide39",9,"2020-10-29-Flowcell Sample-Barcode list (KN04 Pool).xlsx","NA","NA"
"u01_peter_kalivas_italy","933000320046670","73697_2","73701_1","74116_3","M","933000320046670","u01_peter_kalivas_italy","AGCTAGCT","Riptide39",9,"2020-10-29-Flowcell Sample-Barcode list (KN04 Pool).xlsx","NA","NA"
"u01_peter_kalivas_italy","933000320046664","73701_2","73690_1","74121_3","M","933000320046664","u01_peter_kalivas_italy","CAACCTAG","Riptide40",10,"2020-10-29-Flowcell Sample-Barcode list (KN04 Pool).xlsx","NA","NA"
"u01_peter_kalivas_italy","933000320046671","73697_2","73701_1","74116_4","F","933000320046671","u01_peter_kalivas_italy","GAGTTCAC","Riptide40",10,"2020-10-29-Flowcell Sample-Barcode list (KN04 Pool).xlsx","NA","NA"
"u01_peter_kalivas_italy","933000320046654","73224_2","73223_1","74124_1","M","933000320046654","u01_peter_kalivas_italy","TGGTACGT","Riptide40",10,"2020-10-29-Flowcell Sample-Barcode list (KN04 Pool).xlsx","NA","NA"
"u01_peter_kalivas_italy","933000320046663","73744_2","73734_2","74127_3","M","933000320046663","u01_peter_kalivas_italy","GCTTCCTA","Riptide40",10,"2020-10-29-Flowcell Sample-Barcode list (KN04 Pool).xlsx","NA","NA"
"u01_peter_kalivas_italy","933000320046672","73224_2","73223_1","74124_2","F","933000320046672","u01_peter_kalivas_italy","ATCGTAGC","Riptide40",10,"2020-10-29-Flowcell Sample-Barcode list (KN04 Pool).xlsx","NA","NA"
"u01_peter_kalivas_italy","933000320046666","73744_2","73734_2","74127_4","F","933000320046666","u01_peter_kalivas_italy","GAGTTCAC","Riptide39",9,"2020-10-29-Flowcell Sample-Barcode list (KN04 Pool).xlsx","NA","NA"
"u01_peter_kalivas_italy","933000320046474","73187_2","73379_2","74139_1","M","933000320046474","u01_peter_kalivas_italy","GGTTCCAA","Riptide39",9,"2020-10-29-Flowcell Sample-Barcode list (KN04 Pool).xlsx","NA","NA"
"u01_peter_kalivas_italy","933000320046458","73704_2","73699_1","74125_4","F","933000320046458","u01_peter_kalivas_italy","ACACGTCA","Riptide39",9,"2020-10-29-Flowcell Sample-Barcode list (KN04 Pool).xlsx","NA","NA"
"u01_peter_kalivas_italy","933000320046471","73187_2","73379_2","74139_2","F","933000320046471","u01_peter_kalivas_italy","CTAGAGCT","Riptide39",9,"2020-10-29-Flowcell Sample-Barcode list (KN04 Pool).xlsx","NA","NA"
"u01_peter_kalivas_italy","933000320046464","73437_1","73378_2","74132_1","M","933000320046464","u01_peter_kalivas_italy","CGATCGAT","Riptide39",9,"2020-10-29-Flowcell Sample-Barcode list (KN04 Pool).xlsx","NA","NA"
"u01_peter_kalivas_italy","933000320046475","73435_1","73283_1","74129_2","F","933000320046475","u01_peter_kalivas_italy","GTACAGCT","Riptide40",10,"2020-10-29-Flowcell Sample-Barcode list (KN04 Pool).xlsx","NA","NA"
"u01_peter_kalivas_italy","933000320046946","73437_1","73378_2","74132_2","F","933000320046946","u01_peter_kalivas_italy","GACATCTG","Riptide39",9,"2020-10-29-Flowcell Sample-Barcode list (KN04 Pool).xlsx","NA","NA"
"u01_peter_kalivas_italy","933000320046947","73382_2","73229_1","74131_1","M","933000320046947","u01_peter_kalivas_italy","ATCGTAGC","Riptide39",9,"2020-10-29-Flowcell Sample-Barcode list (KN04 Pool).xlsx","NA","NA"
"u01_peter_kalivas_italy","933000320046934","73511_1","73512_1","74137_1","M","933000320046934","u01_peter_kalivas_italy","CACATGTG","Riptide39",9,"2020-10-29-Flowcell Sample-Barcode list (KN04 Pool).xlsx","NA","NA"
"u01_peter_kalivas_italy","933000320046928","73382_2","73229_1","74131_2","F","933000320046928","u01_peter_kalivas_italy","GCGCTATA","Riptide39",9,"2020-10-29-Flowcell Sample-Barcode list (KN04 Pool).xlsx","NA","NA"
"u01_peter_kalivas_italy","933000320046937","73511_1","73512_1","74137_2","F","933000320046937","u01_peter_kalivas_italy","ATGCATGC","Riptide39",9,"2020-10-29-Flowcell Sample-Barcode list (KN04 Pool).xlsx","NA","NA"
"u01_peter_kalivas_italy","933000320046932","73666_2","73719_1","74140_3","M","933000320046932","u01_peter_kalivas_italy","GCTTAACG","Riptide39",9,"2020-10-29-Flowcell Sample-Barcode list (KN04 Pool).xlsx","NA","NA"
"u01_peter_kalivas_italy","933000320046927","73436_1","73170_1","74151_1","M","933000320046927","u01_peter_kalivas_italy","GAGACAGT","Riptide39",9,"2020-10-29-Flowcell Sample-Barcode list (KN04 Pool).xlsx","NA","NA"
"u01_peter_kalivas_italy","933000320046939","73666_2","73719_1","74140_4","F","933000320046939","u01_peter_kalivas_italy","CTCATGAG","Riptide39",9,"2020-10-29-Flowcell Sample-Barcode list (KN04 Pool).xlsx","NA","NA"
"u01_peter_kalivas_italy","933000320046931","73436_1","73170_1","74151_2","F","933000320046931","u01_peter_kalivas_italy","GATCCTAG","Riptide39",9,"2020-10-29-Flowcell Sample-Barcode list (KN04 Pool).xlsx","NA","NA"
"u01_peter_kalivas_italy","933000320046940","73195_2","73187_1","74149_1","M","933000320046940","u01_peter_kalivas_italy","GCTATTCC","Riptide39",9,"2020-10-29-Flowcell Sample-Barcode list (KN04 Pool).xlsx","NA","NA"
"u01_peter_kalivas_italy","933000320046703","73400_1","73410_2","74154_1","M","933000320046703","u01_peter_kalivas_italy","CCTAATCC","Riptide39",9,"2020-10-29-Flowcell Sample-Barcode list (KN04 Pool).xlsx","NA","NA"
"u01_peter_kalivas_italy","933000320046708","73195_2","73187_1","74149_2","F","933000320046708","u01_peter_kalivas_italy","GTACCAAC","Riptide39",9,"2020-10-29-Flowcell Sample-Barcode list (KN04 Pool).xlsx","NA","NA"
"u01_peter_kalivas_italy","933000320046956","73400_1","73410_2","74154_2","F","933000320046956","u01_peter_kalivas_italy","GACATCAC","Riptide39",9,"2020-10-29-Flowcell Sample-Barcode list (KN04 Pool).xlsx","NA","NA"
"u01_peter_kalivas_italy","933000320046953","73546_1","73556_1","74157_1","M","933000320046953","u01_peter_kalivas_italy","CTTCCATG","Riptide39",9,"2020-10-29-Flowcell Sample-Barcode list (KN04 Pool).xlsx","NA","NA"
"u01_peter_kalivas_italy","933000320046707","73691_2","73723_1","74142_4","F","933000320046707","u01_peter_kalivas_italy","GAACTGCT","Riptide39",9,"2020-10-29-Flowcell Sample-Barcode list (KN04 Pool).xlsx","NA","NA"
"u01_peter_kalivas_italy","933000320046719","73546_1","73556_1","74157_2","F","933000320046719","u01_peter_kalivas_italy","CTCATGAG","Riptide40",10,"2020-10-29-Flowcell Sample-Barcode list (KN04 Pool).xlsx","NA","NA"
"u01_peter_kalivas_italy","933000320046724","73154_2","73437_2","74160_1","M","933000320046724","u01_peter_kalivas_italy","ACCAAGGA","Riptide39",9,"2020-10-29-Flowcell Sample-Barcode list (KN04 Pool).xlsx","NA","NA"
"u01_peter_kalivas_italy","933000320046964","73182_2","73155_1","74158_1","M","933000320046964","u01_peter_kalivas_italy","ACCAAGGA","Riptide40",10,"2020-10-29-Flowcell Sample-Barcode list (KN04 Pool).xlsx","NA","NA"
"u01_peter_kalivas_italy","933000320046969","73182_2","73155_1","74158_2","F","933000320046969","u01_peter_kalivas_italy","GAACCATC","Riptide39",9,"2020-10-29-Flowcell Sample-Barcode list (KN04 Pool).xlsx","NA","NA"
"u01_peter_kalivas_italy","933000320046853","73672_2","73697_1","74478_1","M","933000320046853","u01_peter_kalivas_italy","GGAAGCAT","Riptide39",9,"2020-10-29-Flowcell Sample-Barcode list (KN04 Pool).xlsx","NA","NA"
"u01_peter_kalivas_italy","933000320047068","73728_2","73782_1","74481_1","M","933000320047068","u01_peter_kalivas_italy","CTGTACAG","Riptide39",9,"2020-10-29-Flowcell Sample-Barcode list (KN04 Pool).xlsx","NA","NA"
"u01_peter_kalivas_italy","933000320047056","73728_2","73688_1","74485_1","M","933000320047056","u01_peter_kalivas_italy","GCCGTTAA","Riptide39",9,"2020-10-29-Flowcell Sample-Barcode list (KN04 Pool).xlsx","NA","NA"
"u01_peter_kalivas_italy","933000320047209","73767_2","73726_1","74493_1","M","933000320047209","u01_peter_kalivas_italy","CAAGCTTG","Riptide39",9,"2020-10-29-Flowcell Sample-Barcode list (KN04 Pool).xlsx","NA","NA"
"u01_peter_kalivas_italy","933000320047208","73767_2","73740_1","74495_1","M","933000320047208","u01_peter_kalivas_italy","AACCGGTT","Riptide39",9,"2020-10-29-Flowcell Sample-Barcode list (KN04 Pool).xlsx","NA","NA"
"u01_peter_kalivas_italy","933000320047190","73688_2","73728_1","74499_1","M","933000320047190","u01_peter_kalivas_italy","ACTGACTG","Riptide39",9,"2020-10-29-Flowcell Sample-Barcode list (KN04 Pool).xlsx","NA","NA"
"u01_peter_kalivas_italy","933000320047179","73671_2","74155_1","74512_3","M","933000320047179","u01_peter_kalivas_italy","GACTTCAG","Riptide39",9,"2020-10-29-Flowcell Sample-Barcode list (KN04 Pool).xlsx","NA","NA"
"u01_peter_kalivas_italy","933000320047032","73783_2","73878_1","74516_1","M","933000320047032","u01_peter_kalivas_italy","AGTGGTCT","Riptide39",9,"2020-10-29-Flowcell Sample-Barcode list (KN04 Pool).xlsx","NA","NA"
"u01_peter_kalivas_italy","933000320047034","73768_2","73675_1","74515_1","M","933000320047034","u01_peter_kalivas_italy","CAGTTGAC","Riptide39",9,"2020-10-29-Flowcell Sample-Barcode list (KN04 Pool).xlsx","NA","NA"
"u01_peter_kalivas_italy","933000320047065","73720_2","73782_1","74481_2","F","933000320047065","u01_peter_kalivas_italy","TGGTCATG","Riptide39",9,"2020-10-29-Flowcell Sample-Barcode list (KN04 Pool).xlsx","NA","NA"
"u01_peter_kalivas_italy","933000320047064","74112_2","73669_1","74494_1","F","933000320047064","u01_peter_kalivas_italy","GAAGCTTC","Riptide39",9,"2020-10-29-Flowcell Sample-Barcode list (KN04 Pool).xlsx","NA","NA"
"u01_peter_kalivas_italy","933000320047073","73720_2","73666_1","74483_2","F","933000320047073","u01_peter_kalivas_italy","TACGAACC","Riptide39",9,"2020-10-29-Flowcell Sample-Barcode list (KN04 Pool).xlsx","NA","NA"
"u01_peter_kalivas_italy","933000320047211","73692_2","73858_1","74496_2","F","933000320047211","u01_peter_kalivas_italy","ACTGTGAC","Riptide39",9,"2020-10-29-Flowcell Sample-Barcode list (KN04 Pool).xlsx","NA","NA"
"u01_peter_kalivas_italy","933000320047207","74145_2","73784_1","74501_2","F","933000320047207","u01_peter_kalivas_italy","TGACCACA","Riptide39",9,"2020-10-29-Flowcell Sample-Barcode list (KN04 Pool).xlsx","NA","NA"
"u01_peter_kalivas_italy","933000320047186","74145_2","74155_1","74512_4","F","933000320047186","u01_peter_kalivas_italy","AGCTCTAG","Riptide39",9,"2020-10-29-Flowcell Sample-Barcode list (KN04 Pool).xlsx","Barcode does not match number written on top of tube","NA"
"u01_peter_kalivas_italy","933000320047193","73718_2","73745_1","74514_2","F","933000320047193","u01_peter_kalivas_italy","TACCATGG","Riptide39",9,"2020-10-29-Flowcell Sample-Barcode list (KN04 Pool).xlsx","Barcode does not match number written on top of tube","NA"
"u01_peter_kalivas_italy","933000320047986","73690_2","73672_1","74707_3","M","933000320047986","u01_peter_kalivas_italy","CTCTCACA","Riptide39",9,"2020-10-29-Flowcell Sample-Barcode list (KN04 Pool).xlsx","NA","NA"
"u01_peter_kalivas_italy","933000320047979","74122_2","74201_1","74685_1","M","933000320047979","u01_peter_kalivas_italy","CTCTCAGT","Riptide39",9,"2020-10-29-Flowcell Sample-Barcode list (KN04 Pool).xlsx","NA","NA"
"u01_peter_kalivas_italy","933000320047807","73727_2","73676_1","74704_1","M","933000320047807","u01_peter_kalivas_italy","CAACGTAC","Riptide39",9,"2020-10-29-Flowcell Sample-Barcode list (KN04 Pool).xlsx","NA","NA"
"u01_peter_kalivas_italy","933000320047812","74166_2","74114_1","74696_1","M","933000320047812","u01_peter_kalivas_italy","TGACGTGT","Riptide39",9,"2020-10-29-Flowcell Sample-Barcode list (KN04 Pool).xlsx","NA","NA"
"u01_peter_kalivas_italy","933000320047822","74236_2","74148_1","74700_1","M","933000320047822","u01_peter_kalivas_italy","CTACCATC","Riptide39",9,"2020-10-29-Flowcell Sample-Barcode list (KN04 Pool).xlsx","NA","NA"
"u01_peter_kalivas_italy","933000320047825","74232_2","74121_1","74706_2","M","933000320047825","u01_peter_kalivas_italy","ATCCGGTA","Riptide39",9,"2020-10-29-Flowcell Sample-Barcode list (KN04 Pool).xlsx","NA","NA"
"u01_peter_kalivas_italy","933000320047801","74205_2","74144_1","74708_2","M","933000320047801","u01_peter_kalivas_italy","CTCTACAC","Riptide39",9,"2020-10-29-Flowcell Sample-Barcode list (KN04 Pool).xlsx","NA","NA"
"u01_peter_kalivas_italy","933000320047816","73675_2","73733_1","74713_1","M","933000320047816","u01_peter_kalivas_italy","CCATATGG","Riptide39",9,"2020-10-29-Flowcell Sample-Barcode list (KN04 Pool).xlsx","NA","NA"
"u01_peter_kalivas_italy","933000320047733","74121_2","74196_1","74715_2","M","933000320047733","u01_peter_kalivas_italy","TCGATGGT","Riptide39",9,"2020-10-29-Flowcell Sample-Barcode list (KN04 Pool).xlsx","NA","NA"
"u01_peter_kalivas_italy","933000320047730","73725_2","73783_1","74714_1","M","933000320047730","u01_peter_kalivas_italy","ACAGTCAC","Riptide39",9,"2020-10-29-Flowcell Sample-Barcode list (KN04 Pool).xlsx","NA","NA"
"u01_peter_kalivas_italy","933000320047566","73740_2","73767_1","74712_1","M","933000320047566","u01_peter_kalivas_italy","ACACGTGT","Riptide39",9,"2020-10-29-Flowcell Sample-Barcode list (KN04 Pool).xlsx","NA","NA"
"u01_peter_kalivas_italy","933000320047572","74179_2","74187_1","74728_2","M","933000320047572","u01_peter_kalivas_italy","GCTTCCTA","Riptide39",9,"2020-10-29-Flowcell Sample-Barcode list (KN04 Pool).xlsx","NA","NA"
"u01_peter_kalivas_italy","933000320047741","73699_2","73693_1","74739_1","M","933000320047741","u01_peter_kalivas_italy","GACATCAC","Riptide40",10,"2020-10-29-Flowcell Sample-Barcode list (KN04 Pool).xlsx","NA","NA"
"u01_peter_kalivas_italy","933000320047569","73785_2","73689_1","74729_1","M","933000320047569","u01_peter_kalivas_italy","ACTGACTG","Riptide40",10,"2020-10-29-Flowcell Sample-Barcode list (KN04 Pool).xlsx","NA","NA"
"u01_peter_kalivas_italy","933000320047571","73806_2","73756_1","74754_1","M","933000320047571","u01_peter_kalivas_italy","GACATCTG","Riptide40",10,"2020-10-29-Flowcell Sample-Barcode list (KN04 Pool).xlsx","NA","NA"
"u01_peter_kalivas_italy","933000320047565","74142_2","74143_1","74753_2","M","933000320047565","u01_peter_kalivas_italy","GGTTCCAA","Riptide40",10,"2020-10-29-Flowcell Sample-Barcode list (KN04 Pool).xlsx","NA","NA"
"u01_peter_kalivas_italy","933000320047998","73690_2","73672_1","74707_4","F","933000320047998","u01_peter_kalivas_italy","GATCAGCT","Riptide39",9,"2020-10-29-Flowcell Sample-Barcode list (KN04 Pool).xlsx","NA","NA"
"u01_peter_kalivas_italy","933000320047977","74206_2","74141_1","74695_1","F","933000320047977","u01_peter_kalivas_italy","CGTAGCTA","Riptide39",9,"2020-10-29-Flowcell Sample-Barcode list (KN04 Pool).xlsx","NA","NA"
"u01_peter_kalivas_italy","933000320047818","74166_2","74114_1","74696_2","F","933000320047818","u01_peter_kalivas_italy","CTACCATC","Riptide40",10,"2020-10-29-Flowcell Sample-Barcode list (KN04 Pool).xlsx","NA","NA"
"u01_peter_kalivas_italy","933000320047814","74195_2","74228_1","74703_2","F","933000320047814","u01_peter_kalivas_italy","GATGCATC","Riptide39",9,"2020-10-29-Flowcell Sample-Barcode list (KN04 Pool).xlsx","NA","NA"
"u01_peter_kalivas_italy","933000320047982","74236_2","74148_1","74700_2","F","933000320047982","u01_peter_kalivas_italy","CTGTCAGA","Riptide39",9,"2020-10-29-Flowcell Sample-Barcode list (KN04 Pool).xlsx","NA","NA"
"u01_peter_kalivas_italy","933000320047819","74232_2","74121_1","74706_3","F","933000320047819","u01_peter_kalivas_italy","GAGACACA","Riptide39",9,"2020-10-29-Flowcell Sample-Barcode list (KN04 Pool).xlsx","NA","NA"
"u01_peter_kalivas_italy","933000320047747","74164_2","74179_1","74709_3","F","933000320047747","u01_peter_kalivas_italy","ACCACATG","Riptide39",9,"2020-10-29-Flowcell Sample-Barcode list (KN04 Pool).xlsx","NA","NA"
"u01_peter_kalivas_italy","933000320047746","74121_2","74196_1","74715_3","F","933000320047746","u01_peter_kalivas_italy","CTTCCAAC","Riptide39",9,"2020-10-29-Flowcell Sample-Barcode list (KN04 Pool).xlsx","NA","NA"
"u01_peter_kalivas_italy","933000320047750","73725_2","73783_1","74714_2","F","933000320047750","u01_peter_kalivas_italy","CCAATACG","Riptide39",9,"2020-10-29-Flowcell Sample-Barcode list (KN04 Pool).xlsx","NA","NA"
"u01_peter_kalivas_italy","933000320047743","74179_2","74187_1","74728_3","F","933000320047743","u01_peter_kalivas_italy","GCTACGAT","Riptide39",9,"2020-10-29-Flowcell Sample-Barcode list (KN04 Pool).xlsx","NA","NA"
"u01_peter_kalivas_italy","933000320047551","73699_2","73693_1","74739_2","F","933000320047551","u01_peter_kalivas_italy","CTTGTCCA","Riptide40",10,"2020-10-29-Flowcell Sample-Barcode list (KN04 Pool).xlsx","NA","NA"
"u01_peter_kalivas_italy","933000320047559","73785_2","73689_1","74729_2","F","933000320047559","u01_peter_kalivas_italy","GATGCATC","Riptide40",10,"2020-10-29-Flowcell Sample-Barcode list (KN04 Pool).xlsx","NA","NA"
"u01_peter_kalivas_italy","933000320047558","73723_2","73667_1","74736_2","F","933000320047558","u01_peter_kalivas_italy","CGTAGCTA","Riptide40",10,"2020-10-29-Flowcell Sample-Barcode list (KN04 Pool).xlsx","NA","NA"
"u01_peter_kalivas_italy","933000320047553","74142_2","74143_1","74753_3","F","933000320047553","u01_peter_kalivas_italy","CTTCCAAC","Riptide40",10,"2020-10-29-Flowcell Sample-Barcode list (KN04 Pool).xlsx","NA","NA"
"u01_peter_kalivas_italy","933000320186861","74191_2","74116_1","75082_1","M","933000320186861","u01_peter_kalivas_italy","ACTGTGAC","Riptide40",10,"2020-10-29-Flowcell Sample-Barcode list (KN04 Pool).xlsx","NA","NA"
"u01_peter_kalivas_italy","933000320186926","74177_2","74125_1","75064_1","M","933000320186926","u01_peter_kalivas_italy","GAACCATC","Riptide40",10,"2020-10-29-Flowcell Sample-Barcode list (KN04 Pool).xlsx","NA","NA"
"u01_peter_kalivas_italy","933000320186950","74604_10","74637_1","75081_3","M","933000320186950","u01_peter_kalivas_italy","GTGTCACA","Riptide40",10,"2020-10-29-Flowcell Sample-Barcode list (KN04 Pool).xlsx","NA","NA"
"u01_peter_kalivas_italy","933000320186937","74135_2","74117_1","75084_1","M","933000320186937","u01_peter_kalivas_italy","GGATTAGG","Riptide40",10,"2020-10-29-Flowcell Sample-Barcode list (KN04 Pool).xlsx","NA","NA"
"u01_peter_kalivas_italy","933000320186942","74544_2","74513_1","75086_3","M","933000320186942","u01_peter_kalivas_italy","GTGAACAG","Riptide40",10,"2020-10-29-Flowcell Sample-Barcode list (KN04 Pool).xlsx","NA","NA"
"u01_peter_kalivas_italy","933000320187109","74202_2","74127_1","75102_1","M","933000320187109","u01_peter_kalivas_italy","ATCCGGTA","Riptide40",10,"2020-10-29-Flowcell Sample-Barcode list (KN04 Pool).xlsx","NA","NA"
"u01_peter_kalivas_italy","933000320187122","74114_2","74146_1","75087_1","M","933000320187122","u01_peter_kalivas_italy","CCATATGG","Riptide40",10,"2020-10-29-Flowcell Sample-Barcode list (KN04 Pool).xlsx","NA","NA"
"u01_peter_kalivas_italy","933000320187117","73724_2","73785_1","75101_1","M","933000320187117","u01_peter_kalivas_italy","CCTAATCC","Riptide40",10,"2020-10-29-Flowcell Sample-Barcode list (KN04 Pool).xlsx","NA","NA"
"u01_peter_kalivas_italy","933000320187124","74561_2","74604_9","75113_3","M","933000320187124","u01_peter_kalivas_italy","CAAGCTTG","Riptide40",10,"2020-10-29-Flowcell Sample-Barcode list (KN04 Pool).xlsx","NA","NA"
"u01_peter_kalivas_italy","933000320187021","74228_2","74195_1","75121_1","M","933000320187021","u01_peter_kalivas_italy","GCTACGAT","Riptide40",10,"2020-10-29-Flowcell Sample-Barcode list (KN04 Pool).xlsx","NA","NA"
"u01_peter_kalivas_italy","933000320187125","74127_2","74236_1","75106_1","M","933000320187125","u01_peter_kalivas_italy","CTTCCATG","Riptide40",10,"2020-10-29-Flowcell Sample-Barcode list (KN04 Pool).xlsx","NA","NA"
"u01_peter_kalivas_italy","933000320187008","74208_2","74217_3","75120_1","M","933000320187008","u01_peter_kalivas_italy","GCCGTTAA","Riptide40",10,"2020-10-29-Flowcell Sample-Barcode list (KN04 Pool).xlsx","NA","NA"
"u01_peter_kalivas_italy","933000320187009","74134_2","74156_1","75117_1","M","933000320187009","u01_peter_kalivas_italy","ATCCTAGG","Riptide40",10,"2020-10-29-Flowcell Sample-Barcode list (KN04 Pool).xlsx","NA","NA"
"u01_peter_kalivas_italy","933000320187001","74204_2","74145_1","75116_1","M","933000320187001","u01_peter_kalivas_italy","AAGGTTCC","Riptide40",10,"2020-10-29-Flowcell Sample-Barcode list (KN04 Pool).xlsx","NA","NA"
"u01_peter_kalivas_italy","933000320187007","74237_1","74339_1","75115_1","M","933000320187007","u01_peter_kalivas_italy","CTAGAGCT","Riptide40",10,"2020-10-29-Flowcell Sample-Barcode list (KN04 Pool).xlsx","NA","NA"
"u01_peter_kalivas_italy","933000320187045","74502_2","74560_1","75122_1","M","933000320187045","u01_peter_kalivas_italy","TAGCTACG","Riptide40",10,"2020-10-29-Flowcell Sample-Barcode list (KN04 Pool).xlsx","NA","NA"
"u01_peter_kalivas_italy","933000320187046","74136_2","74208_1","75125_1","M","933000320187046","u01_peter_kalivas_italy","TGCACAAC","Riptide40",10,"2020-10-29-Flowcell Sample-Barcode list (KN04 Pool).xlsx","NA","NA"
"u01_peter_kalivas_italy","933000320186868","74156_2","74198_1","75063_2","F","933000320186868","u01_peter_kalivas_italy","CTCTACAC","Riptide40",10,"2020-10-29-Flowcell Sample-Barcode list (KN04 Pool).xlsx","NA","NA"
"u01_peter_kalivas_italy","933000320186935","74123_2","74115_1","75083_2","F","933000320186935","u01_peter_kalivas_italy","GCTATTCC","Riptide40",10,"2020-10-29-Flowcell Sample-Barcode list (KN04 Pool).xlsx","NA","NA"
"u01_peter_kalivas_italy","933000320186944","74177_2","74125_1","75064_2","F","933000320186944","u01_peter_kalivas_italy","TCCAAGGT","Riptide40",10,"2020-10-29-Flowcell Sample-Barcode list (KN04 Pool).xlsx","NA","NA"
"u01_peter_kalivas_italy","933000320186939","74135_2","74117_1","75084_2","F","933000320186939","u01_peter_kalivas_italy","CTCTCACA","Riptide40",10,"2020-10-29-Flowcell Sample-Barcode list (KN04 Pool).xlsx","NA","NA"
"u01_peter_kalivas_italy","933000320186931","74564_2","74543_1","75085_4","F","933000320186931","u01_peter_kalivas_italy","TGGTGTAC","Riptide40",10,"2020-10-29-Flowcell Sample-Barcode list (KN04 Pool).xlsx","NA","NA"
"u01_peter_kalivas_italy","933000320187119","74202_2","74127_1","75102_2","F","933000320187119","u01_peter_kalivas_italy","GACTTCAG","Riptide40",10,"2020-10-29-Flowcell Sample-Barcode list (KN04 Pool).xlsx","NA","NA"
"u01_peter_kalivas_italy","933000320187107","74561_2","74604_9","75113_4","F","933000320187107","u01_peter_kalivas_italy","AGTGTCTG","Riptide40",10,"2020-10-29-Flowcell Sample-Barcode list (KN04 Pool).xlsx","NA","NA"
"u01_peter_kalivas_italy","933000320187102","74228_2","74195_1","75121_2","F","933000320187102","u01_peter_kalivas_italy","TGGTCATG","Riptide40",10,"2020-10-29-Flowcell Sample-Barcode list (KN04 Pool).xlsx","NA","NA"
"u01_peter_kalivas_italy","933000320187012","74127_2","74236_1","75106_2","F","933000320187012","u01_peter_kalivas_italy","GGAAGCAT","Riptide40",10,"2020-10-29-Flowcell Sample-Barcode list (KN04 Pool).xlsx","NA","NA"
"u01_peter_kalivas_italy","933000320187022","74208_2","74217_3","75120_2","F","933000320187022","u01_peter_kalivas_italy","AGGTAGGT","Riptide40",10,"2020-10-29-Flowcell Sample-Barcode list (KN04 Pool).xlsx","NA","NA"
"u01_peter_kalivas_italy","933000320187023","74134_2","74156_1","75117_2","F","933000320187023","u01_peter_kalivas_italy","ACAGTCAC","Riptide40",10,"2020-10-29-Flowcell Sample-Barcode list (KN04 Pool).xlsx","NA","NA"
"u01_peter_kalivas_italy","933000320187010","74204_2","74145_1","75116_2","F","933000320187010","u01_peter_kalivas_italy","GTGTTGAC","Riptide40",10,"2020-10-29-Flowcell Sample-Barcode list (KN04 Pool).xlsx","NA","NA"
"u01_peter_kalivas_italy","933000320187014","74237_1","74339_1","75115_2","F","933000320187014","u01_peter_kalivas_italy","CGTACGTA","Riptide40",10,"2020-10-29-Flowcell Sample-Barcode list (KN04 Pool).xlsx","NA","NA"
"u01_peter_kalivas_italy","933000320187334","74217_4","74147_1","75459_1","M","933000320187334","u01_peter_kalivas_italy","TCGAGTTG","Riptide40",10,"2020-10-29-Flowcell Sample-Barcode list (KN04 Pool).xlsx","NA","NA"
"u01_peter_kalivas_italy","933000320187326","74721_1","74503_1","75460_3","M","933000320187326","u01_peter_kalivas_italy","CCAATACG","Riptide40",10,"2020-10-29-Flowcell Sample-Barcode list (KN04 Pool).xlsx","NA","NA"
"u01_peter_kalivas_italy","933000320187340","74537_2","74593_1","75462_3","M","933000320187340","u01_peter_kalivas_italy","TGACCACA","Riptide40",10,"2020-10-29-Flowcell Sample-Barcode list (KN04 Pool).xlsx","NA","NA"
"u01_peter_kalivas_italy","933000320187342","74591_2","74598_1","75463_3","M","933000320187342","u01_peter_kalivas_italy","GATCAGCT","Riptide40",10,"2020-10-29-Flowcell Sample-Barcode list (KN04 Pool).xlsx","NA","NA"
"u01_peter_kalivas_italy","933000320187252","74194_2","74193_1","75469_3","M","933000320187252","u01_peter_kalivas_italy","CACTAGAC","Riptide40",10,"2020-10-29-Flowcell Sample-Barcode list (KN04 Pool).xlsx","NA","NA"
"u01_peter_kalivas_italy","933000320187271","74774_1","74532_1","75470_3","M","933000320187271","u01_peter_kalivas_italy","TGCACTAG","Riptide40",10,"2020-10-29-Flowcell Sample-Barcode list (KN04 Pool).xlsx","NA","NA"
"u01_peter_kalivas_italy","933000320187275","74780_1","74552_1","75466_3","M","933000320187275","u01_peter_kalivas_italy","CTGTACAG","Riptide40",10,"2020-10-29-Flowcell Sample-Barcode list (KN04 Pool).xlsx","NA","NA"
"u01_peter_kalivas_italy","933000320187263","74550_2","74709_1","75467_3","M","933000320187263","u01_peter_kalivas_italy","TGACTGAC","Riptide40",10,"2020-10-29-Flowcell Sample-Barcode list (KN04 Pool).xlsx","NA","NA"
"u01_peter_kalivas_italy","933000320187440","74697_1","74502_1","75475_3","M","933000320187440","u01_peter_kalivas_italy","CAGTCAGT","Riptide40",10,"2020-10-29-Flowcell Sample-Barcode list (KN04 Pool).xlsx","NA","NA"
"u01_peter_kalivas_italy","933000320187400","74793_1","74830_1","75474_3","M","933000320187400","u01_peter_kalivas_italy","AGCTAGCT","Riptide40",10,"2020-10-29-Flowcell Sample-Barcode list (KN04 Pool).xlsx","NA","NA"
"u01_peter_kalivas_italy","933000320187394","74509_2","74567_1","75477_3","M","933000320187394","u01_peter_kalivas_italy","GTACCAAC","Riptide40",10,"2020-10-29-Flowcell Sample-Barcode list (KN04 Pool).xlsx","NA","NA"
"u01_peter_kalivas_italy","933000320187389","74541_2","74842_1","75479_3","M","933000320187389","u01_peter_kalivas_italy","ACACGTGT","Riptide40",10,"2020-10-29-Flowcell Sample-Barcode list (KN04 Pool).xlsx","NA","NA"
"u01_peter_kalivas_italy","933000320187378","74552_2","74596_1","75483_3","M","933000320187378","u01_peter_kalivas_italy","TGACGTGT","Riptide40",10,"2020-10-29-Flowcell Sample-Barcode list (KN04 Pool).xlsx","NA","NA"
"u01_peter_kalivas_italy","933000320187380","74703_5","74609_1","75484_1","M","933000320187380","u01_peter_kalivas_italy","GAAGTCCT","Riptide40",10,"2020-10-29-Flowcell Sample-Barcode list (KN04 Pool).xlsx","NA","NA"
"u01_peter_kalivas_italy","933000320187289","74692_2","74689_1","75482_1","M","933000320187289","u01_peter_kalivas_italy","CTCTCAGT","Riptide40",10,"2020-10-29-Flowcell Sample-Barcode list (KN04 Pool).xlsx","NA","NA"
"u01_peter_kalivas_italy","933000320187293","74593_2","74577_1","75481_1","M","933000320187293","u01_peter_kalivas_italy","AACCGGTT","Riptide40",10,"2020-10-29-Flowcell Sample-Barcode list (KN04 Pool).xlsx","NA","NA"
"u01_peter_kalivas_italy","933000320187281","74506_2","74541_1","75497_1","M","933000320187281","u01_peter_kalivas_italy","TACCATGG","Riptide40",10,"2020-10-29-Flowcell Sample-Barcode list (KN04 Pool).xlsx","NA","NA"
"u01_peter_kalivas_italy","933000320187282","74689_2","74791_1","75500_1","M","933000320187282","u01_peter_kalivas_italy","AGCTCTAG","Riptide40",10,"2020-10-29-Flowcell Sample-Barcode list (KN04 Pool).xlsx","NA","NA"
"u01_peter_kalivas_italy","933000320187447","74594_2","74535_1","75495_1","M","933000320187447","u01_peter_kalivas_italy","TACGAACC","Riptide40",10,"2020-10-29-Flowcell Sample-Barcode list (KN04 Pool).xlsx","NA","NA"
"u01_peter_kalivas_italy","933000320187437","74508_2","74752_1","75501_1","M","933000320187437","u01_peter_kalivas_italy","TCGATGGT","Riptide40",10,"2020-10-29-Flowcell Sample-Barcode list (KN04 Pool).xlsx","NA","NA"
"u01_peter_kalivas_italy","933000320187335","74217_4","74147_1","75459_2","F","933000320187335","u01_peter_kalivas_italy","AGGAACGT","Riptide40",10,"2020-10-29-Flowcell Sample-Barcode list (KN04 Pool).xlsx","NA","NA"
"u01_peter_kalivas_italy","933000320187327","74721_1","74503_1","75460_4","F","933000320187327","u01_peter_kalivas_italy","GTACTGCA","Riptide40",10,"2020-10-29-Flowcell Sample-Barcode list (KN04 Pool).xlsx","NA","NA"
"u01_peter_kalivas_italy","933000320187333","74537_2","74593_1","75462_4","F","933000320187333","u01_peter_kalivas_italy","CAGTTGAC","Riptide40",10,"2020-10-29-Flowcell Sample-Barcode list (KN04 Pool).xlsx","NA","NA"
"u01_peter_kalivas_italy","933000320187341","74591_2","74598_1","75463_4","F","933000320187341","u01_peter_kalivas_italy","ACCTGTTC","Riptide40",10,"2020-10-29-Flowcell Sample-Barcode list (KN04 Pool).xlsx","NA","NA"
"u01_peter_kalivas_italy","933000320187253","74194_2","74193_1","75469_4","F","933000320187253","u01_peter_kalivas_italy","GCCGTATA","Riptide40",10,"2020-10-29-Flowcell Sample-Barcode list (KN04 Pool).xlsx","NA","NA"
"u01_peter_kalivas_italy","933000320187268","74774_1","74532_1","75470_4","F","933000320187268","u01_peter_kalivas_italy","AACCTTGG","Riptide40",10,"2020-10-29-Flowcell Sample-Barcode list (KN04 Pool).xlsx","NA","NA"
"u01_peter_kalivas_italy","933000320187266","74550_2","74709_1","75467_4","F","933000320187266","u01_peter_kalivas_italy","TAGGCCAT","Riptide40",10,"2020-10-29-Flowcell Sample-Barcode list (KN04 Pool).xlsx","NA","NA"
"u01_peter_kalivas_italy","933000320187399","74697_1","74502_1","75475_4","F","933000320187399","u01_peter_kalivas_italy","GCTTAACG","Riptide40",10,"2020-10-29-Flowcell Sample-Barcode list (KN04 Pool).xlsx","NA","NA"
"u01_peter_kalivas_italy","933000320187255","74793_1","74830_1","75474_4","F","933000320187255","u01_peter_kalivas_italy","ATGCATGC","Riptide40",10,"2020-10-29-Flowcell Sample-Barcode list (KN04 Pool).xlsx","NA","NA"
"u01_peter_kalivas_italy","933000320187388","74509_2","74567_1","75477_4","F","933000320187388","u01_peter_kalivas_italy","CGTAGCAT","Riptide40",10,"2020-10-29-Flowcell Sample-Barcode list (KN04 Pool).xlsx","NA","NA"
"u01_peter_kalivas_italy","933000320187396","74541_2","74842_1","75479_4","F","933000320187396","u01_peter_kalivas_italy","GAAGCTTC","Riptide40",10,"2020-10-29-Flowcell Sample-Barcode list (KN04 Pool).xlsx","NA","NA"
"u01_peter_kalivas_italy","933000320187287","74552_2","74596_1","75483_4","F","933000320187287","u01_peter_kalivas_italy","CTAGCTAG","Riptide40",10,"2020-10-29-Flowcell Sample-Barcode list (KN04 Pool).xlsx","NA","NA"
"u01_peter_kalivas_italy","933000320048196","74703_5","74609_1","75484_2","F","933000320048196","u01_peter_kalivas_italy","GAGACAGT","Riptide40",10,"2020-10-29-Flowcell Sample-Barcode list (KN04 Pool).xlsx","NA","NA"
"u01_peter_kalivas_italy","933000320187294","74692_2","74689_1","75482_2","F","933000320187294","u01_peter_kalivas_italy","CAACGTAC","Riptide40",10,"2020-10-29-Flowcell Sample-Barcode list (KN04 Pool).xlsx","NA","NA"
"u01_peter_kalivas_italy","933000320187288","74593_2","74577_1","75481_2","F","933000320187288","u01_peter_kalivas_italy","GATCCTAG","Riptide40",10,"2020-10-29-Flowcell Sample-Barcode list (KN04 Pool).xlsx","NA","NA"
"u01_peter_kalivas_italy","933000320187296","74506_2","74541_1","75497_2","F","933000320187296","u01_peter_kalivas_italy","CATGCTTC","Riptide40",10,"2020-10-29-Flowcell Sample-Barcode list (KN04 Pool).xlsx","NA","NA"
"u01_peter_kalivas_italy","933000320187292","74689_2","74791_1","75500_2","F","933000320187292","u01_peter_kalivas_italy","GCGCTATA","Riptide40",10,"2020-10-29-Flowcell Sample-Barcode list (KN04 Pool).xlsx","NA","NA"
"u01_peter_kalivas_italy","933000320187444","74594_2","74535_1","75495_2","F","933000320187444","u01_peter_kalivas_italy","ACACGTCA","Riptide40",10,"2020-10-29-Flowcell Sample-Barcode list (KN04 Pool).xlsx","NA","NA"
"u01_peter_kalivas_italy","933000320187436","74508_2","74752_1","75501_2","F","933000320187436","u01_peter_kalivas_italy","AACGTTGC","Riptide40",10,"2020-10-29-Flowcell Sample-Barcode list (KN04 Pool).xlsx","NA","NA"
